datetime_local,year,month,day,hour,ghi,dhi,dni,fd,regimen_fd,poa,dc,ac,temperature,tcell_pvwatts,wind_speed,albedo
2021-01-01 00:00:00,2021,1,1,0,0.0,0.0,0.0,,,0.0,0.0,0.0,16.7,16.7,1.5,0.15
2021-01-01 01:00:00,2021,1,1,1,0.0,0.0,0.0,,,0.0,0.0,0.0,15.1,15.1,0.0,0.15
2021-01-01 02:00:00,2021,1,1,2,0.0,0.0,0.0,,,0.0,0.0,0.0,13.8,13.8,0.0,0.15
2021-01-01 03:00:00,2021,1,1,3,0.0,0.0,0.0,,,0.0,0.0,0.0,12.7,12.7,0.0,0.15
2021-01-01 04:00:00,2021,1,1,4,0.0,0.0,0.0,,,0.0,0.0,0.0,11.7,11.7,0.0,0.15
2021-01-01 05:00:00,2021,1,1,5,3.0,3.0,0.0,,,2.91,1.532,0.0,10.6,10.724,0.0,0.15
2021-01-01 06:00:00,2021,1,1,6,63.59005520424237,61.0,44.0,0.9592694927544335,alta_fd,54.999,43.888,38.369,13.0,15.584,0.0,0.15
2021-01-01 07:00:00,2021,1,1,7,235.015318548748,155.0,309.0,0.6595314763188475,mixto,223.719,176.785,166.558,18.0,26.949,0.5,0.15
2021-01-01 08:00:00,2021,1,1,8,448.61571984236025,175.0,600.0,0.3900888717441589,mixto,460.899,370.449,353.359,21.0,39.69,0.5,0.15
2021-01-01 09:00:00,2021,1,1,9,670.323154854163,189.0,756.0,0.28195356020652346,baja_fd,706.088,546.926,523.582,24.0,48.979,1.0,0.15
2021-01-01 10:00:00,2021,1,1,10,859.8498043694483,173.0,871.0,0.2011979291277105,baja_fd,907.011,703.069,674.193,26.2,47.098,3.1,0.15
2021-01-01 11:00:00,2021,1,1,11,1000.8426726572136,131.0,965.0,0.13088970282631746,baja_fd,1041.756,790.521,758.546,27.0,50.984,3.1,0.15
2021-01-01 12:00:00,2021,1,1,12,1079.469980458547,143.0,968.0,0.13247241941758783,baja_fd,1101.253,773.85,742.466,29.0,67.841,1.0,0.15
2021-01-01 13:00:00,2021,1,1,13,1085.9125323021483,144.0,959.0,0.1326073654336765,baja_fd,1080.577,816.854,783.946,30.0,51.335,4.1,0.15
2021-01-01 14:00:00,2021,1,1,14,1022.8477491049314,167.0,906.0,0.1632696558663179,baja_fd,990.468,766.418,735.297,29.5,46.634,5.1,0.15
2021-01-01 15:00:00,2021,1,1,15,887.3368393275847,144.0,867.0,0.16228335578755168,baja_fd,818.77,652.239,625.164,29.0,41.479,6.2,0.15
2021-01-01 16:00:00,2021,1,1,16,691.0013401853863,155.0,738.0,0.22431215539815827,baja_fd,596.999,487.669,466.425,27.9,37.018,6.2,0.15
2021-01-01 17:00:00,2021,1,1,17,443.90022896378775,143.0,537.0,0.32214446100604643,mixto,345.042,279.907,266.025,26.0,30.721,7.2,0.15
2021-01-01 18:00:00,2021,1,1,18,181.89100597241912,117.0,175.0,0.6432423603052764,mixto,132.73,101.384,93.828,24.0,26.261,5.1,0.15
2021-01-01 19:00:00,2021,1,1,19,18.0,18.0,0.0,1.0,alta_fd,17.034,10.79,6.444,22.5,23.073,1.0,0.15
2021-01-01 20:00:00,2021,1,1,20,0.0,0.0,0.0,,,0.0,0.0,0.0,19.0,19.0,3.6,0.15
2021-01-01 21:00:00,2021,1,1,21,0.0,0.0,0.0,,,0.0,0.0,0.0,17.0,17.0,3.6,0.15
2021-01-01 22:00:00,2021,1,1,22,0.0,0.0,0.0,,,0.0,0.0,0.0,16.0,16.0,4.1,0.15
2021-01-01 23:00:00,2021,1,1,23,0.0,0.0,0.0,,,0.0,0.0,0.0,15.0,15.0,2.1,0.15
2021-01-02 00:00:00,2021,1,2,0,0.0,0.0,0.0,,,0.0,0.0,0.0,13.6,13.6,1.5,0.15
2021-01-02 01:00:00,2021,1,2,1,0.0,0.0,0.0,,,0.0,0.0,0.0,13.6,13.6,1.5,0.15
2021-01-02 02:00:00,2021,1,2,2,0.0,0.0,0.0,,,0.0,0.0,0.0,12.0,12.0,1.5,0.15
2021-01-02 03:00:00,2021,1,2,3,0.0,0.0,0.0,,,0.0,0.0,0.0,12.0,12.0,1.5,0.15
2021-01-02 04:00:00,2021,1,2,4,0.0,0.0,0.0,,,0.0,0.0,0.0,12.1,12.1,0.0,0.15
2021-01-02 05:00:00,2021,1,2,5,2.0,2.0,0.0,,,1.94,1.004,0.0,10.0,10.062,1.0,0.15
2021-01-02 06:00:00,2021,1,2,6,62.31409875580103,60.0,41.0,0.9628639617356963,alta_fd,53.92,43.489,37.985,11.0,13.168,0.5,0.15
2021-01-02 07:00:00,2021,1,2,7,233.01415651547518,155.0,304.0,0.6651956358269845,mixto,221.742,176.568,166.348,16.1,24.97,0.5,0.15
2021-01-02 08:00:00,2021,1,2,8,445.6139227708157,171.0,605.0,0.3837402542019479,mixto,458.473,373.645,356.441,20.0,36.232,1.0,0.15
2021-01-02 09:00:00,2021,1,2,9,662.4341793012088,159.0,793.0,0.24002384684879416,baja_fd,700.87,548.459,525.061,22.0,46.802,1.0,0.15
2021-01-02 10:00:00,2021,1,2,10,855.7094072050768,178.0,861.0,0.20801454150350487,baja_fd,902.814,672.594,644.798,24.6,56.484,1.0,0.15
2021-01-02 11:00:00,2021,1,2,11,993.3244640804757,147.0,940.0,0.14798789853230734,baja_fd,1033.429,765.854,734.754,28.0,56.509,2.1,0.15
2021-01-02 12:00:00,2021,1,2,12,1072.6013108075529,158.0,946.0,0.14730543251065306,baja_fd,1094.039,818.384,785.422,28.4,53.571,3.1,0.15
2021-01-02 13:00:00,2021,1,2,13,1081.0591533188338,158.0,940.0,0.14615296444689693,baja_fd,1076.079,839.767,806.047,28.8,43.55,7.2,0.15
2021-01-02 14:00:00,2021,1,2,14,1019.6208518653269,140.0,931.0,0.13730594048158148,baja_fd,982.467,769.282,738.06,29.0,43.953,6.2,0.15
2021-01-02 15:00:00,2021,1,2,15,884.8850215162579,148.0,859.0,0.16725336784026557,baja_fd,817.758,657.216,629.964,28.0,39.234,7.2,0.15
2021-01-02 16:00:00,2021,1,2,16,691.1426832859013,143.0,754.0,0.20690373125290826,baja_fd,596.081,491.593,470.211,26.9,34.722,7.7,0.15
2021-01-02 17:00:00,2021,1,2,17,445.3317483976575,144.0,537.0,0.32335444422753273,mixto,346.944,282.463,268.491,25.0,29.994,6.7,0.15
2021-01-02 18:00:00,2021,1,2,18,185.6666285991781,108.0,209.0,0.5816877314724833,mixto,130.197,98.454,91.002,23.0,24.593,8.2,0.15
2021-01-02 19:00:00,2021,1,2,19,18.0,18.0,0.0,1.0,alta_fd,17.034,10.876,6.527,22.5,22.75,6.1,0.15
2021-01-02 20:00:00,2021,1,2,20,0.0,0.0,0.0,,,0.0,0.0,0.0,22.0,22.0,4.1,0.15
2021-01-02 21:00:00,2021,1,2,21,0.0,0.0,0.0,,,0.0,0.0,0.0,19.0,19.0,4.1,0.15
2021-01-02 22:00:00,2021,1,2,22,0.0,0.0,0.0,,,0.0,0.0,0.0,18.0,18.0,3.1,0.15
2021-01-02 23:00:00,2021,1,2,23,0.0,0.0,0.0,,,0.0,0.0,0.0,13.0,13.0,4.6,0.15
2021-01-03 00:00:00,2021,1,3,0,0.0,0.0,0.0,,,0.0,0.0,0.0,17.0,17.0,2.1,0.15
2021-01-03 01:00:00,2021,1,3,1,0.0,0.0,0.0,,,0.0,0.0,0.0,14.5,14.5,2.1,0.15
2021-01-03 02:00:00,2021,1,3,2,0.0,0.0,0.0,,,0.0,0.0,0.0,14.0,14.0,1.0,0.15
2021-01-03 03:00:00,2021,1,3,3,0.0,0.0,0.0,,,0.0,0.0,0.0,14.0,14.0,1.0,0.15
2021-01-03 04:00:00,2021,1,3,4,0.0,0.0,0.0,,,0.0,0.0,0.0,13.2,13.2,0.0,0.15
2021-01-03 05:00:00,2021,1,3,5,2.0,2.0,0.0,,,1.94,0.993,0.0,12.0,12.083,0.0,0.15
2021-01-03 06:00:00,2021,1,3,6,61.104420787316,59.0,39.0,0.9655602530847844,alta_fd,52.873,42.222,36.762,13.0,15.486,0.0,0.15
2021-01-03 07:00:00,2021,1,3,7,230.0218079643966,154.0,299.0,0.6695017370867572,mixto,218.897,173.63,163.514,17.0,25.756,0.5,0.15
2021-01-03 08:00:00,2021,1,3,8,442.9837023465798,176.0,591.0,0.3973058129851961,mixto,455.437,367.624,350.634,20.0,38.466,0.5,0.15
2021-01-03 09:00:00,2021,1,3,9,658.6327680507513,163.0,783.0,0.24748237243404195,baja_fd,697.006,543.431,520.211,23.0,47.664,1.0,0.15
2021-01-03 10:00:00,2021,1,3,10,846.2871061736885,162.0,871.0,0.19142439819560692,baja_fd,894.772,664.902,637.378,25.6,57.204,1.0,0.15
2021-01-03 11:00:00,2021,1,3,11,972.0652301173335,187.0,873.0,0.19237392122072722,baja_fd,1015.446,764.967,733.898,27.0,52.477,2.6,0.15
2021-01-03 12:00:00,2021,1,3,12,1013.8066635829343,323.0,715.0,0.31860118068120885,mixto,1040.49,800.784,768.446,28.0,45.962,5.1,0.15
2021-01-03 13:00:00,2021,1,3,13,937.6522301814572,435.0,512.0,0.46392466844111013,mixto,943.322,734.996,704.989,27.4,42.54,5.7,0.15
2021-01-03 14:00:00,2021,1,3,14,800.0327326880933,423.0,399.0,0.5287283666241115,mixto,783.959,619.868,593.94,27.0,39.586,5.7,0.15
2021-01-03 15:00:00,2021,1,3,15,598.5829232597513,372.0,264.0,0.6214677792245886,mixto,572.372,460.646,440.36,27.0,35.695,6.2,0.15
2021-01-03 16:00:00,2021,1,3,16,365.2091619266107,307.0,80.0,0.8406141795032297,alta_fd,341.297,277.903,264.092,25.9,31.391,5.7,0.15
2021-01-03 17:00:00,2021,1,3,17,227.29441132932826,211.0,29.0,0.9283114299466027,alta_fd,209.064,171.81,161.758,24.0,27.623,5.1,0.15
2021-01-03 18:00:00,2021,1,3,18,94.0,94.0,0.0,1.0,alta_fd,87.256,70.844,64.37,23.0,25.018,3.1,0.15
2021-01-03 19:00:00,2021,1,3,19,11.0,11.0,0.0,1.0,alta_fd,10.394,6.52,2.326,22.0,22.274,2.1,0.15
2021-01-03 20:00:00,2021,1,3,20,0.0,0.0,0.0,,,0.0,0.0,0.0,20.0,20.0,4.6,0.15
2021-01-03 21:00:00,2021,1,3,21,0.0,0.0,0.0,,,0.0,0.0,0.0,18.0,18.0,3.6,0.15
2021-01-03 22:00:00,2021,1,3,22,0.0,0.0,0.0,,,0.0,0.0,0.0,16.4,16.4,2.6,0.15
2021-01-03 23:00:00,2021,1,3,23,0.0,0.0,0.0,,,0.0,0.0,0.0,15.0,15.0,2.6,0.15
2021-01-04 00:00:00,2021,1,4,0,0.0,0.0,0.0,,,0.0,0.0,0.0,15.0,15.0,2.6,0.15
2021-01-04 01:00:00,2021,1,4,1,0.0,0.0,0.0,,,0.0,0.0,0.0,13.7,13.7,3.6,0.15
2021-01-04 02:00:00,2021,1,4,2,0.0,0.0,0.0,,,0.0,0.0,0.0,14.0,14.0,4.1,0.15
2021-01-04 03:00:00,2021,1,4,3,0.0,0.0,0.0,,,0.0,0.0,0.0,12.0,12.0,1.5,0.15
2021-01-04 04:00:00,2021,1,4,4,0.0,0.0,0.0,,,0.0,0.0,0.0,11.6,11.6,0.5,0.15
2021-01-04 05:00:00,2021,1,4,5,2.0,2.0,0.0,,,1.94,0.998,0.0,11.0,11.083,0.0,0.15
2021-01-04 06:00:00,2021,1,4,6,58.4397798643041,57.0,28.0,0.9753630169783795,alta_fd,50.901,40.93,35.516,12.0,14.396,0.0,0.15
2021-01-04 07:00:00,2021,1,4,7,225.26190238004705,155.0,279.0,0.6880879472397166,mixto,214.025,171.91,161.855,14.4,22.966,0.5,0.15
2021-01-04 08:00:00,2021,1,4,8,428.41875494847244,196.0,517.0,0.4574963111117151,mixto,437.859,358.15,341.496,17.0,34.748,0.5,0.15
2021-01-04 09:00:00,2021,1,4,9,620.8763548790207,246.0,594.0,0.3962141545041343,mixto,647.039,517.978,495.661,20.0,40.299,1.5,0.15
2021-01-04 10:00:00,2021,1,4,10,758.219547825436,374.0,490.0,0.4932608254068722,mixto,784.085,620.821,594.859,22.4,40.43,3.1,0.15
2021-01-04 11:00:00,2021,1,4,11,943.1113612492411,309.0,706.0,0.3276389328940964,mixto,981.585,752.732,722.096,25.0,47.567,3.1,0.15
2021-01-04 12:00:00,2021,1,4,12,1051.0806468318347,242.0,838.0,0.23023923114694952,baja_fd,1083.257,827.789,794.494,25.0,48.003,3.6,0.15
2021-01-04 13:00:00,2021,1,4,13,1078.6800174485793,161.0,935.0,0.14925649626922366,baja_fd,1075.309,803.632,771.192,27.0,53.975,2.6,0.15
2021-01-04 14:00:00,2021,1,4,14,1018.9396341290097,141.0,929.0,0.13837914953669153,baja_fd,983.59,760.119,729.221,29.0,47.146,4.6,0.15
2021-01-04 15:00:00,2021,1,4,15,889.8735422116725,148.0,864.0,0.16631576620669491,baja_fd,824.043,658.711,631.407,28.0,40.559,6.2,0.15
2021-01-04 16:00:00,2021,1,4,16,693.0571124918017,144.0,754.0,0.2077750843393926,baja_fd,599.519,490.356,469.017,27.1,36.787,5.7,0.15
2021-01-04 17:00:00,2021,1,4,17,447.2120846778163,144.0,539.0,0.3219948765555866,mixto,349.611,284.059,270.03,26.0,30.786,7.2,0.15
2021-01-04 18:00:00,2021,1,4,18,184.01876356892592,118.0,177.0,0.6412389568947517,mixto,134.986,103.855,96.212,23.0,24.918,6.7,0.15
2021-01-04 19:00:00,2021,1,4,19,19.0,19.0,0.0,1.0,alta_fd,17.984,11.651,7.275,22.0,22.277,5.7,0.15
2021-01-04 20:00:00,2021,1,4,20,0.0,0.0,0.0,,,0.0,0.0,0.0,21.0,21.0,3.6,0.15
2021-01-04 21:00:00,2021,1,4,21,0.0,0.0,0.0,,,0.0,0.0,0.0,19.0,19.0,2.1,0.15
2021-01-04 22:00:00,2021,1,4,22,0.0,0.0,0.0,,,0.0,0.0,0.0,18.0,18.0,2.1,0.15
2021-01-04 23:00:00,2021,1,4,23,0.0,0.0,0.0,,,0.0,0.0,0.0,16.0,16.0,1.5,0.15
2021-01-05 00:00:00,2021,1,5,0,0.0,0.0,0.0,,,0.0,0.0,0.0,14.0,14.0,0.0,0.15
2021-01-05 01:00:00,2021,1,5,1,0.0,0.0,0.0,,,0.0,0.0,0.0,14.1,14.1,0.5,0.15
2021-01-05 02:00:00,2021,1,5,2,0.0,0.0,0.0,,,0.0,0.0,0.0,13.5,13.5,0.5,0.15
2021-01-05 03:00:00,2021,1,5,3,0.0,0.0,0.0,,,0.0,0.0,0.0,13.0,13.0,0.5,0.15
2021-01-05 04:00:00,2021,1,5,4,0.0,0.0,0.0,,,0.0,0.0,0.0,13.0,13.0,2.6,0.15
2021-01-05 05:00:00,2021,1,5,5,2.0,2.0,0.0,,,1.94,0.987,0.0,13.0,13.071,0.5,0.15
2021-01-05 06:00:00,2021,1,5,6,58.660107048309726,57.0,34.0,0.9716995564474075,alta_fd,50.784,40.846,35.435,12.0,13.784,1.0,0.15
2021-01-05 07:00:00,2021,1,5,7,225.56436037714258,152.0,295.0,0.673865320504785,mixto,214.802,171.619,161.574,16.0,23.499,1.0,0.15
2021-01-05 08:00:00,2021,1,5,8,438.4970565726873,171.0,598.0,0.38996841013379585,mixto,452.035,369.87,352.801,19.0,35.001,1.0,0.15
2021-01-05 09:00:00,2021,1,5,9,661.2613521127389,190.0,749.0,0.28732966079591293,baja_fd,698.46,560.811,536.976,21.0,40.319,2.1,0.15
2021-01-05 10:00:00,2021,1,5,10,849.8035156649821,176.0,861.0,0.20710669790801906,baja_fd,898.833,699.549,670.797,23.6,46.179,2.6,0.15
2021-01-05 11:00:00,2021,1,5,11,991.8895323349905,137.0,953.0,0.138120219574745,baja_fd,1035.166,795.406,763.258,26.0,48.01,3.6,0.15
2021-01-05 12:00:00,2021,1,5,12,1073.1978564252029,147.0,960.0,0.1369738106723895,baja_fd,1098.004,832.801,799.328,27.0,50.333,3.6,0.15
2021-01-05 13:00:00,2021,1,5,13,1086.8925305731386,143.0,962.0,0.13156774563957435,baja_fd,1085.07,823.336,790.199,29.0,50.424,4.1,0.15
2021-01-05 14:00:00,2021,1,5,14,1025.8368382031,128.0,950.0,0.12477617807546308,baja_fd,990.913,761.407,730.464,29.0,48.582,4.1,0.15
2021-01-05 15:00:00,2021,1,5,15,890.5975607944365,145.0,868.0,0.16281203360882346,baja_fd,825.382,647.389,620.486,30.0,45.249,4.6,0.15
2021-01-05 16:00:00,2021,1,5,16,694.2471201362459,155.0,740.0,0.22326343963743236,baja_fd,603.045,487.746,466.5,29.0,39.47,5.1,0.15
2021-01-05 17:00:00,2021,1,5,17,447.40944286424923,145.0,537.0,0.3240879295522495,mixto,350.679,281.365,267.431,28.0,34.055,5.1,0.15
2021-01-05 18:00:00,2021,1,5,18,184.4931268933215,118.0,178.0,0.6395902220695221,mixto,135.494,102.115,94.533,27.0,29.838,3.6,0.15
2021-01-05 19:00:00,2021,1,5,19,19.0,19.0,0.0,1.0,alta_fd,17.983,11.471,7.101,25.6,25.997,3.1,0.15
2021-01-05 20:00:00,2021,1,5,20,0.0,0.0,0.0,,,0.0,0.0,0.0,23.0,23.0,1.5,0.15
2021-01-05 21:00:00,2021,1,5,21,0.0,0.0,0.0,,,0.0,0.0,0.0,20.0,20.0,2.6,0.15
2021-01-05 22:00:00,2021,1,5,22,0.0,0.0,0.0,,,0.0,0.0,0.0,19.2,19.2,2.6,0.15
2021-01-05 23:00:00,2021,1,5,23,0.0,0.0,0.0,,,0.0,0.0,0.0,18.0,18.0,0.5,0.15
2021-01-06 00:00:00,2021,1,6,0,0.0,0.0,0.0,,,0.0,0.0,0.0,17.0,17.0,2.1,0.15
2021-01-06 01:00:00,2021,1,6,1,0.0,0.0,0.0,,,0.0,0.0,0.0,15.5,15.5,1.5,0.15
2021-01-06 02:00:00,2021,1,6,2,0.0,0.0,0.0,,,0.0,0.0,0.0,14.0,14.0,0.5,0.15
2021-01-06 03:00:00,2021,1,6,3,0.0,0.0,0.0,,,0.0,0.0,0.0,13.0,13.0,1.5,0.15
2021-01-06 04:00:00,2021,1,6,4,0.0,0.0,0.0,,,0.0,0.0,0.0,14.0,14.0,0.5,0.15
2021-01-06 05:00:00,2021,1,6,5,2.0,2.0,0.0,,,1.94,0.976,0.0,15.0,15.055,1.5,0.15
2021-01-06 06:00:00,2021,1,6,6,52.13853735218867,52.0,3.0,0.9973428991447753,alta_fd,47.312,37.912,32.606,15.0,16.185,2.6,0.15
2021-01-06 07:00:00,2021,1,6,7,143.22176603315074,141.0,9.0,0.9844872319711762,alta_fd,133.329,111.882,103.954,16.9,20.259,2.6,0.15
2021-01-06 08:00:00,2021,1,6,8,328.318009035656,258.0,158.0,0.785823478760133,alta_fd,320.287,266.097,252.705,19.0,27.85,2.1,0.15
2021-01-06 09:00:00,2021,1,6,9,545.7348009649548,340.0,328.0,0.6230132280346065,mixto,553.712,451.634,431.667,20.0,33.901,2.6,0.15
2021-01-06 10:00:00,2021,1,6,10,752.5669834776567,348.0,518.0,0.4624173098743601,mixto,781.839,620.243,594.302,22.2,40.183,3.1,0.15
2021-01-06 11:00:00,2021,1,6,11,872.6418251818798,379.0,551.0,0.4343133563658918,mixto,904.792,715.579,686.259,24.0,39.617,5.1,0.15
2021-01-06 12:00:00,2021,1,6,12,935.6289851829999,416.0,539.0,0.4446206846815829,mixto,959.867,743.738,713.421,25.0,43.907,4.1,0.15
2021-01-06 13:00:00,2021,1,6,13,939.5994015210557,407.0,543.0,0.43316332400929,mixto,948.033,720.284,690.798,27.1,48.869,3.1,0.15
2021-01-06 14:00:00,2021,1,6,14,801.4027503865084,464.0,357.0,0.578984786084422,mixto,788.073,612.012,586.363,27.0,43.708,3.6,0.15
2021-01-06 15:00:00,2021,1,6,15,598.1281866266135,373.0,262.0,0.6236121425804806,mixto,573.324,465.837,445.367,25.0,33.257,6.7,0.15
2021-01-06 16:00:00,2021,1,6,16,363.8754891316716,307.0,78.0,0.8436951901668466,alta_fd,340.735,278.394,264.565,24.2,30.481,4.6,0.15
2021-01-06 17:00:00,2021,1,6,17,228.34661633012033,212.0,29.0,0.9284131440490099,alta_fd,210.278,174.233,164.096,22.0,25.644,5.1,0.15
2021-01-06 18:00:00,2021,1,6,18,95.0,95.0,0.0,1.0,alta_fd,88.224,72.49,65.958,21.0,22.349,6.2,0.15
2021-01-06 19:00:00,2021,1,6,19,11.0,11.0,0.0,1.0,alta_fd,10.394,6.686,2.485,19.2,19.373,5.1,0.15
2021-01-06 20:00:00,2021,1,6,20,0.0,0.0,0.0,,,0.0,0.0,0.0,17.0,17.0,1.5,0.15
2021-01-06 21:00:00,2021,1,6,21,0.0,0.0,0.0,,,0.0,0.0,0.0,16.0,16.0,2.1,0.15
2021-01-06 22:00:00,2021,1,6,22,0.0,0.0,0.0,,,0.0,0.0,0.0,14.8,14.8,2.1,0.15
2021-01-06 23:00:00,2021,1,6,23,0.0,0.0,0.0,,,0.0,0.0,0.0,14.0,14.0,2.6,0.15
2021-01-07 00:00:00,2021,1,7,0,0.0,0.0,0.0,,,0.0,0.0,0.0,12.0,12.0,3.1,0.15
2021-01-07 01:00:00,2021,1,7,1,0.0,0.0,0.0,,,0.0,0.0,0.0,11.9,11.9,2.6,0.15
2021-01-07 02:00:00,2021,1,7,2,0.0,0.0,0.0,,,0.0,0.0,0.0,12.0,12.0,1.5,0.15
2021-01-07 03:00:00,2021,1,7,3,0.0,0.0,0.0,,,0.0,0.0,0.0,11.0,11.0,2.1,0.15
2021-01-07 04:00:00,2021,1,7,4,0.0,0.0,0.0,,,0.0,0.0,0.0,10.2,10.2,1.5,0.15
2021-01-07 05:00:00,2021,1,7,5,1.0,1.0,0.0,,,0.97,0.0,0.0,10.0,10.031,1.0,0.15
2021-01-07 06:00:00,2021,1,7,6,55.21743492122807,54.0,28.0,0.9779519834095004,alta_fd,47.989,38.937,33.594,10.0,11.496,1.5,0.15
2021-01-07 07:00:00,2021,1,7,7,220.1178107247909,150.0,287.0,0.6814532613516774,mixto,209.763,169.343,159.379,13.2,20.522,1.0,0.15
2021-01-07 08:00:00,2021,1,7,8,432.12188624019285,174.0,583.0,0.40266416846862263,mixto,445.797,365.831,348.905,16.0,34.071,0.5,0.15
2021-01-07 09:00:00,2021,1,7,9,647.3295137656627,164.0,773.0,0.25334855975587267,baja_fd,687.412,568.965,544.84,19.3,32.917,4.1,0.15
2021-01-07 10:00:00,2021,1,7,10,840.7778259676037,158.0,876.0,0.1879212261790643,baja_fd,892.369,658.789,631.482,22.7,58.803,0.5,0.15
2021-01-07 11:00:00,2021,1,7,11,983.0963091445328,151.0,930.0,0.15359634513468637,baja_fd,1026.693,776.549,745.069,26.0,51.768,2.6,0.15
2021-01-07 12:00:00,2021,1,7,12,1067.4334432456856,160.0,942.0,0.14989224950035002,baja_fd,1093.176,825.917,792.688,28.0,51.229,3.6,0.15
2021-01-07 13:00:00,2021,1,7,13,1075.8089773464847,162.0,932.0,0.15058435411050194,baja_fd,1075.303,813.678,780.883,29.8,51.029,4.1,0.15
2021-01-07 14:00:00,2021,1,7,14,1016.4181517058828,146.0,921.0,0.14364166928243474,baja_fd,984.138,761.312,730.372,29.4,46.861,4.9,0.15
2021-01-07 15:00:00,2021,1,7,15,889.221626143442,132.0,881.0,0.1484444328828175,baja_fd,822.184,653.074,625.97,29.0,42.258,5.7,0.15
2021-01-07 16:00:00,2021,1,7,16,691.7206596705721,146.0,748.0,0.21106786093324384,baja_fd,601.423,491.591,470.208,28.2,36.91,6.7,0.15
2021-01-07 17:00:00,2021,1,7,17,447.81244442927886,146.0,535.0,0.32602934959985724,mixto,352.604,284.817,270.762,27.0,32.667,5.7,0.15
2021-01-07 18:00:00,2021,1,7,18,188.7583945030696,109.0,213.0,0.5774577617432926,mixto,133.697,99.818,92.318,26.0,28.268,5.1,0.15
2021-01-07 19:00:00,2021,1,7,19,19.0,19.0,0.0,1.0,alta_fd,17.983,11.605,7.23,24.2,24.519,4.6,0.15
2021-01-07 20:00:00,2021,1,7,20,0.0,0.0,0.0,,,0.0,0.0,0.0,23.0,23.0,2.6,0.15
2021-01-07 21:00:00,2021,1,7,21,0.0,0.0,0.0,,,0.0,0.0,0.0,20.0,20.0,3.6,0.15
2021-01-07 22:00:00,2021,1,7,22,0.0,0.0,0.0,,,0.0,0.0,0.0,19.6,19.6,2.6,0.15
2021-01-07 23:00:00,2021,1,7,23,0.0,0.0,0.0,,,0.0,0.0,0.0,18.0,18.0,3.1,0.15
2021-01-08 00:00:00,2021,1,8,0,0.0,0.0,0.0,,,0.0,0.0,0.0,16.0,16.0,2.1,0.15
2021-01-08 01:00:00,2021,1,8,1,0.0,0.0,0.0,,,0.0,0.0,0.0,15.8,15.8,1.5,0.15
2021-01-08 02:00:00,2021,1,8,2,0.0,0.0,0.0,,,0.0,0.0,0.0,15.0,15.0,0.5,0.15
2021-01-08 03:00:00,2021,1,8,3,0.0,0.0,0.0,,,0.0,0.0,0.0,14.0,14.0,1.5,0.15
2021-01-08 04:00:00,2021,1,8,4,0.0,0.0,0.0,,,0.0,0.0,0.0,13.2,13.2,1.0,0.15
2021-01-08 05:00:00,2021,1,8,5,1.0,1.0,0.0,,,0.97,0.0,0.0,13.6,13.631,1.0,0.15
2021-01-08 06:00:00,2021,1,8,6,54.01826678870274,53.0,25.0,0.9811495842196163,alta_fd,46.974,37.482,32.19,14.0,15.291,2.1,0.15
2021-01-08 07:00:00,2021,1,8,7,217.40747481969967,149.0,283.0,0.6853490208814975,mixto,207.272,166.418,156.558,17.0,21.719,3.1,0.15
2021-01-08 08:00:00,2021,1,8,8,429.760094882344,173.0,583.0,0.40255017173561086,mixto,443.904,366.785,349.825,20.0,32.282,2.1,0.15
2021-01-08 09:00:00,2021,1,8,9,646.5206520602198,161.0,779.0,0.24902530102782197,baja_fd,687.584,548.974,525.558,23.0,42.025,2.1,0.15
2021-01-08 10:00:00,2021,1,8,10,838.0293016861704,159.0,873.0,0.18973083599831353,baja_fd,890.272,690.878,662.434,24.7,47.068,2.6,0.15
2021-01-08 11:00:00,2021,1,8,11,981.980824748174,151.0,930.0,0.1537708234157459,baja_fd,1026.526,798.752,766.485,26.0,44.931,4.6,0.15
2021-01-08 12:00:00,2021,1,8,12,1064.8447785291007,162.0,938.0,0.15213484938506722,baja_fd,1091.421,830.424,797.035,28.0,49.545,4.1,0.15
2021-01-08 13:00:00,2021,1,8,13,1077.358416860293,160.0,936.0,0.1485113936978209,baja_fd,1077.991,834.115,800.596,27.0,45.635,5.1,0.15
2021-01-08 14:00:00,2021,1,8,14,1018.9707399682474,142.0,928.0,0.13935630772324722,baja_fd,987.602,779.182,747.609,27.0,42.031,6.2,0.15
2021-01-08 15:00:00,2021,1,8,15,886.8910630849916,151.0,856.0,0.17025766329717715,baja_fd,825.516,664.073,636.579,27.0,38.928,6.7,0.15
2021-01-08 16:00:00,2021,1,8,16,690.7840533540963,147.0,745.0,0.2128016697638614,baja_fd,601.733,494.14,472.667,26.0,35.722,5.7,0.15
2021-01-08 17:00:00,2021,1,8,17,448.58366010343394,146.0,536.0,0.32546883220475636,mixto,353.859,289.413,275.195,24.0,29.688,5.7,0.15
2021-01-08 18:00:00,2021,1,8,18,188.8273599591113,109.0,213.0,0.5772468567245915,mixto,134.066,102.213,94.628,21.0,23.425,4.6,0.15
2021-01-08 19:00:00,2021,1,8,19,19.0,19.0,0.0,1.0,alta_fd,17.983,11.909,7.523,19.2,19.519,4.6,0.15
2021-01-08 20:00:00,2021,1,8,20,0.0,0.0,0.0,,,0.0,0.0,0.0,17.0,17.0,4.6,0.15
2021-01-08 21:00:00,2021,1,8,21,0.0,0.0,0.0,,,0.0,0.0,0.0,16.0,16.0,4.1,0.15
2021-01-08 22:00:00,2021,1,8,22,0.0,0.0,0.0,,,0.0,0.0,0.0,14.6,14.6,3.6,0.15
2021-01-08 23:00:00,2021,1,8,23,0.0,0.0,0.0,,,0.0,0.0,0.0,14.0,14.0,2.1,0.15
2021-01-09 00:00:00,2021,1,9,0,0.0,0.0,0.0,,,0.0,0.0,0.0,13.0,13.0,2.6,0.15
2021-01-09 01:00:00,2021,1,9,1,0.0,0.0,0.0,,,0.0,0.0,0.0,12.5,12.5,2.6,0.15
2021-01-09 02:00:00,2021,1,9,2,0.0,0.0,0.0,,,0.0,0.0,0.0,12.0,12.0,2.1,0.15
2021-01-09 03:00:00,2021,1,9,3,0.0,0.0,0.0,,,0.0,0.0,0.0,12.0,12.0,2.6,0.15
2021-01-09 04:00:00,2021,1,9,4,0.0,0.0,0.0,,,0.0,0.0,0.0,11.6,11.6,2.6,0.15
2021-01-09 05:00:00,2021,1,9,5,1.0,1.0,0.0,,,0.97,0.0,0.0,10.0,10.022,2.6,0.15
2021-01-09 06:00:00,2021,1,9,6,51.79660704720289,51.0,21.0,0.9846204782008804,alta_fd,45.234,36.497,31.24,11.0,12.411,1.5,0.15
2021-01-09 07:00:00,2021,1,9,7,212.403396812687,150.0,261.0,0.706203395288829,alta_fd,202.17,163.969,154.196,12.6,19.662,1.0,0.15
2021-01-09 08:00:00,2021,1,9,8,421.22999489617877,186.0,537.0,0.4415639965189177,mixto,433.628,363.999,347.138,16.0,27.996,2.1,0.15
2021-01-09 09:00:00,2021,1,9,9,633.0143872891757,182.0,726.0,0.2875132124238089,baja_fd,671.784,542.265,519.087,18.0,39.094,1.5,0.15
2021-01-09 10:00:00,2021,1,9,10,820.2515369387353,190.0,812.0,0.23163626210211066,baja_fd,869.452,680.83,652.742,20.7,44.706,2.1,0.15
2021-01-09 11:00:00,2021,1,9,11,977.5195231763125,203.0,868.0,0.20766848660002205,baja_fd,1025.364,800.475,768.147,22.0,43.792,3.6,0.15
2021-01-09 12:00:00,2021,1,9,12,1063.15948383571,163.0,936.0,0.15331660252130938,baja_fd,1090.709,845.206,811.294,25.0,45.103,4.6,0.15
2021-01-09 13:00:00,2021,1,9,13,1075.994591175751,161.0,934.0,0.14962900494144077,baja_fd,1077.679,835.249,801.689,26.6,45.23,5.1,0.15
2021-01-09 14:00:00,2021,1,9,14,1015.3642731848443,147.0,919.0,0.1447756277054265,baja_fd,985.251,774.656,743.243,27.0,42.862,5.7,0.15
2021-01-09 15:00:00,2021,1,9,15,883.9846019422421,154.0,849.0,0.1742111793142547,baja_fd,824.158,661.966,634.547,26.0,39.286,5.7,0.15
2021-01-09 16:00:00,2021,1,9,16,689.6080997024933,150.0,739.0,0.2175148465696852,baja_fd,602.151,494.595,473.106,25.9,35.629,5.7,0.15
2021-01-09 17:00:00,2021,1,9,17,447.62143816066873,146.0,534.0,0.32616847083985046,mixto,353.897,289.93,275.693,24.0,29.378,6.2,0.15
2021-01-09 18:00:00,2021,1,9,18,188.87836953323563,109.0,213.0,0.5770909621327498,mixto,134.418,102.287,94.699,22.0,24.006,6.2,0.15
2021-01-09 19:00:00,2021,1,9,19,19.0,19.0,0.0,1.0,alta_fd,17.983,11.846,7.463,20.2,20.598,3.1,0.15
2021-01-09 20:00:00,2021,1,9,20,0.0,0.0,0.0,,,0.0,0.0,0.0,19.0,19.0,4.6,0.15
2021-01-09 21:00:00,2021,1,9,21,0.0,0.0,0.0,,,0.0,0.0,0.0,18.0,18.0,3.6,0.15
2021-01-09 22:00:00,2021,1,9,22,0.0,0.0,0.0,,,0.0,0.0,0.0,17.4,17.4,3.1,0.15
2021-01-09 23:00:00,2021,1,9,23,0.0,0.0,0.0,,,0.0,0.0,0.0,16.0,16.0,1.5,0.15
2021-01-10 00:00:00,2021,1,10,0,0.0,0.0,0.0,,,0.0,0.0,0.0,16.0,16.0,1.0,0.15
2021-01-10 01:00:00,2021,1,10,1,0.0,0.0,0.0,,,0.0,0.0,0.0,14.7,14.7,0.0,0.15
2021-01-10 02:00:00,2021,1,10,2,0.0,0.0,0.0,,,0.0,0.0,0.0,14.0,14.0,1.5,0.15
2021-01-10 03:00:00,2021,1,10,3,0.0,0.0,0.0,,,0.0,0.0,0.0,14.0,14.0,1.0,0.15
2021-01-10 04:00:00,2021,1,10,4,0.0,0.0,0.0,,,0.0,0.0,0.0,13.6,13.6,1.0,0.15
2021-01-10 05:00:00,2021,1,10,5,1.0,1.0,0.0,,,0.97,0.0,0.0,13.0,13.035,0.5,0.15
2021-01-10 06:00:00,2021,1,10,6,50.77199972179801,50.0,22.0,0.9847947741663095,alta_fd,44.284,35.305,30.091,13.0,14.782,0.5,0.15
2021-01-10 07:00:00,2021,1,10,7,208.69186668057637,138.0,299.0,0.6612619945137714,mixto,200.186,158.512,148.932,15.3,23.287,0.5,0.15
2021-01-10 08:00:00,2021,1,10,8,422.1410024663278,176.0,565.0,0.41692230551340176,mixto,436.472,359.734,343.023,19.0,32.706,1.5,0.15
2021-01-10 09:00:00,2021,1,10,9,638.9089706929653,164.0,767.0,0.2566875838699281,baja_fd,680.773,526.773,504.144,22.0,49.595,0.5,0.15
2021-01-10 10:00:00,2021,1,10,10,833.048301677724,160.0,869.0,0.1920656937632149,baja_fd,886.836,674.271,646.415,24.2,52.002,1.5,0.15
2021-01-10 11:00:00,2021,1,10,11,972.2533686324979,91.0,989.0,0.0935970014976591,baja_fd,1022.414,774.922,743.5,26.0,51.672,2.6,0.15
2021-01-10 12:00:00,2021,1,10,12,1059.6857403590166,168.0,928.0,0.1585375678860059,baja_fd,1087.877,815.708,782.841,28.0,53.029,3.1,0.15
2021-01-10 13:00:00,2021,1,10,13,1073.662493659769,164.0,929.0,0.15274818759941675,baja_fd,1076.341,821.898,788.811,29.0,48.84,4.6,0.15
2021-01-10 14:00:00,2021,1,10,14,1014.4440623223859,150.0,915.0,0.14786423970642815,baja_fd,985.486,754.979,724.264,31.0,49.18,4.6,0.15
2021-01-10 15:00:00,2021,1,10,15,886.6880441867976,136.0,873.0,0.15337976066287076,baja_fd,826.209,650.633,623.615,30.0,44.316,5.1,0.15
2021-01-10 16:00:00,2021,1,10,16,693.9359685942652,114.0,794.0,0.1642802868842993,baja_fd,601.558,490.791,469.437,28.5,37.691,6.2,0.15
2021-01-10 17:00:00,2021,1,10,17,449.96049162062286,129.0,568.0,0.2866918371774834,baja_fd,353.815,286.293,272.185,27.0,32.376,6.2,0.15
2021-01-10 18:00:00,2021,1,10,18,187.78565509009974,109.0,210.0,0.5804490228377759,mixto,134.246,101.48,93.92,24.0,25.9,6.7,0.15
2021-01-10 19:00:00,2021,1,10,19,19.0,19.0,0.0,1.0,alta_fd,17.983,11.704,7.326,22.6,22.878,5.7,0.15
2021-01-10 20:00:00,2021,1,10,20,0.0,0.0,0.0,,,0.0,0.0,0.0,22.0,22.0,4.6,0.15
2021-01-10 21:00:00,2021,1,10,21,0.0,0.0,0.0,,,0.0,0.0,0.0,20.0,20.0,3.6,0.15
2021-01-10 22:00:00,2021,1,10,22,0.0,0.0,0.0,,,0.0,0.0,0.0,18.6,18.6,3.6,0.15
2021-01-10 23:00:00,2021,1,10,23,0.0,0.0,0.0,,,0.0,0.0,0.0,18.0,18.0,1.5,0.15
2021-01-11 00:00:00,2021,1,11,0,0.0,0.0,0.0,,,0.0,0.0,0.0,16.0,16.0,1.5,0.15
2021-01-11 01:00:00,2021,1,11,1,0.0,0.0,0.0,,,0.0,0.0,0.0,15.2,15.2,2.6,0.15
2021-01-11 02:00:00,2021,1,11,2,0.0,0.0,0.0,,,0.0,0.0,0.0,15.0,15.0,1.5,0.15
2021-01-11 03:00:00,2021,1,11,3,0.0,0.0,0.0,,,0.0,0.0,0.0,15.0,15.0,1.0,0.15
2021-01-11 04:00:00,2021,1,11,4,0.0,0.0,0.0,,,0.0,0.0,0.0,14.0,14.0,0.0,0.15
2021-01-11 05:00:00,2021,1,11,5,1.0,1.0,0.0,,,0.97,0.0,0.0,13.0,13.041,0.0,0.15
2021-01-11 06:00:00,2021,1,11,6,46.32038490487325,45.0,41.0,0.9714945178546145,alta_fd,40.48,31.919,26.824,14.0,15.628,0.5,0.15
2021-01-11 07:00:00,2021,1,11,7,207.1180931708343,137.0,300.0,0.6614583878338443,mixto,198.926,156.897,147.374,17.0,23.928,1.0,0.15
2021-01-11 08:00:00,2021,1,11,8,420.33763614135637,176.0,564.0,0.41871101911229414,mixto,435.14,354.7,338.168,20.0,35.397,1.0,0.15
2021-01-11 09:00:00,2021,1,11,9,636.9317581359542,163.0,768.0,0.25591438630260194,baja_fd,679.634,513.475,491.317,23.0,55.212,0.0,0.15
2021-01-11 10:00:00,2021,1,11,10,830.0379693299031,160.0,867.0,0.19276226619990575,baja_fd,884.665,668.32,640.676,25.8,53.534,1.5,0.15
2021-01-11 11:00:00,2021,1,11,11,974.489378416534,155.0,921.0,0.1590576597683008,baja_fd,1021.57,776.875,745.383,27.0,50.518,3.1,0.15
2021-01-11 12:00:00,2021,1,11,12,1059.6791735651368,164.0,933.0,0.1547638229486438,baja_fd,1089.373,833.981,800.466,28.0,48.079,4.6,0.15
2021-01-11 13:00:00,2021,1,11,13,1074.0891644074159,160.0,934.0,0.1489634243617692,baja_fd,1078.131,843.293,809.448,28.2,42.979,7.2,0.15
2021-01-11 14:00:00,2021,1,11,14,1016.8193056514142,145.0,923.0,0.14260154109397769,baja_fd,988.907,781.592,749.934,28.0,41.567,7.2,0.15
2021-01-11 15:00:00,2021,1,11,15,887.0895871531704,151.0,856.0,0.17021956089529364,baja_fd,828.935,665.572,638.024,28.0,39.387,7.2,0.15
2021-01-11 16:00:00,2021,1,11,16,694.3686172964591,145.0,752.0,0.20882280158996958,baja_fd,607.352,497.955,476.347,27.8,36.162,7.2,0.15
2021-01-11 17:00:00,2021,1,11,17,449.0947224864198,145.0,538.0,0.32287175230473714,mixto,356.158,290.3,276.05,26.0,30.879,7.2,0.15
2021-01-11 18:00:00,2021,1,11,18,188.55024888824084,109.0,212.0,0.578095232664516,mixto,134.911,101.545,93.984,25.0,26.91,6.7,0.15
2021-01-11 19:00:00,2021,1,11,19,19.0,19.0,0.0,1.0,alta_fd,17.983,11.653,7.277,23.2,23.463,6.2,0.15
2021-01-11 20:00:00,2021,1,11,20,0.0,0.0,0.0,,,0.0,0.0,0.0,22.0,22.0,4.1,0.15
2021-01-11 21:00:00,2021,1,11,21,0.0,0.0,0.0,,,0.0,0.0,0.0,20.0,20.0,3.1,0.15
2021-01-11 22:00:00,2021,1,11,22,0.0,0.0,0.0,,,0.0,0.0,0.0,18.4,18.4,3.1,0.15
2021-01-11 23:00:00,2021,1,11,23,0.0,0.0,0.0,,,0.0,0.0,0.0,18.2,18.2,2.6,0.15
2021-01-12 00:00:00,2021,1,12,0,0.0,0.0,0.0,,,0.0,0.0,0.0,18.0,18.0,2.1,0.15
2021-01-12 01:00:00,2021,1,12,1,0.0,0.0,0.0,,,0.0,0.0,0.0,16.5,16.5,1.0,0.15
2021-01-12 02:00:00,2021,1,12,2,0.0,0.0,0.0,,,0.0,0.0,0.0,15.0,15.0,1.0,0.15
2021-01-12 03:00:00,2021,1,12,3,0.0,0.0,0.0,,,0.0,0.0,0.0,14.0,14.0,0.5,0.15
2021-01-12 04:00:00,2021,1,12,4,0.0,0.0,0.0,,,0.0,0.0,0.0,13.7,13.7,0.0,0.15
2021-01-12 05:00:00,2021,1,12,5,1.0,1.0,0.0,,,0.97,0.0,0.0,14.0,14.035,0.5,0.15
2021-01-12 06:00:00,2021,1,12,6,47.58553404943218,47.0,20.0,0.987695124975924,alta_fd,41.628,33.099,27.962,13.0,14.462,1.0,0.15
2021-01-12 07:00:00,2021,1,12,7,204.83603950541644,136.0,298.0,0.6639456627279877,mixto,196.952,154.72,145.275,16.8,24.654,0.5,0.15
2021-01-12 08:00:00,2021,1,12,8,418.24727461342405,174.0,567.0,0.41602183818370136,mixto,433.798,350.418,334.038,20.0,37.579,0.5,0.15
2021-01-12 09:00:00,2021,1,12,9,636.8528634550969,159.0,777.0,0.2496652038861575,baja_fd,680.885,532.631,509.794,23.0,47.101,1.0,0.15
2021-01-12 10:00:00,2021,1,12,10,831.5822027836291,153.0,880.0,0.1839866215124007,baja_fd,887.985,680.733,652.648,25.6,50.127,2.1,0.15
2021-01-12 11:00:00,2021,1,12,11,978.399356630894,145.0,938.0,0.14820124217917077,baja_fd,1027.774,780.287,748.675,27.3,50.963,3.1,0.15
2021-01-12 12:00:00,2021,1,12,12,1061.5142588485212,159.0,941.0,0.14978602376238961,baja_fd,1092.883,828.096,794.79,29.0,50.575,4.1,0.15
2021-01-12 13:00:00,2021,1,12,13,1077.3676979857469,154.0,944.0,0.14294098503966596,baja_fd,1082.904,812.684,779.924,30.0,53.015,3.6,0.15
2021-01-12 14:00:00,2021,1,12,14,1019.2606219394822,142.0,929.0,0.13931667420820965,baja_fd,992.434,766.734,735.602,30.0,47.171,5.1,0.15
2021-01-12 15:00:00,2021,1,12,15,886.9214379008596,150.0,857.0,0.16912433682403227,baja_fd,829.839,660.302,632.942,29.0,41.647,6.2,0.15
2021-01-12 16:00:00,2021,1,12,16,692.3132689886818,148.0,745.0,0.2137760557676377,baja_fd,607.083,493.483,472.034,29.0,38.272,6.2,0.15
2021-01-12 17:00:00,2021,1,12,17,446.3531660331946,162.0,503.0,0.3629413037208126,mixto,358.82,289.435,275.216,27.9,33.808,5.5,0.15
2021-01-12 18:00:00,2021,1,12,18,186.16372341266194,119.0,179.0,0.639222281433517,mixto,138.626,105.077,97.39,26.8,29.255,4.8,0.15
2021-01-12 19:00:00,2021,1,12,19,19.0,19.0,0.0,1.0,alta_fd,17.983,11.476,7.105,25.7,26.041,4.1,0.15
2021-01-12 20:00:00,2021,1,12,20,0.0,0.0,0.0,,,0.0,0.0,0.0,22.8,22.8,3.9,0.15
2021-01-12 21:00:00,2021,1,12,21,0.0,0.0,0.0,,,0.0,0.0,0.0,20.0,20.0,3.6,0.15
2021-01-12 22:00:00,2021,1,12,22,0.0,0.0,0.0,,,0.0,0.0,0.0,19.2,19.2,3.1,0.15
2021-01-12 23:00:00,2021,1,12,23,0.0,0.0,0.0,,,0.0,0.0,0.0,19.0,19.0,1.5,0.15
2021-01-13 00:00:00,2021,1,13,0,0.0,0.0,0.0,,,0.0,0.0,0.0,17.0,17.0,1.0,0.15
2021-01-13 01:00:00,2021,1,13,1,0.0,0.0,0.0,,,0.0,0.0,0.0,16.2,16.2,0.0,0.15
2021-01-13 02:00:00,2021,1,13,2,0.0,0.0,0.0,,,0.0,0.0,0.0,14.0,14.0,1.0,0.15
2021-01-13 03:00:00,2021,1,13,3,0.0,0.0,0.0,,,0.0,0.0,0.0,13.0,13.0,1.0,0.15
2021-01-13 04:00:00,2021,1,13,4,0.0,0.0,0.0,,,0.0,0.0,0.0,13.0,13.0,0.5,0.15
2021-01-13 05:00:00,2021,1,13,5,1.0,1.0,0.0,,,0.97,0.0,0.0,13.0,13.035,0.5,0.15
2021-01-13 06:00:00,2021,1,13,6,45.4209547276995,45.0,16.0,0.9907321470844648,alta_fd,39.934,31.537,26.456,14.0,15.402,1.0,0.15
2021-01-13 07:00:00,2021,1,13,7,206.65483534912738,148.0,257.0,0.7161700317825394,alta_fd,197.304,155.104,145.645,18.8,26.688,0.5,0.15
2021-01-13 08:00:00,2021,1,13,8,416.6977732595317,170.0,576.0,0.4079695426980815,mixto,433.349,354.252,337.736,21.0,34.607,1.5,0.15
2021-01-13 09:00:00,2021,1,13,9,639.9140973722923,187.0,739.0,0.292226723505368,baja_fd,682.243,523.085,500.586,24.0,51.651,0.5,0.15
2021-01-13 10:00:00,2021,1,13,10,832.5958184166259,174.0,856.0,0.20898495542639328,baja_fd,888.397,659.381,632.053,26.2,57.583,1.0,0.15
2021-01-13 11:00:00,2021,1,13,11,976.9351682251677,143.0,940.0,0.1463761410696199,baja_fd,1027.643,793.362,761.287,28.0,46.954,4.6,0.15
2021-01-13 12:00:00,2021,1,13,12,1064.8892395499972,146.0,959.0,0.13710346069577803,baja_fd,1098.581,837.189,803.561,29.0,49.251,4.6,0.15
2021-01-13 13:00:00,2021,1,13,13,1075.7575107860778,150.0,947.0,0.1394366281397301,baja_fd,1082.719,819.977,786.959,29.5,50.877,4.1,0.15
2021-01-13 14:00:00,2021,1,13,14,1009.0553711444911,150.0,910.0,0.1486538839091327,baja_fd,983.819,764.192,733.151,30.0,45.839,5.7,0.15
2021-01-13 15:00:00,2021,1,13,15,860.2196606856018,187.0,783.0,0.21738633577725897,baja_fd,810.786,644.223,617.432,30.0,41.711,6.7,0.15
2021-01-13 16:00:00,2021,1,13,16,647.7260580571506,213.0,595.0,0.3288427219353995,mixto,577.361,467.577,447.045,28.3,38.316,5.1,0.15
2021-01-13 17:00:00,2021,1,13,17,443.31210419507136,155.0,510.0,0.3496408027961156,mixto,355.785,285.89,271.796,29.0,34.722,5.7,0.15
2021-01-13 18:00:00,2021,1,13,18,189.27280249344062,109.0,214.0,0.5758883398145778,mixto,135.867,101.268,93.716,27.0,29.306,5.1,0.15
2021-01-13 19:00:00,2021,1,13,19,19.0,19.0,0.0,1.0,alta_fd,17.983,11.482,7.111,25.0,25.318,4.6,0.15
2021-01-13 20:00:00,2021,1,13,20,0.0,0.0,0.0,,,0.0,0.0,0.0,23.0,23.0,4.1,0.15
2021-01-13 21:00:00,2021,1,13,21,0.0,0.0,0.0,,,0.0,0.0,0.0,21.2,21.2,2.8,0.15
2021-01-13 22:00:00,2021,1,13,22,0.0,0.0,0.0,,,0.0,0.0,0.0,19.4,19.4,1.5,0.15
2021-01-13 23:00:00,2021,1,13,23,0.0,0.0,0.0,,,0.0,0.0,0.0,18.0,18.0,1.0,0.15
2021-01-14 00:00:00,2021,1,14,0,0.0,0.0,0.0,,,0.0,0.0,0.0,16.5,16.5,1.0,0.15
2021-01-14 01:00:00,2021,1,14,1,0.0,0.0,0.0,,,0.0,0.0,0.0,15.0,15.0,1.0,0.15
2021-01-14 02:00:00,2021,1,14,2,0.0,0.0,0.0,,,0.0,0.0,0.0,14.0,14.0,0.5,0.15
2021-01-14 03:00:00,2021,1,14,3,0.0,0.0,0.0,,,0.0,0.0,0.0,14.0,14.0,0.0,0.15
2021-01-14 04:00:00,2021,1,14,4,0.0,0.0,0.0,,,0.0,0.0,0.0,13.4,13.4,0.0,0.15
2021-01-14 05:00:00,2021,1,14,5,1.0,1.0,0.0,,,0.97,0.0,0.0,12.0,12.031,1.0,0.15
2021-01-14 06:00:00,2021,1,14,6,44.27966700789888,44.0,12.0,0.9936840760828443,alta_fd,39.028,31.014,25.951,12.0,13.37,1.0,0.15
2021-01-14 07:00:00,2021,1,14,7,204.03516229521045,147.0,253.0,0.7204640530895918,alta_fd,194.967,153.349,143.952,17.3,26.413,0.0,0.15
2021-01-14 08:00:00,2021,1,14,8,412.999935772586,172.0,566.0,0.4164649558074265,mixto,429.791,348.94,332.612,21.0,36.206,1.0,0.15
2021-01-14 09:00:00,2021,1,14,9,632.1486377107628,157.0,778.0,0.24835931082372234,baja_fd,678.022,528.549,505.857,24.0,48.002,1.0,0.15
2021-01-14 10:00:00,2021,1,14,10,830.3310656709992,174.0,855.0,0.20955496812514027,baja_fd,887.141,662.104,634.679,26.5,56.325,1.2,0.15
2021-01-14 11:00:00,2021,1,14,11,975.6719583493757,143.0,940.0,0.1465656553683523,baja_fd,1027.597,746.735,716.312,29.0,61.183,1.5,0.15
2021-01-14 12:00:00,2021,1,14,12,1063.0151755708175,146.0,958.0,0.13734516999872648,baja_fd,1097.976,812.334,779.586,31.0,56.266,3.1,0.15
2021-01-14 13:00:00,2021,1,14,13,1078.9701776369084,145.0,956.0,0.1343874029193001,baja_fd,1087.45,814.296,781.479,32.1,53.572,4.1,0.15
2021-01-14 14:00:00,2021,1,14,14,1021.8341278373573,131.0,944.0,0.12820084633232268,baja_fd,997.313,748.261,717.784,33.0,54.214,3.6,0.15
2021-01-14 15:00:00,2021,1,14,15,889.7352396410189,147.0,864.0,0.16521768887035432,baja_fd,834.54,645.927,619.076,33.0,48.417,4.6,0.15
2021-01-14 16:00:00,2021,1,14,16,696.3543582072563,155.0,741.0,0.22258782209540975,baja_fd,613.54,491.643,470.259,32.4,41.77,6.2,0.15
2021-01-14 17:00:00,2021,1,14,17,450.92575509918294,144.0,543.0,0.31934303678956333,mixto,359.462,285.924,271.829,31.0,37.213,5.1,0.15
2021-01-14 18:00:00,2021,1,14,18,189.23001110529935,109.0,214.0,0.576018567896958,mixto,136.154,101.088,93.542,28.0,30.311,5.1,0.15
2021-01-14 19:00:00,2021,1,14,19,19.0,19.0,0.0,1.0,alta_fd,17.984,11.32,6.956,27.0,27.262,6.2,0.15
2021-01-14 20:00:00,2021,1,14,20,0.0,0.0,0.0,,,0.0,0.0,0.0,25.0,25.0,4.1,0.15
2021-01-14 21:00:00,2021,1,14,21,0.0,0.0,0.0,,,0.0,0.0,0.0,22.0,22.0,2.6,0.15
2021-01-14 22:00:00,2021,1,14,22,0.0,0.0,0.0,,,0.0,0.0,0.0,21.5,21.5,2.1,0.15
2021-01-14 23:00:00,2021,1,14,23,0.0,0.0,0.0,,,0.0,0.0,0.0,20.0,20.0,0.5,0.15
2021-01-15 00:00:00,2021,1,15,0,0.0,0.0,0.0,,,0.0,0.0,0.0,18.0,18.0,0.5,0.15
2021-01-15 01:00:00,2021,1,15,1,0.0,0.0,0.0,,,0.0,0.0,0.0,16.2,16.2,0.0,0.15
2021-01-15 02:00:00,2021,1,15,2,0.0,0.0,0.0,,,0.0,0.0,0.0,16.0,16.0,1.0,0.15
2021-01-15 03:00:00,2021,1,15,3,0.0,0.0,0.0,,,0.0,0.0,0.0,15.2,15.2,0.7,0.15
2021-01-15 04:00:00,2021,1,15,4,0.0,0.0,0.0,,,0.0,0.0,0.0,14.4,14.4,0.5,0.15
2021-01-15 05:00:00,2021,1,15,5,0.0,0.0,0.0,,,0.0,0.0,0.0,13.0,0.0,1.0,0.15
2021-01-15 06:00:00,2021,1,15,6,43.14186597273672,43.0,7.0,0.9967116403164766,alta_fd,39.062,30.512,25.467,15.4,16.77,1.0,0.15
2021-01-15 07:00:00,2021,1,15,7,200.2084606542429,145.0,248.0,0.7242451169454466,alta_fd,191.53,151.7,142.361,17.8,24.485,1.0,0.15
2021-01-15 08:00:00,2021,1,15,8,410.0330464918984,173.0,560.0,0.42191721247867325,mixto,427.175,340.927,324.883,23.0,40.308,0.5,0.15
2021-01-15 09:00:00,2021,1,15,9,629.2488992993074,157.0,776.0,0.24950381347480383,baja_fd,675.953,515.038,492.824,26.0,53.406,0.5,0.15
2021-01-15 10:00:00,2021,1,15,10,823.9020092664961,153.0,876.0,0.18570169544338522,baja_fd,883.327,669.758,642.062,28.4,52.8,2.1,0.15
2021-01-15 11:00:00,2021,1,15,11,969.7734050988606,149.0,928.0,0.1536441391531155,baja_fd,1022.15,768.134,736.952,31.0,53.42,3.4,0.15
2021-01-15 12:00:00,2021,1,15,12,1059.6400257926093,156.0,945.0,0.1472198069182147,baja_fd,1095.137,820.835,787.786,33.0,53.187,4.6,0.15
2021-01-15 13:00:00,2021,1,15,13,1076.3958376425112,145.0,954.0,0.13470880779098376,baja_fd,1086.214,831.689,798.256,32.6,48.263,6.7,0.15
2021-01-15 14:00:00,2021,1,15,14,1012.8884867844702,146.0,919.0,0.1441422248400647,baja_fd,990.054,771.877,740.563,32.0,44.944,7.7,0.15
2021-01-15 15:00:00,2021,1,15,15,887.728866212965,134.0,877.0,0.15094698967224252,baja_fd,832.864,662.34,634.907,31.0,41.905,7.7,0.15
2021-01-15 16:00:00,2021,1,15,16,690.718837463222,148.0,743.0,0.21426952903666885,baja_fd,608.875,493.872,472.409,30.0,38.817,6.7,0.15
2021-01-15 17:00:00,2021,1,15,17,450.01418318272096,146.0,538.0,0.3244342188670953,mixto,360.022,290.543,276.285,28.0,33.791,5.7,0.15
2021-01-15 18:00:00,2021,1,15,18,188.04385902852573,109.0,211.0,0.5796520054582851,mixto,135.904,101.957,94.381,26.0,28.147,5.7,0.15
2021-01-15 19:00:00,2021,1,15,19,18.0,18.0,0.0,1.0,alta_fd,17.032,11.079,6.723,24.2,24.524,4.1,0.15
2021-01-15 20:00:00,2021,1,15,20,0.0,0.0,0.0,,,0.0,0.0,0.0,21.0,21.0,5.1,0.15
2021-01-15 21:00:00,2021,1,15,21,0.0,0.0,0.0,,,0.0,0.0,0.0,19.0,19.0,3.6,0.15
2021-01-15 22:00:00,2021,1,15,22,0.0,0.0,0.0,,,0.0,0.0,0.0,17.4,17.4,3.6,0.15
2021-01-15 23:00:00,2021,1,15,23,0.0,0.0,0.0,,,0.0,0.0,0.0,16.0,16.0,2.1,0.15
2021-01-16 00:00:00,2021,1,16,0,0.0,0.0,0.0,,,0.0,0.0,0.0,15.0,15.0,2.6,0.15
2021-01-16 01:00:00,2021,1,16,1,0.0,0.0,0.0,,,0.0,0.0,0.0,14.6,14.6,2.1,0.15
2021-01-16 02:00:00,2021,1,16,2,0.0,0.0,0.0,,,0.0,0.0,0.0,13.8,13.8,1.3,0.15
2021-01-16 03:00:00,2021,1,16,3,0.0,0.0,0.0,,,0.0,0.0,0.0,13.0,13.0,0.5,0.15
2021-01-16 04:00:00,2021,1,16,4,0.0,0.0,0.0,,,0.0,0.0,0.0,12.8,12.8,0.0,0.15
2021-01-16 05:00:00,2021,1,16,5,0.0,0.0,0.0,,,0.0,0.0,0.0,12.0,0.0,0.0,0.15
2021-01-16 06:00:00,2021,1,16,6,42.08597345224133,42.0,5.0,0.9979571946378074,alta_fd,38.173,29.97,24.945,13.0,14.792,0.0,0.15
2021-01-16 07:00:00,2021,1,16,7,193.5352463411063,132.0,280.0,0.6820463067866703,mixto,186.894,148.009,138.801,15.4,21.905,1.0,0.15
2021-01-16 08:00:00,2021,1,16,8,407.08511571915994,174.0,554.0,0.4274290394838194,mixto,424.6,347.551,331.272,19.0,34.021,1.0,0.15
2021-01-16 09:00:00,2021,1,16,9,624.2797611102444,161.0,764.0,0.25789719614435536,baja_fd,671.251,541.683,518.526,21.0,39.577,2.1,0.15
2021-01-16 10:00:00,2021,1,16,10,820.2793369507876,154.0,872.0,0.18774092319875074,baja_fd,880.624,699.91,671.146,24.0,41.416,4.1,0.15
2021-01-16 11:00:00,2021,1,16,11,967.6001396788038,149.0,927.0,0.15398922952766497,baja_fd,1021.211,806.35,773.814,25.0,41.438,5.7,0.15
2021-01-16 12:00:00,2021,1,16,12,1052.3523199654028,164.0,930.0,0.1558413440903439,baja_fd,1088.351,829.886,796.516,27.6,49.085,4.1,0.15
2021-01-16 13:00:00,2021,1,16,13,1068.3481602201832,162.0,929.0,0.15163596103971602,baja_fd,1078.74,823.623,790.475,27.6,48.897,4.1,0.15
2021-01-16 14:00:00,2021,1,16,14,1014.2612109650182,144.0,923.0,0.1419752608531596,baja_fd,992.704,773.232,741.869,28.0,45.176,5.1,0.15
2021-01-16 15:00:00,2021,1,16,15,885.5922973688547,151.0,855.0,0.17050735473719636,baja_fd,833.506,663.758,636.275,28.0,41.438,5.7,0.15
2021-01-16 16:00:00,2021,1,16,16,691.2989874603588,148.0,744.0,0.2140897103635448,baja_fd,610.445,496.194,474.648,27.0,38.302,4.6,0.15
2021-01-16 17:00:00,2021,1,16,17,447.49527325469256,147.0,532.0,0.32849508986061343,mixto,359.195,291.352,277.065,26.0,32.621,4.6,0.15
2021-01-16 18:00:00,2021,1,16,18,186.8402987236953,109.0,208.0,0.5833859223335555,mixto,135.637,102.527,94.931,24.0,26.631,4.1,0.15
2021-01-16 19:00:00,2021,1,16,19,18.0,18.0,0.0,1.0,alta_fd,17.033,11.126,6.768,22.4,22.724,4.1,0.15
2021-01-16 20:00:00,2021,1,16,20,0.0,0.0,0.0,,,0.0,0.0,0.0,19.0,19.0,3.6,0.15
2021-01-16 21:00:00,2021,1,16,21,0.0,0.0,0.0,,,0.0,0.0,0.0,18.0,18.0,3.1,0.15
2021-01-16 22:00:00,2021,1,16,22,0.0,0.0,0.0,,,0.0,0.0,0.0,17.0,17.0,2.6,0.15
2021-01-16 23:00:00,2021,1,16,23,0.0,0.0,0.0,,,0.0,0.0,0.0,16.0,16.0,2.1,0.15
2021-01-17 00:00:00,2021,1,17,0,0.0,0.0,0.0,,,0.0,0.0,0.0,15.0,15.0,2.1,0.15
2021-01-17 01:00:00,2021,1,17,1,0.0,0.0,0.0,,,0.0,0.0,0.0,14.0,14.0,2.1,0.15
2021-01-17 02:00:00,2021,1,17,2,0.0,0.0,0.0,,,0.0,0.0,0.0,14.0,14.0,0.5,0.15
2021-01-17 03:00:00,2021,1,17,3,0.0,0.0,0.0,,,0.0,0.0,0.0,14.0,14.0,0.5,0.15
2021-01-17 04:00:00,2021,1,17,4,0.0,0.0,0.0,,,0.0,0.0,0.0,12.8,12.8,1.0,0.15
2021-01-17 05:00:00,2021,1,17,5,0.0,0.0,0.0,,,0.0,0.0,0.0,12.9,0.0,0.5,0.15
2021-01-17 06:00:00,2021,1,17,6,40.0,40.0,0.0,1.0,alta_fd,36.498,28.526,23.552,13.0,14.712,0.0,0.15
2021-01-17 07:00:00,2021,1,17,7,190.6472469805781,131.0,275.0,0.6871329225821206,mixto,184.328,145.701,136.575,15.8,22.216,1.0,0.15
2021-01-17 08:00:00,2021,1,17,8,402.90274772822,175.0,545.0,0.434347993372453,mixto,420.685,344.406,328.239,19.0,33.881,1.0,0.15
2021-01-17 09:00:00,2021,1,17,9,620.5792255798951,162.0,759.0,0.26104644390669124,baja_fd,668.256,537.302,514.299,22.0,40.495,2.1,0.15
2021-01-17 10:00:00,2021,1,17,10,816.08103759333,159.0,862.0,0.19483359210122092,baja_fd,876.975,684.858,656.627,23.7,45.738,2.6,0.15
2021-01-17 11:00:00,2021,1,17,11,964.7633151462447,151.0,923.0,0.15651507227667597,baja_fd,1019.418,794.101,761.999,26.0,44.802,4.6,0.15
2021-01-17 12:00:00,2021,1,17,12,1051.3342928113796,163.0,931.0,0.15504107600649142,baja_fd,1088.811,835.756,802.179,26.0,47.495,4.1,0.15
2021-01-17 13:00:00,2021,1,17,13,1067.6716589855694,162.0,929.0,0.1517320410601904,baja_fd,1079.466,831.823,798.385,28.0,46.662,5.1,0.15
2021-01-17 14:00:00,2021,1,17,14,1011.1027477680697,146.0,918.0,0.14439679876479775,baja_fd,990.991,768.835,737.628,29.0,46.146,5.1,0.15
2021-01-17 15:00:00,2021,1,17,15,883.8754794607679,153.0,851.0,0.1731013061855068,baja_fd,833.336,655.432,628.244,28.0,44.488,4.1,0.15
2021-01-17 16:00:00,2021,1,17,16,691.8243640535867,148.0,745.0,0.21392712903724267,baja_fd,611.985,495.414,473.896,28.0,39.33,4.6,0.15
2021-01-17 17:00:00,2021,1,17,17,445.6287818792393,147.0,529.0,0.32987097327980813,mixto,358.604,288.614,274.424,27.0,34.621,3.6,0.15
2021-01-17 18:00:00,2021,1,17,18,186.3675087596413,109.0,207.0,0.5848658960214873,mixto,135.701,101.978,94.401,26.0,28.145,5.7,0.15
2021-01-17 19:00:00,2021,1,17,19,18.0,18.0,0.0,1.0,alta_fd,17.033,11.032,6.678,22.9,23.223,4.1,0.15
2021-01-17 20:00:00,2021,1,17,20,0.0,0.0,0.0,,,0.0,0.0,0.0,20.0,20.0,3.6,0.15
2021-01-17 21:00:00,2021,1,17,21,0.0,0.0,0.0,,,0.0,0.0,0.0,19.0,19.0,3.6,0.15
2021-01-17 22:00:00,2021,1,17,22,0.0,0.0,0.0,,,0.0,0.0,0.0,17.2,17.2,2.6,0.15
2021-01-17 23:00:00,2021,1,17,23,0.0,0.0,0.0,,,0.0,0.0,0.0,16.0,16.0,2.6,0.15
2021-01-18 00:00:00,2021,1,18,0,0.0,0.0,0.0,,,0.0,0.0,0.0,15.0,15.0,2.6,0.15
2021-01-18 01:00:00,2021,1,18,1,0.0,0.0,0.0,,,0.0,0.0,0.0,15.0,15.0,2.1,0.15
2021-01-18 02:00:00,2021,1,18,2,0.0,0.0,0.0,,,0.0,0.0,0.0,14.0,14.0,2.1,0.15
2021-01-18 03:00:00,2021,1,18,3,0.0,0.0,0.0,,,0.0,0.0,0.0,14.0,14.0,1.5,0.15
2021-01-18 04:00:00,2021,1,18,4,0.0,0.0,0.0,,,0.0,0.0,0.0,13.0,13.0,1.5,0.15
2021-01-18 05:00:00,2021,1,18,5,0.0,0.0,0.0,,,0.0,0.0,0.0,12.0,0.0,1.5,0.15
2021-01-18 06:00:00,2021,1,18,6,32.0,32.0,0.0,1.0,alta_fd,29.937,23.225,18.439,12.8,13.671,1.8,0.15
2021-01-18 07:00:00,2021,1,18,7,65.0,65.0,0.0,1.0,alta_fd,61.615,51.367,45.583,13.7,15.408,2.1,0.15
2021-01-18 08:00:00,2021,1,18,8,305.5333286896516,254.0,124.0,0.8313332005033169,alta_fd,297.152,250.726,237.879,16.0,23.47,2.6,0.15
2021-01-18 09:00:00,2021,1,18,9,573.5395248331358,287.0,476.0,0.5004014328105794,mixto,600.039,496.259,474.711,19.0,31.778,3.6,0.15
2021-01-18 10:00:00,2021,1,18,10,804.284344037225,256.0,721.0,0.3182953912977715,mixto,858.071,688.476,660.117,21.4,38.356,4.1,0.15
2021-01-18 11:00:00,2021,1,18,11,913.1080365176186,304.0,692.0,0.3329288406653228,mixto,964.004,757.67,726.859,24.0,41.758,4.6,0.15
2021-01-18 12:00:00,2021,1,18,12,919.3136598468114,438.0,505.0,0.47644239298368035,mixto,952.154,745.035,714.672,25.0,41.421,5.1,0.15
2021-01-18 13:00:00,2021,1,18,13,798.0550364267453,499.0,307.0,0.6252701596048432,mixto,809.703,633.957,607.53,26.8,40.75,5.1,0.15
2021-01-18 14:00:00,2021,1,18,14,690.1586452826951,466.0,238.0,0.6752070747576048,mixto,682.576,536.979,513.988,27.4,39.944,4.6,0.15
2021-01-18 15:00:00,2021,1,18,15,537.333913108016,412.0,146.0,0.7667485523423103,alta_fd,521.468,413.343,394.733,28.0,38.273,4.1,0.15
2021-01-18 16:00:00,2021,1,18,16,362.6139304169037,313.0,68.0,0.8631769872716647,alta_fd,342.929,275.783,262.048,28.0,34.32,4.6,0.15
2021-01-18 17:00:00,2021,1,18,17,229.84635884614022,196.0,60.0,0.8527435500129151,alta_fd,209.775,169.123,159.166,28.0,32.15,4.1,0.15
2021-01-18 18:00:00,2021,1,18,18,93.0,93.0,0.0,1.0,alta_fd,86.678,69.231,62.814,27.0,28.72,4.1,0.15
2021-01-18 19:00:00,2021,1,18,19,10.0,10.0,0.0,,,9.447,5.831,1.66,25.0,25.192,3.6,0.15
2021-01-18 20:00:00,2021,1,18,20,0.0,0.0,0.0,,,0.0,0.0,0.0,22.0,22.0,3.1,0.15
2021-01-18 21:00:00,2021,1,18,21,0.0,0.0,0.0,,,0.0,0.0,0.0,21.0,21.0,3.1,0.15
2021-01-18 22:00:00,2021,1,18,22,0.0,0.0,0.0,,,0.0,0.0,0.0,19.7,19.7,2.6,0.15
2021-01-18 23:00:00,2021,1,18,23,0.0,0.0,0.0,,,0.0,0.0,0.0,18.0,18.0,3.1,0.15
2021-01-19 00:00:00,2021,1,19,0,0.0,0.0,0.0,,,0.0,0.0,0.0,18.0,18.0,3.1,0.15
2021-01-19 01:00:00,2021,1,19,1,0.0,0.0,0.0,,,0.0,0.0,0.0,17.0,17.0,2.6,0.15
2021-01-19 02:00:00,2021,1,19,2,0.0,0.0,0.0,,,0.0,0.0,0.0,16.0,16.0,2.6,0.15
2021-01-19 03:00:00,2021,1,19,3,0.0,0.0,0.0,,,0.0,0.0,0.0,15.0,15.0,3.1,0.15
2021-01-19 04:00:00,2021,1,19,4,0.0,0.0,0.0,,,0.0,0.0,0.0,15.1,15.1,2.6,0.15
2021-01-19 05:00:00,2021,1,19,5,0.0,0.0,0.0,,,0.0,0.0,0.0,15.0,0.0,2.6,0.15
2021-01-19 06:00:00,2021,1,19,6,15.0,15.0,0.0,1.0,alta_fd,14.179,10.506,6.17,15.0,15.323,3.1,0.15
2021-01-19 07:00:00,2021,1,19,7,64.0,64.0,0.0,1.0,alta_fd,60.677,50.214,44.472,15.6,17.003,3.1,0.15
2021-01-19 08:00:00,2021,1,19,8,218.67291649186075,210.0,21.0,0.9603384057294376,alta_fd,207.98,175.838,165.644,16.0,20.114,4.1,0.15
2021-01-19 09:00:00,2021,1,19,9,421.9666161806108,344.0,130.0,0.8152303684914273,alta_fd,420.568,351.451,335.035,18.0,25.751,4.6,0.15
2021-01-19 10:00:00,2021,1,19,10,633.7201521710901,416.0,287.0,0.6564411729291029,mixto,652.079,530.446,507.687,20.0,32.855,4.1,0.15
2021-01-19 11:00:00,2021,1,19,11,874.6174668582846,379.0,564.0,0.43333230167630515,mixto,918.225,724.131,694.508,21.0,40.487,3.6,0.15
2021-01-19 12:00:00,2021,1,19,12,1018.8564803995242,322.0,732.0,0.3160405868682644,mixto,1062.536,815.908,783.034,24.0,46.553,3.6,0.15
2021-01-19 13:00:00,2021,1,19,13,1057.3402348567283,158.0,924.0,0.1494315592950166,baja_fd,1072.141,820.561,787.522,25.6,48.386,3.6,0.15
2021-01-19 14:00:00,2021,1,19,14,985.3632534619358,174.0,862.0,0.17658462438971148,baja_fd,974.787,755.471,724.738,27.0,46.256,4.1,0.15
2021-01-19 15:00:00,2021,1,19,15,821.6976625674982,264.0,650.0,0.32128605450221026,mixto,786.392,623.565,597.506,28.0,41.609,5.1,0.15
2021-01-19 16:00:00,2021,1,19,16,580.7404599686747,265.0,433.0,0.45631399612538476,mixto,531.745,433.752,414.418,26.9,35.477,5.7,0.15
2021-01-19 17:00:00,2021,1,19,17,405.6249104195772,152.0,450.0,0.3747304371488715,mixto,332.176,270.259,256.719,25.9,31.791,4.9,0.15
2021-01-19 18:00:00,2021,1,19,18,176.2891963381806,107.0,186.0,0.6069572170193507,mixto,130.656,98.868,91.401,25.0,27.539,4.1,0.15
2021-01-19 19:00:00,2021,1,19,19,17.0,17.0,0.0,1.0,alta_fd,16.084,10.219,5.893,23.0,23.354,3.1,0.15
2021-01-19 20:00:00,2021,1,19,20,0.0,0.0,0.0,,,0.0,0.0,0.0,21.0,21.0,2.1,0.15
2021-01-19 21:00:00,2021,1,19,21,0.0,0.0,0.0,,,0.0,0.0,0.0,19.0,19.0,3.1,0.15
2021-01-19 22:00:00,2021,1,19,22,0.0,0.0,0.0,,,0.0,0.0,0.0,18.2,18.2,2.1,0.15
2021-01-19 23:00:00,2021,1,19,23,0.0,0.0,0.0,,,0.0,0.0,0.0,18.0,18.0,2.1,0.15
2021-01-20 00:00:00,2021,1,20,0,0.0,0.0,0.0,,,0.0,0.0,0.0,17.0,17.0,1.5,0.15
2021-01-20 01:00:00,2021,1,20,1,0.0,0.0,0.0,,,0.0,0.0,0.0,16.4,16.4,2.1,0.15
2021-01-20 02:00:00,2021,1,20,2,0.0,0.0,0.0,,,0.0,0.0,0.0,16.0,16.0,2.1,0.15
2021-01-20 03:00:00,2021,1,20,3,0.0,0.0,0.0,,,0.0,0.0,0.0,16.0,16.0,1.0,0.15
2021-01-20 04:00:00,2021,1,20,4,0.0,0.0,0.0,,,0.0,0.0,0.0,15.2,15.2,0.0,0.15
2021-01-20 05:00:00,2021,1,20,5,0.0,0.0,0.0,,,0.0,0.0,0.0,15.8,0.0,0.0,0.15
2021-01-20 06:00:00,2021,1,20,6,35.0,35.0,0.0,1.0,alta_fd,32.227,24.414,19.586,16.4,17.907,0.0,0.15
2021-01-20 07:00:00,2021,1,20,7,182.53912198690466,128.0,262.0,0.7012195446474356,alta_fd,177.243,138.09,129.233,17.0,25.259,0.0,0.15
2021-01-20 08:00:00,2021,1,20,8,387.8442615835976,149.0,582.0,0.38417482159365124,mixto,412.426,336.496,320.609,20.0,34.588,1.0,0.15
2021-01-20 09:00:00,2021,1,20,9,608.6707148569565,148.0,771.0,0.24315281873678027,baja_fd,660.401,529.732,506.998,23.0,41.282,2.1,0.15
2021-01-20 10:00:00,2021,1,20,10,803.5580617395975,124.0,898.0,0.15431367800797904,baja_fd,867.197,684.522,656.304,25.0,43.468,3.6,0.15
2021-01-20 11:00:00,2021,1,20,11,952.989885001598,88.0,986.0,0.09234095910666715,baja_fd,1015.915,793.511,761.431,27.0,44.581,5.1,0.15
2021-01-20 12:00:00,2021,1,20,12,1043.0484869228353,96.0,996.0,0.09203790734907809,baja_fd,1088.676,850.574,816.471,27.0,43.562,6.2,0.15
2021-01-20 13:00:00,2021,1,20,13,1063.4998222569986,163.0,926.0,0.15326753854464722,baja_fd,1079.638,836.417,802.816,28.0,45.369,5.7,0.15
2021-01-20 14:00:00,2021,1,20,14,1008.1997001906708,156.0,906.0,0.15473125013873468,baja_fd,992.34,766.063,734.954,29.0,47.307,4.6,0.15
2021-01-20 15:00:00,2021,1,20,15,882.7199731335384,135.0,872.0,0.15293638312132893,baja_fd,834.877,662.477,635.039,29.0,42.462,5.7,0.15
2021-01-20 16:00:00,2021,1,20,16,688.2328948635634,149.0,740.0,0.2164964812231738,baja_fd,612.461,499.086,477.438,27.8,37.696,5.7,0.15
2021-01-20 17:00:00,2021,1,20,17,444.2796995846633,147.0,528.0,0.3308726465274545,mixto,359.919,292.118,277.803,27.0,32.792,5.7,0.15
2021-01-20 18:00:00,2021,1,20,18,184.211644067775,108.0,205.0,0.5862821568448991,mixto,135.102,101.883,94.309,25.0,27.448,4.6,0.15
2021-01-20 19:00:00,2021,1,20,19,18.0,18.0,0.0,1.0,alta_fd,17.035,10.745,6.401,23.0,23.345,3.6,0.15
2021-01-20 20:00:00,2021,1,20,20,0.0,0.0,0.0,,,0.0,0.0,0.0,20.0,20.0,2.6,0.15
2021-01-20 21:00:00,2021,1,20,21,0.0,0.0,0.0,,,0.0,0.0,0.0,19.0,19.0,3.6,0.15
2021-01-20 22:00:00,2021,1,20,22,0.0,0.0,0.0,,,0.0,0.0,0.0,18.3,18.3,3.1,0.15
2021-01-20 23:00:00,2021,1,20,23,0.0,0.0,0.0,,,0.0,0.0,0.0,18.0,18.0,1.5,0.15
2021-01-21 00:00:00,2021,1,21,0,0.0,0.0,0.0,,,0.0,0.0,0.0,17.0,17.0,1.5,0.15
2021-01-21 01:00:00,2021,1,21,1,0.0,0.0,0.0,,,0.0,0.0,0.0,15.9,15.9,1.5,0.15
2021-01-21 02:00:00,2021,1,21,2,0.0,0.0,0.0,,,0.0,0.0,0.0,16.0,16.0,1.5,0.15
2021-01-21 03:00:00,2021,1,21,3,0.0,0.0,0.0,,,0.0,0.0,0.0,15.3,15.3,1.3,0.15
2021-01-21 04:00:00,2021,1,21,4,0.0,0.0,0.0,,,0.0,0.0,0.0,14.7,14.7,1.2,0.15
2021-01-21 05:00:00,2021,1,21,5,0.0,0.0,0.0,,,0.0,0.0,0.0,14.0,0.0,1.0,0.15
2021-01-21 06:00:00,2021,1,21,6,34.0,34.0,0.0,1.0,alta_fd,31.331,23.85,19.042,14.0,15.463,0.0,0.15
2021-01-21 07:00:00,2021,1,21,7,180.15104030958543,127.0,259.0,0.7049640112083362,alta_fd,175.229,137.952,129.1,16.4,22.497,1.0,0.15
2021-01-21 08:00:00,2021,1,21,8,392.15180295761587,174.0,535.0,0.4437057248945151,mixto,412.488,343.857,327.709,18.7,29.076,2.6,0.15
2021-01-21 09:00:00,2021,1,21,9,609.5951184288988,159.0,757.0,0.2608288603258316,baja_fd,661.527,545.888,522.581,21.0,34.11,4.1,0.15
2021-01-21 10:00:00,2021,1,21,10,807.7159050687129,154.0,866.0,0.19066109635033016,baja_fd,874.038,704.724,675.79,22.8,37.938,5.1,0.15
2021-01-21 11:00:00,2021,1,21,11,957.0833488453676,147.0,925.0,0.15359163878186982,baja_fd,1017.634,796.331,764.151,25.0,43.771,4.6,0.15
2021-01-21 12:00:00,2021,1,21,12,1047.0034058231097,160.0,934.0,0.15281707691697027,baja_fd,1090.682,850.506,816.406,25.5,43.677,5.4,0.15
2021-01-21 13:00:00,2021,1,21,13,1063.5034163742562,158.0,932.0,0.14856557822697056,baja_fd,1081.459,847.893,813.885,26.0,42.447,6.2,0.15
2021-01-21 14:00:00,2021,1,21,14,1007.3923041743932,153.0,909.0,0.15187727697144848,baja_fd,993.05,786.211,754.389,26.0,41.114,6.2,0.15
2021-01-21 15:00:00,2021,1,21,15,881.2155104986518,152.0,851.0,0.17248902021026394,baja_fd,836.118,671.939,644.166,26.0,39.175,5.9,0.15
2021-01-21 16:00:00,2021,1,21,16,688.7189634379101,147.0,744.0,0.21343974509749716,baja_fd,613.764,503.78,481.966,26.0,35.917,5.7,0.15
2021-01-21 17:00:00,2021,1,21,17,441.677590474092,147.0,524.0,0.3328219569442311,mixto,358.794,293.639,279.27,25.0,30.774,5.7,0.15
2021-01-21 18:00:00,2021,1,21,18,178.47302975078912,108.0,190.0,0.6051334487390383,mixto,132.612,100.778,93.243,24.0,26.577,4.1,0.15
2021-01-21 19:00:00,2021,1,21,19,16.0,16.0,0.0,1.0,alta_fd,15.135,9.724,5.416,22.1,22.434,3.1,0.15
2021-01-21 20:00:00,2021,1,21,20,0.0,0.0,0.0,,,0.0,0.0,0.0,20.0,20.0,2.6,0.15
2021-01-21 21:00:00,2021,1,21,21,0.0,0.0,0.0,,,0.0,0.0,0.0,18.4,18.4,2.8,0.15
2021-01-21 22:00:00,2021,1,21,22,0.0,0.0,0.0,,,0.0,0.0,0.0,16.9,16.9,3.1,0.15
2021-01-21 23:00:00,2021,1,21,23,0.0,0.0,0.0,,,0.0,0.0,0.0,16.0,16.0,2.1,0.15
2021-01-22 00:00:00,2021,1,22,0,0.0,0.0,0.0,,,0.0,0.0,0.0,16.0,16.0,1.5,0.15
2021-01-22 01:00:00,2021,1,22,1,0.0,0.0,0.0,,,0.0,0.0,0.0,15.3,15.3,1.0,0.15
2021-01-22 02:00:00,2021,1,22,2,0.0,0.0,0.0,,,0.0,0.0,0.0,14.0,14.0,1.5,0.15
2021-01-22 03:00:00,2021,1,22,3,0.0,0.0,0.0,,,0.0,0.0,0.0,14.0,14.0,1.0,0.15
2021-01-22 04:00:00,2021,1,22,4,0.0,0.0,0.0,,,0.0,0.0,0.0,14.0,14.0,1.5,0.15
2021-01-22 05:00:00,2021,1,22,5,0.0,0.0,0.0,,,0.0,0.0,0.0,14.0,0.0,1.0,0.15
2021-01-22 06:00:00,2021,1,22,6,32.0,32.0,0.0,1.0,alta_fd,29.625,22.42,17.662,14.0,14.915,1.5,0.15
2021-01-22 07:00:00,2021,1,22,7,177.37206351714008,126.0,254.0,0.7103711683876541,alta_fd,172.792,136.228,127.437,16.0,22.012,1.0,0.15
2021-01-22 08:00:00,2021,1,22,8,388.9301428181126,173.0,533.0,0.44480995673535473,mixto,410.016,341.394,325.333,19.0,29.314,2.6,0.15
2021-01-22 09:00:00,2021,1,22,9,607.6530965706913,157.0,760.0,0.25837110167961663,baja_fd,660.961,537.957,514.932,21.0,37.646,2.6,0.15
2021-01-22 10:00:00,2021,1,22,10,805.321890865241,154.0,865.0,0.19122788259802773,baja_fd,872.953,683.535,655.351,23.3,45.241,2.6,0.15
2021-01-22 11:00:00,2021,1,22,11,959.6993331357016,186.0,885.0,0.19381070047456161,baja_fd,1025.091,789.184,757.256,25.0,47.481,3.4,0.15
2021-01-22 12:00:00,2021,1,22,12,1044.0357723898205,161.0,931.0,0.15420927544605825,baja_fd,1089.124,834.456,800.925,26.5,48.002,4.1,0.15
2021-01-22 13:00:00,2021,1,22,13,1060.779407788927,161.0,927.0,0.1517751936150288,baja_fd,1080.124,823.358,790.219,28.0,49.326,4.1,0.15
2021-01-22 14:00:00,2021,1,22,14,1004.957138429815,155.0,905.0,0.15423543360483827,baja_fd,992.145,761.883,730.923,29.0,48.603,4.1,0.15
2021-01-22 15:00:00,2021,1,22,15,879.2369454969352,154.0,847.0,0.175151875485579,baja_fd,835.799,660.127,632.773,29.0,43.48,5.1,0.15
2021-01-22 16:00:00,2021,1,22,16,687.7778206742873,148.0,742.0,0.21518577010073248,baja_fd,614.271,501.467,479.735,27.9,37.282,6.2,0.15
2021-01-22 17:00:00,2021,1,22,17,442.5282836552186,146.0,528.0,0.32992241488851615,mixto,359.971,291.8,277.497,27.0,33.226,5.1,0.15
2021-01-22 18:00:00,2021,1,22,18,182.47224227424852,107.0,204.0,0.5863905581824509,mixto,134.39,101.107,93.561,25.5,27.968,4.5,0.15
2021-01-22 19:00:00,2021,1,22,19,17.0,17.0,0.0,1.0,alta_fd,16.084,10.149,5.826,24.1,24.412,3.9,0.15
2021-01-22 20:00:00,2021,1,22,20,0.0,0.0,0.0,,,0.0,0.0,0.0,22.6,22.6,3.3,0.15
2021-01-22 21:00:00,2021,1,22,21,0.0,0.0,0.0,,,0.0,0.0,0.0,21.2,21.2,2.7,0.15
2021-01-22 22:00:00,2021,1,22,22,0.0,0.0,0.0,,,0.0,0.0,0.0,19.7,19.7,2.1,0.15
2021-01-22 23:00:00,2021,1,22,23,0.0,0.0,0.0,,,0.0,0.0,0.0,19.0,19.0,1.5,0.15
2021-01-23 00:00:00,2021,1,23,0,0.0,0.0,0.0,,,0.0,0.0,0.0,18.0,18.0,0.5,0.15
2021-01-23 01:00:00,2021,1,23,1,0.0,0.0,0.0,,,0.0,0.0,0.0,17.0,17.0,1.5,0.15
2021-01-23 02:00:00,2021,1,23,2,0.0,0.0,0.0,,,0.0,0.0,0.0,16.0,16.0,2.1,0.15
2021-01-23 03:00:00,2021,1,23,3,0.0,0.0,0.0,,,0.0,0.0,0.0,15.0,15.0,2.1,0.15
2021-01-23 04:00:00,2021,1,23,4,0.0,0.0,0.0,,,0.0,0.0,0.0,14.6,14.6,0.5,0.15
2021-01-23 05:00:00,2021,1,23,5,0.0,0.0,0.0,,,0.0,0.0,0.0,14.0,0.0,0.5,0.15
2021-01-23 06:00:00,2021,1,23,6,30.0,30.0,0.0,1.0,alta_fd,27.908,20.807,16.106,15.0,16.111,0.5,0.15
2021-01-23 07:00:00,2021,1,23,7,174.4161955498478,124.0,253.0,0.7109431530087529,alta_fd,170.362,132.173,123.526,17.6,25.535,0.0,0.15
2021-01-23 08:00:00,2021,1,23,8,385.70018651012026,174.0,526.0,0.4511276014004066,mixto,407.218,324.276,308.822,21.0,40.285,0.0,0.15
2021-01-23 09:00:00,2021,1,23,9,602.8273412397098,161.0,748.0,0.26707481394076243,baja_fd,656.526,496.798,475.231,24.0,55.129,0.0,0.15
2021-01-23 10:00:00,2021,1,23,10,800.6596801032866,157.0,857.0,0.1960883055579203,baja_fd,869.132,659.848,632.503,25.4,52.655,1.5,0.15
2021-01-23 11:00:00,2021,1,23,11,950.3783527030486,151.0,916.0,0.15888409028943956,baja_fd,1013.301,767.313,736.16,27.2,51.752,2.8,0.15
2021-01-23 12:00:00,2021,1,23,12,1037.5107493980317,95.0,995.0,0.09156531636430698,baja_fd,1087.912,826.275,793.033,29.0,50.488,4.1,0.15
2021-01-23 13:00:00,2021,1,23,13,1057.9945743562855,163.0,923.0,0.1540650622893543,baja_fd,1078.799,832.502,799.04,29.0,46.356,5.7,0.15
2021-01-23 14:00:00,2021,1,23,14,1006.739024473838,150.0,913.0,0.14899591289648872,baja_fd,995.472,768.894,737.686,30.0,47.224,5.1,0.15
2021-01-23 15:00:00,2021,1,23,15,880.6180831170122,150.0,854.0,0.17033490780596283,baja_fd,838.233,664.746,637.228,29.0,42.515,5.7,0.15
2021-01-23 16:00:00,2021,1,23,16,687.4152512269294,146.0,745.0,0.21238981785669242,baja_fd,614.883,496.212,474.665,28.8,40.185,4.6,0.15
2021-01-23 17:00:00,2021,1,23,17,442.76547679229884,145.0,531.0,0.32748714071042956,mixto,360.711,290.788,276.52,28.0,34.653,4.6,0.15
2021-01-23 18:00:00,2021,1,23,18,182.62814662322688,107.0,205.0,0.5858899735797439,mixto,134.721,101.143,93.595,26.0,28.441,4.6,0.15
2021-01-23 19:00:00,2021,1,23,19,17.0,17.0,0.0,1.0,alta_fd,16.085,9.992,5.674,24.6,24.882,4.6,0.15
2021-01-23 20:00:00,2021,1,23,20,0.0,0.0,0.0,,,0.0,0.0,0.0,22.0,22.0,3.6,0.15
2021-01-23 21:00:00,2021,1,23,21,0.0,0.0,0.0,,,0.0,0.0,0.0,20.0,20.0,2.6,0.15
2021-01-23 22:00:00,2021,1,23,22,0.0,0.0,0.0,,,0.0,0.0,0.0,19.2,19.2,3.1,0.15
2021-01-23 23:00:00,2021,1,23,23,0.0,0.0,0.0,,,0.0,0.0,0.0,19.0,19.0,2.1,0.15
2021-01-24 00:00:00,2021,1,24,0,0.0,0.0,0.0,,,0.0,0.0,0.0,18.0,18.0,1.0,0.15
2021-01-24 01:00:00,2021,1,24,1,0.0,0.0,0.0,,,0.0,0.0,0.0,17.2,17.2,3.1,0.15
2021-01-24 02:00:00,2021,1,24,2,0.0,0.0,0.0,,,0.0,0.0,0.0,16.0,16.0,1.5,0.15
2021-01-24 03:00:00,2021,1,24,3,0.0,0.0,0.0,,,0.0,0.0,0.0,15.0,15.0,1.5,0.15
2021-01-24 04:00:00,2021,1,24,4,0.0,0.0,0.0,,,0.0,0.0,0.0,14.8,14.8,1.0,0.15
2021-01-24 05:00:00,2021,1,24,5,0.0,0.0,0.0,,,0.0,0.0,0.0,13.0,0.0,1.0,0.15
2021-01-24 06:00:00,2021,1,24,6,29.0,29.0,0.0,1.0,alta_fd,27.006,20.037,15.363,14.0,15.072,0.5,0.15
2021-01-24 07:00:00,2021,1,24,7,171.87410140875596,123.0,249.0,0.7156401051225154,alta_fd,168.189,131.064,122.456,17.6,24.3,0.5,0.15
2021-01-24 08:00:00,2021,1,24,8,383.099766601198,172.0,528.0,0.448969211142981,mixto,405.645,326.782,311.239,21.0,37.43,0.5,0.15
2021-01-24 09:00:00,2021,1,24,9,601.04973245278,158.0,753.0,0.262873422063145,baja_fd,656.329,515.898,493.654,23.0,46.241,1.0,0.15
2021-01-24 10:00:00,2021,1,24,10,799.7526121112558,154.0,862.0,0.1925595461244666,baja_fd,870.026,674.047,646.199,26.0,47.868,2.6,0.15
2021-01-24 11:00:00,2021,1,24,11,950.9032052345952,146.0,924.0,0.153538235223406,baja_fd,1016.034,781.394,749.743,28.0,48.074,4.1,0.15
2021-01-24 12:00:00,2021,1,24,12,1042.329300429425,155.0,938.0,0.14870540426729073,baja_fd,1091.2,821.722,788.642,29.0,52.192,3.6,0.15
2021-01-24 13:00:00,2021,1,24,13,1062.5500051323465,153.0,939.0,0.14399322315277105,baja_fd,1085.63,834.07,800.552,30.0,47.467,5.7,0.15
2021-01-24 14:00:00,2021,1,24,14,1007.6442945970421,147.0,918.0,0.14588481350830795,baja_fd,997.951,774.535,743.126,30.0,46.068,5.7,0.15
2021-01-24 15:00:00,2021,1,24,15,881.3668590914324,148.0,858.0,0.16792099506959857,baja_fd,840.236,658.182,630.897,31.0,45.558,5.1,0.15
2021-01-24 16:00:00,2021,1,24,16,689.619121702821,143.0,753.0,0.20736083948325218,baja_fd,617.58,498.92,477.278,30.0,39.98,5.7,0.15
2021-01-24 17:00:00,2021,1,24,17,443.63002616615944,143.0,537.0,0.3223406703008873,mixto,361.703,291.831,277.526,29.0,34.503,6.2,0.15
2021-01-24 18:00:00,2021,1,24,18,181.02671710533053,106.0,204.0,0.5855489272245037,mixto,133.793,100.162,92.649,27.0,29.0,6.2,0.15
2021-01-24 19:00:00,2021,1,24,19,17.0,17.0,0.0,1.0,alta_fd,16.086,9.81,5.499,25.2,25.36,10.3,0.15
2021-01-24 20:00:00,2021,1,24,20,0.0,0.0,0.0,,,0.0,0.0,0.0,24.0,24.0,4.6,0.15
2021-01-24 21:00:00,2021,1,24,21,0.0,0.0,0.0,,,0.0,0.0,0.0,22.0,22.0,2.1,0.15
2021-01-24 22:00:00,2021,1,24,22,0.0,0.0,0.0,,,0.0,0.0,0.0,20.2,20.2,2.6,0.15
2021-01-24 23:00:00,2021,1,24,23,0.0,0.0,0.0,,,0.0,0.0,0.0,19.0,19.0,1.5,0.15
2021-01-25 00:00:00,2021,1,25,0,0.0,0.0,0.0,,,0.0,0.0,0.0,19.0,19.0,2.1,0.15
2021-01-25 01:00:00,2021,1,25,1,0.0,0.0,0.0,,,0.0,0.0,0.0,16.6,16.6,0.0,0.15
2021-01-25 02:00:00,2021,1,25,2,0.0,0.0,0.0,,,0.0,0.0,0.0,15.8,15.8,0.0,0.15
2021-01-25 03:00:00,2021,1,25,3,0.0,0.0,0.0,,,0.0,0.0,0.0,15.0,15.0,0.0,0.15
2021-01-25 04:00:00,2021,1,25,4,0.0,0.0,0.0,,,0.0,0.0,0.0,14.1,14.1,0.5,0.15
2021-01-25 05:00:00,2021,1,25,5,0.0,0.0,0.0,,,0.0,0.0,0.0,13.0,0.0,0.5,0.15
2021-01-25 06:00:00,2021,1,25,6,27.0,27.0,0.0,1.0,alta_fd,25.275,18.589,13.967,13.0,14.17,0.0,0.15
2021-01-25 07:00:00,2021,1,25,7,169.5462811350429,122.0,246.0,0.7195675374491258,alta_fd,166.254,129.727,121.167,18.0,23.782,1.0,0.15
2021-01-25 08:00:00,2021,1,25,8,380.6888982398447,171.0,528.0,0.4491856757332209,mixto,404.139,324.256,308.803,22.0,38.368,0.5,0.15
2021-01-25 09:00:00,2021,1,25,9,599.0679066468608,156.0,756.0,0.2604045355612065,baja_fd,655.823,513.5,491.341,24.0,47.224,1.0,0.15
2021-01-25 10:00:00,2021,1,25,10,797.8118723906276,150.0,867.0,0.18801424896138477,baja_fd,869.923,656.704,629.47,26.8,54.083,1.5,0.15
2021-01-25 11:00:00,2021,1,25,11,951.3805554070893,141.0,932.0,0.1482056777370934,baja_fd,1018.75,769.365,738.14,29.0,52.46,3.1,0.15
2021-01-25 12:00:00,2021,1,25,12,1044.2244540657548,143.0,954.0,0.13694373795137657,baja_fd,1095.863,827.693,794.401,29.9,51.539,4.1,0.15
2021-01-25 13:00:00,2021,1,25,13,1065.9329751807632,139.0,958.0,0.13040219529415353,baja_fd,1091.417,831.099,797.686,30.8,49.673,5.1,0.15
2021-01-25 14:00:00,2021,1,25,14,1009.8202278512969,165.0,902.0,0.16339541974821425,baja_fd,1007.693,780.695,749.068,31.0,46.335,6.2,0.15
2021-01-25 15:00:00,2021,1,25,15,884.3200369831587,144.0,867.0,0.16283697527792462,baja_fd,844.19,666.14,638.572,30.5,43.804,5.9,0.15
2021-01-25 16:00:00,2021,1,25,16,690.249160978752,153.0,741.0,0.22165908870218795,baja_fd,620.664,501.165,479.444,30.0,40.029,5.7,0.15
2021-01-25 17:00:00,2021,1,25,17,440.2004644945572,158.0,505.0,0.35892738137252367,mixto,363.149,293.21,278.857,29.0,34.527,6.2,0.15
2021-01-25 18:00:00,2021,1,25,18,176.9457101798887,115.0,169.0,0.6499168580186957,mixto,135.669,103.183,95.563,27.0,29.037,6.2,0.15
2021-01-25 19:00:00,2021,1,25,19,16.0,16.0,0.0,1.0,alta_fd,15.137,9.045,4.761,24.7,24.981,4.1,0.15
2021-01-25 20:00:00,2021,1,25,20,0.0,0.0,0.0,,,0.0,0.0,0.0,24.0,24.0,3.1,0.15
2021-01-25 21:00:00,2021,1,25,21,0.0,0.0,0.0,,,0.0,0.0,0.0,21.0,21.0,3.1,0.15
2021-01-25 22:00:00,2021,1,25,22,0.0,0.0,0.0,,,0.0,0.0,0.0,20.4,20.4,2.6,0.15
2021-01-25 23:00:00,2021,1,25,23,0.0,0.0,0.0,,,0.0,0.0,0.0,18.0,18.0,1.5,0.15
2021-01-26 00:00:00,2021,1,26,0,0.0,0.0,0.0,,,0.0,0.0,0.0,16.0,16.0,1.0,0.15
2021-01-26 01:00:00,2021,1,26,1,0.0,0.0,0.0,,,0.0,0.0,0.0,16.2,16.2,1.5,0.15
2021-01-26 02:00:00,2021,1,26,2,0.0,0.0,0.0,,,0.0,0.0,0.0,16.0,16.0,0.5,0.15
2021-01-26 03:00:00,2021,1,26,3,0.0,0.0,0.0,,,0.0,0.0,0.0,15.0,15.0,0.0,0.15
2021-01-26 04:00:00,2021,1,26,4,0.0,0.0,0.0,,,0.0,0.0,0.0,13.0,13.0,0.5,0.15
2021-01-26 05:00:00,2021,1,26,5,0.0,0.0,0.0,,,0.0,0.0,0.0,11.0,0.0,1.0,0.15
2021-01-26 06:00:00,2021,1,26,6,26.0,26.0,0.0,1.0,alta_fd,24.369,17.708,13.117,13.0,13.839,1.0,0.15
2021-01-26 07:00:00,2021,1,26,7,171.1454476053339,131.0,211.0,0.7654308182481697,alta_fd,166.444,131.285,122.67,17.8,23.605,1.0,0.15
2021-01-26 08:00:00,2021,1,26,8,377.6951204972163,171.0,524.0,0.4527461190784971,mixto,401.821,325.177,309.691,22.0,36.209,1.0,0.15
2021-01-26 09:00:00,2021,1,26,9,596.4796773132016,154.0,758.0,0.25818147014443404,baja_fd,654.679,521.474,499.033,25.0,43.126,2.1,0.15
2021-01-26 10:00:00,2021,1,26,10,799.716147513464,170.0,845.0,0.2125754250787313,baja_fd,871.591,679.858,651.805,27.6,46.157,3.6,0.15
2021-01-26 11:00:00,2021,1,26,11,950.470172732848,139.0,935.0,0.14624341087983747,baja_fd,1019.724,780.618,748.994,29.1,49.249,4.1,0.15
2021-01-26 12:00:00,2021,1,26,12,1041.5181130585206,151.0,944.0,0.14498067590641667,baja_fd,1094.193,828.666,795.339,30.7,50.873,4.6,0.15
2021-01-26 13:00:00,2021,1,26,13,1060.4052479789152,150.0,942.0,0.14145535424866415,baja_fd,1087.022,823.095,789.966,32.2,50.995,5.1,0.15
2021-01-26 14:00:00,2021,1,26,14,1004.9796157367308,147.0,917.0,0.1462716235216743,baja_fd,998.551,753.852,723.176,33.0,52.732,4.1,0.15
2021-01-26 15:00:00,2021,1,26,15,881.3153872279643,129.0,882.0,0.14637211816504048,baja_fd,838.511,649.621,622.638,32.5,48.417,4.4,0.15
2021-01-26 16:00:00,2021,1,26,16,686.7719066324306,143.0,751.0,0.20822051487399512,baja_fd,617.601,492.012,470.614,32.0,43.436,4.6,0.15
2021-01-26 17:00:00,2021,1,26,17,435.33318428823856,147.0,517.0,0.3376723973853319,mixto,358.005,288.179,274.004,30.0,35.166,6.7,0.15
2021-01-26 18:00:00,2021,1,26,18,168.72079013856117,107.0,169.0,0.6341838484286776,mixto,128.8,97.39,89.976,27.0,29.043,5.7,0.15
2021-01-26 19:00:00,2021,1,26,19,14.0,14.0,0.0,1.0,alta_fd,13.238,7.993,3.746,25.4,25.666,3.6,0.15
2021-01-26 20:00:00,2021,1,26,20,0.0,0.0,0.0,,,0.0,0.0,0.0,23.0,23.0,3.1,0.15
2021-01-26 21:00:00,2021,1,26,21,0.0,0.0,0.0,,,0.0,0.0,0.0,21.0,21.0,4.6,0.15
2021-01-26 22:00:00,2021,1,26,22,0.0,0.0,0.0,,,0.0,0.0,0.0,20.6,20.6,3.6,0.15
2021-01-26 23:00:00,2021,1,26,23,0.0,0.0,0.0,,,0.0,0.0,0.0,20.0,20.0,2.6,0.15
2021-01-27 00:00:00,2021,1,27,0,0.0,0.0,0.0,,,0.0,0.0,0.0,18.0,18.0,1.0,0.15
2021-01-27 01:00:00,2021,1,27,1,0.0,0.0,0.0,,,0.0,0.0,0.0,17.4,17.4,0.5,0.15
2021-01-27 02:00:00,2021,1,27,2,0.0,0.0,0.0,,,0.0,0.0,0.0,16.7,16.7,0.5,0.15
2021-01-27 03:00:00,2021,1,27,3,0.0,0.0,0.0,,,0.0,0.0,0.0,16.1,16.1,0.5,0.15
2021-01-27 04:00:00,2021,1,27,4,0.0,0.0,0.0,,,0.0,0.0,0.0,15.4,15.4,0.5,0.15
2021-01-27 05:00:00,2021,1,27,5,0.0,0.0,0.0,,,0.0,0.0,0.0,14.0,14.0,0.5,0.15
2021-01-27 06:00:00,2021,1,27,6,24.0,24.0,0.0,1.0,alta_fd,22.621,15.905,11.378,16.2,17.04,0.7,0.15
2021-01-27 07:00:00,2021,1,27,7,157.98425083530952,102.0,299.0,0.6456339759228897,mixto,158.73,121.002,112.75,18.4,23.886,1.0,0.15
2021-01-27 08:00:00,2021,1,27,8,373.19227376768566,173.0,511.0,0.46356801080960613,mixto,397.435,327.031,311.479,21.0,31.987,2.1,0.15
2021-01-27 09:00:00,2021,1,27,9,590.4081866147174,159.0,742.0,0.26930520884487436,baja_fd,648.779,527.856,505.189,24.0,37.843,3.6,0.15
2021-01-27 10:00:00,2021,1,27,10,789.2473062979205,156.0,852.0,0.19765667713424417,baja_fd,863.282,680.049,651.989,25.5,43.883,3.6,0.15
2021-01-27 11:00:00,2021,1,27,11,944.489446127316,190.0,871.0,0.20116688521936987,baja_fd,1016.813,779.42,747.839,27.0,48.618,3.6,0.15
2021-01-27 12:00:00,2021,1,27,12,1033.3285039153748,162.0,925.0,0.15677492625642997,baja_fd,1086.44,822.009,788.918,28.0,51.091,3.6,0.15
2021-01-27 13:00:00,2021,1,27,13,1051.9400795095194,160.0,924.0,0.15209991815750767,baja_fd,1079.579,825.272,792.066,28.8,48.703,4.6,0.15
2021-01-27 14:00:00,2021,1,27,14,997.9524406310311,154.0,903.0,0.1543159711124328,baja_fd,993.179,770.044,738.794,28.0,46.324,4.6,0.15
2021-01-27 15:00:00,2021,1,27,15,873.849127446705,119.0,886.0,0.1361791140625218,baja_fd,832.484,649.707,622.722,29.0,46.737,3.6,0.15
2021-01-27 16:00:00,2021,1,27,16,683.4587891661873,113.0,789.0,0.16533549906916675,baja_fd,611.921,488.857,467.571,28.9,43.049,3.1,0.15
2021-01-27 17:00:00,2021,1,27,17,435.4967264995085,145.0,522.0,0.33295313414982386,mixto,358.49,288.713,274.519,28.0,35.083,4.1,0.15
2021-01-27 18:00:00,2021,1,27,18,175.9398170488706,101.0,206.0,0.5740599353467859,mixto,130.023,97.577,90.156,25.0,27.353,4.6,0.15
2021-01-27 19:00:00,2021,1,27,19,16.0,16.0,0.0,1.0,alta_fd,15.137,9.143,4.856,22.6,22.846,5.1,0.15
2021-01-27 20:00:00,2021,1,27,20,0.0,0.0,0.0,,,0.0,0.0,0.0,20.0,20.0,5.1,0.15
2021-01-27 21:00:00,2021,1,27,21,0.0,0.0,0.0,,,0.0,0.0,0.0,18.0,18.0,3.1,0.15
2021-01-27 22:00:00,2021,1,27,22,0.0,0.0,0.0,,,0.0,0.0,0.0,16.7,16.7,3.6,0.15
2021-01-27 23:00:00,2021,1,27,23,0.0,0.0,0.0,,,0.0,0.0,0.0,16.0,16.0,3.6,0.15
2021-01-28 00:00:00,2021,1,28,0,0.0,0.0,0.0,,,0.0,0.0,0.0,16.0,16.0,3.1,0.15
2021-01-28 01:00:00,2021,1,28,1,0.0,0.0,0.0,,,0.0,0.0,0.0,15.3,15.3,2.1,0.15
2021-01-28 02:00:00,2021,1,28,2,0.0,0.0,0.0,,,0.0,0.0,0.0,15.1,15.1,1.5,0.15
2021-01-28 03:00:00,2021,1,28,3,0.0,0.0,0.0,,,0.0,0.0,0.0,15.0,15.0,1.0,0.15
2021-01-28 04:00:00,2021,1,28,4,0.0,0.0,0.0,,,0.0,0.0,0.0,14.7,14.7,0.5,0.15
2021-01-28 05:00:00,2021,1,28,5,0.0,0.0,0.0,,,0.0,0.0,0.0,14.0,14.0,1.5,0.15
2021-01-28 06:00:00,2021,1,28,6,19.0,19.0,0.0,1.0,alta_fd,17.982,12.437,8.033,14.0,14.4,3.1,0.15
2021-01-28 07:00:00,2021,1,28,7,56.0,56.0,0.0,1.0,alta_fd,53.078,43.773,38.259,15.2,16.538,2.6,0.15
2021-01-28 08:00:00,2021,1,28,8,337.91628777853987,278.0,154.0,0.8226889618951804,alta_fd,333.704,276.797,263.026,17.0,28.798,1.0,0.15
2021-01-28 09:00:00,2021,1,28,9,593.3850624756756,261.0,574.0,0.43984929265168193,mixto,636.542,499.35,477.692,20.0,45.789,0.5,0.15
2021-01-28 10:00:00,2021,1,28,10,786.4289270554616,166.0,837.0,0.21108074015224154,baja_fd,860.803,667.198,639.593,24.0,47.782,2.1,0.15
2021-01-28 11:00:00,2021,1,28,11,939.2076688671974,149.0,914.0,0.15864436049560024,baja_fd,1010.178,771.694,740.386,26.5,49.763,3.1,0.15
2021-01-28 12:00:00,2021,1,28,12,1035.3169857997327,154.0,937.0,0.14874671439978587,baja_fd,1091.066,827.522,794.236,29.0,50.544,4.1,0.15
2021-01-28 13:00:00,2021,1,28,13,1053.5410995791688,155.0,932.0,0.14712287927059883,baja_fd,1083.283,833.23,799.741,28.5,47.231,5.1,0.15
2021-01-28 14:00:00,2021,1,28,14,998.6391198711997,151.0,908.0,0.1512057729317427,baja_fd,995.566,778.832,747.271,29.0,44.153,6.2,0.15
2021-01-28 15:00:00,2021,1,28,15,874.8471693455763,132.0,873.0,0.15088349671262208,baja_fd,839.008,665.823,638.266,28.0,42.54,5.1,0.15
2021-01-28 16:00:00,2021,1,28,16,680.6391890549988,145.0,742.0,0.21303504460464343,baja_fd,615.077,503.067,481.277,27.0,36.94,5.7,0.15
2021-01-28 17:00:00,2021,1,28,17,434.93573643716417,144.0,524.0,0.33108339447936785,mixto,358.653,291.102,276.823,27.0,33.205,5.1,0.15
2021-01-28 18:00:00,2021,1,28,18,174.6415061185756,104.0,195.0,0.5955056292825806,mixto,130.8,98.434,90.982,25.0,27.959,3.1,0.15
2021-01-28 19:00:00,2021,1,28,19,15.0,15.0,0.0,1.0,alta_fd,14.188,8.257,4.001,24.0,24.332,2.6,0.15
2021-01-28 20:00:00,2021,1,28,20,0.0,0.0,0.0,,,0.0,0.0,0.0,21.0,21.0,2.6,0.15
2021-01-28 21:00:00,2021,1,28,21,0.0,0.0,0.0,,,0.0,0.0,0.0,19.0,19.0,3.6,0.15
2021-01-28 22:00:00,2021,1,28,22,0.0,0.0,0.0,,,0.0,0.0,0.0,18.0,18.0,3.6,0.15
2021-01-28 23:00:00,2021,1,28,23,0.0,0.0,0.0,,,0.0,0.0,0.0,17.0,17.0,1.5,0.15
2021-01-29 00:00:00,2021,1,29,0,0.0,0.0,0.0,,,0.0,0.0,0.0,16.0,16.0,1.0,0.15
2021-01-29 01:00:00,2021,1,29,1,0.0,0.0,0.0,,,0.0,0.0,0.0,14.6,14.6,1.5,0.15
2021-01-29 02:00:00,2021,1,29,2,0.0,0.0,0.0,,,0.0,0.0,0.0,15.0,15.0,1.5,0.15
2021-01-29 03:00:00,2021,1,29,3,0.0,0.0,0.0,,,0.0,0.0,0.0,14.0,14.0,1.5,0.15
2021-01-29 04:00:00,2021,1,29,4,0.0,0.0,0.0,,,0.0,0.0,0.0,14.4,14.4,1.0,0.15
2021-01-29 05:00:00,2021,1,29,5,0.0,0.0,0.0,,,0.0,0.0,0.0,13.0,13.0,1.0,0.15
2021-01-29 06:00:00,2021,1,29,6,22.0,22.0,0.0,1.0,alta_fd,20.833,14.562,10.082,13.0,13.952,0.0,0.15
2021-01-29 07:00:00,2021,1,29,7,153.91434028000123,105.0,270.0,0.68219764194151,mixto,154.512,119.118,110.934,17.0,22.35,1.0,0.15
2021-01-29 08:00:00,2021,1,29,8,367.7255431354321,173.0,504.0,0.4704595675484112,mixto,393.412,323.131,307.718,20.0,32.345,1.5,0.15
2021-01-29 09:00:00,2021,1,29,9,585.4975233584206,157.0,743.0,0.2681480172613646,baja_fd,646.659,516.868,494.59,22.0,42.324,1.5,0.15
2021-01-29 10:00:00,2021,1,29,10,785.3123649211677,154.0,854.0,0.19610031228205485,baja_fd,862.652,681.151,653.052,25.0,43.37,3.6,0.15
2021-01-29 11:00:00,2021,1,29,11,938.106269825426,146.0,918.0,0.15563268757085422,baja_fd,1011.146,776.584,745.103,27.0,48.506,3.6,0.15
2021-01-29 12:00:00,2021,1,29,12,1029.5162475893483,158.0,928.0,0.1534701374261582,baja_fd,1086.456,832.724,799.254,28.0,48.03,4.6,0.15
2021-01-29 13:00:00,2021,1,29,13,1050.5615868265227,158.0,927.0,0.1503957521208038,baja_fd,1081.869,824.56,791.379,29.5,49.446,4.6,0.15
2021-01-29 14:00:00,2021,1,29,14,998.3963370702435,149.0,911.0,0.14923932958050998,baja_fd,997.048,748.881,718.382,31.0,53.964,3.1,0.15
2021-01-29 15:00:00,2021,1,29,15,876.6576246828803,128.0,881.0,0.14600911050799606,baja_fd,838.645,645.932,619.081,32.0,49.868,3.6,0.15
2021-01-29 16:00:00,2021,1,29,16,681.9760052250762,153.0,734.0,0.22434806918097447,baja_fd,618.507,495.163,473.654,32.2,42.195,5.7,0.15
2021-01-29 17:00:00,2021,1,29,17,433.3689489783451,157.0,499.0,0.3622779167038225,mixto,360.96,291.319,277.033,29.1,34.781,5.9,0.15
2021-01-29 18:00:00,2021,1,29,18,173.32634649553756,103.0,195.0,0.5942547228539882,mixto,129.968,97.727,90.301,26.0,27.943,6.2,0.15
2021-01-29 19:00:00,2021,1,29,19,15.0,15.0,0.0,1.0,alta_fd,14.188,8.404,4.143,24.7,24.903,6.2,0.15
2021-01-29 20:00:00,2021,1,29,20,0.0,0.0,0.0,,,0.0,0.0,0.0,23.0,23.0,3.1,0.15
2021-01-29 21:00:00,2021,1,29,21,0.0,0.0,0.0,,,0.0,0.0,0.0,21.0,21.0,1.5,0.15
2021-01-29 22:00:00,2021,1,29,22,0.0,0.0,0.0,,,0.0,0.0,0.0,19.6,19.6,2.1,0.15
2021-01-29 23:00:00,2021,1,29,23,0.0,0.0,0.0,,,0.0,0.0,0.0,19.0,19.0,2.6,0.15
2021-01-30 00:00:00,2021,1,30,0,0.0,0.0,0.0,,,0.0,0.0,0.0,18.0,18.0,2.1,0.15
2021-01-30 01:00:00,2021,1,30,1,0.0,0.0,0.0,,,0.0,0.0,0.0,17.0,17.0,2.1,0.15
2021-01-30 02:00:00,2021,1,30,2,0.0,0.0,0.0,,,0.0,0.0,0.0,16.0,16.0,1.5,0.15
2021-01-30 03:00:00,2021,1,30,3,0.0,0.0,0.0,,,0.0,0.0,0.0,15.3,15.3,1.8,0.15
2021-01-30 04:00:00,2021,1,30,4,0.0,0.0,0.0,,,0.0,0.0,0.0,14.6,14.6,2.1,0.15
2021-01-30 05:00:00,2021,1,30,5,0.0,0.0,0.0,,,0.0,0.0,0.0,15.0,15.0,1.5,0.15
2021-01-30 06:00:00,2021,1,30,6,21.0,21.0,0.0,1.0,alta_fd,19.884,13.514,9.071,14.0,14.674,1.0,0.15
2021-01-30 07:00:00,2021,1,30,7,151.37897405796468,104.0,266.0,0.6870174715292842,mixto,152.403,117.231,109.114,17.4,22.676,1.0,0.15
2021-01-30 08:00:00,2021,1,30,8,365.35778130728187,172.0,504.0,0.47077141585590176,mixto,392.033,322.393,307.005,19.7,32.001,1.5,0.15
2021-01-30 09:00:00,2021,1,30,9,582.8882697953918,155.0,745.0,0.2659171714922464,baja_fd,645.607,521.077,498.65,22.1,39.977,2.1,0.15
2021-01-30 10:00:00,2021,1,30,10,783.5289028236998,151.0,858.0,0.19271784289746385,baja_fd,862.807,673.873,646.032,24.4,46.091,2.6,0.15
2021-01-30 11:00:00,2021,1,30,11,941.077670400537,185.0,878.0,0.1965831363539432,baja_fd,1019.054,781.221,749.576,27.0,48.668,3.6,0.15
2021-01-30 12:00:00,2021,1,30,12,1029.897788482354,156.0,932.0,0.15147134185993338,baja_fd,1088.935,823.923,790.765,28.0,51.146,3.6,0.15
2021-01-30 13:00:00,2021,1,30,13,1048.3583512072032,157.0,927.0,0.14975795234445524,baja_fd,1081.498,836.14,802.549,28.6,46.002,5.7,0.15
2021-01-30 14:00:00,2021,1,30,14,996.4363575795049,150.0,909.0,0.15053645810794455,baja_fd,996.812,775.858,744.403,28.8,45.428,5.4,0.15
2021-01-30 15:00:00,2021,1,30,15,873.3553897904045,130.0,876.0,0.14885120252271936,baja_fd,840.596,664.428,636.921,29.0,43.568,5.1,0.15
2021-01-30 16:00:00,2021,1,30,16,678.2223309838527,143.0,744.0,0.21084531350148744,baja_fd,615.266,499.527,477.864,28.9,38.843,5.7,0.15
2021-01-30 17:00:00,2021,1,30,17,433.10495849584316,142.0,527.0,0.32786509878150677,mixto,358.452,290.718,276.453,28.0,33.456,6.2,0.15
2021-01-30 18:00:00,2021,1,30,18,171.9159589121615,103.0,192.0,0.5991299507722065,mixto,129.477,97.429,90.013,26.0,27.936,6.2,0.15
2021-01-30 19:00:00,2021,1,30,19,15.0,15.0,0.0,1.0,alta_fd,14.189,8.163,3.91,24.5,24.712,5.7,0.15
2021-01-30 20:00:00,2021,1,30,20,0.0,0.0,0.0,,,0.0,0.0,0.0,23.0,23.0,4.1,0.15
2021-01-30 21:00:00,2021,1,30,21,0.0,0.0,0.0,,,0.0,0.0,0.0,21.3,21.3,3.1,0.15
2021-01-30 22:00:00,2021,1,30,22,0.0,0.0,0.0,,,0.0,0.0,0.0,19.6,19.6,2.1,0.15
2021-01-30 23:00:00,2021,1,30,23,0.0,0.0,0.0,,,0.0,0.0,0.0,18.0,18.0,1.0,0.15
2021-01-31 00:00:00,2021,1,31,0,0.0,0.0,0.0,,,0.0,0.0,0.0,16.0,16.0,1.0,0.15
2021-01-31 01:00:00,2021,1,31,1,0.0,0.0,0.0,,,0.0,0.0,0.0,15.9,15.9,1.0,0.15
2021-01-31 02:00:00,2021,1,31,2,0.0,0.0,0.0,,,0.0,0.0,0.0,15.0,15.0,1.0,0.15
2021-01-31 03:00:00,2021,1,31,3,0.0,0.0,0.0,,,0.0,0.0,0.0,14.0,14.0,0.5,0.15
2021-01-31 04:00:00,2021,1,31,4,0.0,0.0,0.0,,,0.0,0.0,0.0,12.8,12.8,0.5,0.15
2021-01-31 05:00:00,2021,1,31,5,0.0,0.0,0.0,,,0.0,0.0,0.0,13.0,13.0,1.0,0.15
2021-01-31 06:00:00,2021,1,31,6,20.0,20.0,0.0,1.0,alta_fd,18.933,12.858,8.439,14.0,14.735,0.5,0.15
2021-01-31 07:00:00,2021,1,31,7,154.63845614908467,117.0,215.0,0.7566035183848577,alta_fd,153.282,119.344,111.151,16.8,23.941,0.0,0.15
2021-01-31 08:00:00,2021,1,31,8,362.3675226159065,170.0,505.0,0.46913696562203355,mixto,390.159,315.92,300.763,20.0,35.8,0.5,0.15
2021-01-31 09:00:00,2021,1,31,9,579.2578682197263,156.0,740.0,0.2693101096398495,baja_fd,643.018,514.333,492.145,22.0,42.211,1.5,0.15
2021-01-31 10:00:00,2021,1,31,10,781.9199391127177,146.0,865.0,0.18671988357999061,baja_fd,863.402,678.335,650.335,24.8,44.711,3.1,0.15
2021-01-31 11:00:00,2021,1,31,11,937.369292424672,139.0,929.0,0.14828734109739378,baja_fd,1014.883,770.035,738.786,26.0,51.484,2.6,0.15
2021-01-31 12:00:00,2021,1,31,12,1031.7223391085035,148.0,944.0,0.14344944796667355,baja_fd,1093.488,842.174,808.369,28.0,46.908,5.1,0.15
2021-01-31 13:00:00,2021,1,31,13,1052.473580327125,147.0,943.0,0.1396709644286844,baja_fd,1088.16,792.983,760.921,30.0,60.015,2.1,0.15
2021-01-31 14:00:00,2021,1,31,14,998.5855133495825,144.0,919.0,0.14420397459700462,baja_fd,1000.774,762.006,731.042,31.0,50.778,4.1,0.15
2021-01-31 15:00:00,2021,1,31,15,873.1706739925733,125.0,883.0,0.14315643404334397,baja_fd,838.344,652.273,625.197,32.0,47.494,4.6,0.15
2021-01-31 16:00:00,2021,1,31,16,678.0735545649449,141.0,748.0,0.20794204264530897,baja_fd,616.172,491.958,470.562,31.6,43.011,4.6,0.15
2021-01-31 17:00:00,2021,1,31,17,430.633957350214,142.0,524.0,0.32974640660889215,mixto,357.391,285.502,271.422,31.0,37.184,5.1,0.15
2021-01-31 18:00:00,2021,1,31,18,169.4980673139559,102.0,189.0,0.6017767731302129,mixto,128.075,94.526,87.213,30.2,32.377,5.1,0.15
2021-01-31 19:00:00,2021,1,31,19,14.0,14.0,0.0,1.0,alta_fd,13.24,7.155,2.937,28.3,28.579,3.1,0.15
2021-01-31 20:00:00,2021,1,31,20,0.0,0.0,0.0,,,0.0,0.0,0.0,26.4,26.4,3.1,0.15
2021-01-31 21:00:00,2021,1,31,21,0.0,0.0,0.0,,,0.0,0.0,0.0,24.3,24.3,2.8,0.15
2021-01-31 22:00:00,2021,1,31,22,0.0,0.0,0.0,,,0.0,0.0,0.0,22.0,22.0,2.6,0.15
2021-01-31 23:00:00,2021,1,31,23,0.0,0.0,0.0,,,0.0,0.0,0.0,19.6,19.6,0.0,0.15
2021-02-01 00:00:00,2021,2,1,0,0.0,0.0,0.0,,,0.0,0.0,0.0,17.3,17.3,1.4,0.14
2021-02-01 01:00:00,2021,2,1,1,0.0,0.0,0.0,,,0.0,0.0,0.0,15.3,15.3,0.7,0.14
2021-02-01 02:00:00,2021,2,1,2,0.0,0.0,0.0,,,0.0,0.0,0.0,13.8,13.8,0.0,0.14
2021-02-01 03:00:00,2021,2,1,3,0.0,0.0,0.0,,,0.0,0.0,0.0,12.8,12.8,0.0,0.14
2021-02-01 04:00:00,2021,2,1,4,0.0,0.0,0.0,,,0.0,0.0,0.0,11.9,11.9,0.0,0.14
2021-02-01 05:00:00,2021,2,1,5,0.0,0.0,0.0,,,0.0,0.0,0.0,11.1,11.1,0.0,0.14
2021-02-01 06:00:00,2021,2,1,6,19.0,19.0,0.0,1.0,alta_fd,17.98,11.815,7.433,11.0,11.805,0.0,0.14
2021-02-01 07:00:00,2021,2,1,7,145.4528199675288,104.0,241.0,0.7150084819477353,alta_fd,146.377,113.573,105.585,14.4,21.194,0.0,0.14
2021-02-01 08:00:00,2021,2,1,8,356.131621729716,178.0,471.0,0.4998152063427045,mixto,382.151,315.944,300.786,17.0,30.512,1.0,0.14
2021-02-01 09:00:00,2021,2,1,9,559.4456206475077,212.0,610.0,0.37894657170544865,mixto,611.118,498.081,476.469,20.0,36.912,2.1,0.14
2021-02-01 10:00:00,2021,2,1,10,691.1467848212092,307.0,524.0,0.44418929052736167,mixto,744.819,595.809,570.733,21.8,38.947,3.1,0.14
2021-02-01 11:00:00,2021,2,1,11,795.4738415542557,449.0,404.0,0.5644434506139265,mixto,836.946,658.57,631.271,23.0,40.752,3.6,0.14
2021-02-01 12:00:00,2021,2,1,12,825.4843824105535,418.0,436.0,0.5063693619246551,mixto,871.009,689.123,660.741,25.0,38.979,5.7,0.14
2021-02-01 13:00:00,2021,2,1,13,783.2722760686434,487.0,309.0,0.6217505902855688,mixto,807.381,639.455,612.833,24.2,38.113,5.1,0.14
2021-02-01 14:00:00,2021,2,1,14,854.7912101705379,384.0,507.0,0.44923250898121525,mixto,867.941,689.483,661.089,24.0,38.987,5.1,0.14
2021-02-01 15:00:00,2021,2,1,15,805.1819523156597,257.0,648.0,0.3191825142887044,mixto,787.175,629.688,603.412,24.1,39.662,4.1,0.14
2021-02-01 16:00:00,2021,2,1,16,654.8590605546408,159.0,692.0,0.24280033609878288,baja_fd,599.373,487.823,466.574,24.2,38.054,3.1,0.14
2021-02-01 17:00:00,2021,2,1,17,402.7155397031987,177.0,411.0,0.4395161908339792,mixto,344.094,285.202,271.132,23.0,28.24,6.2,0.14
2021-02-01 18:00:00,2021,2,1,18,155.21946354303861,103.0,147.0,0.6635765750565205,mixto,121.474,93.867,86.577,22.0,24.549,3.6,0.14
2021-02-01 19:00:00,2021,2,1,19,13.0,13.0,0.0,1.0,alta_fd,12.288,6.95,2.74,19.6,19.911,2.1,0.14
2021-02-01 20:00:00,2021,2,1,20,0.0,0.0,0.0,,,0.0,0.0,0.0,17.0,17.0,1.5,0.14
2021-02-01 21:00:00,2021,2,1,21,0.0,0.0,0.0,,,0.0,0.0,0.0,16.0,16.0,4.1,0.14
2021-02-01 22:00:00,2021,2,1,22,0.0,0.0,0.0,,,0.0,0.0,0.0,15.0,15.0,2.1,0.14
2021-02-01 23:00:00,2021,2,1,23,0.0,0.0,0.0,,,0.0,0.0,0.0,13.0,13.0,0.0,0.14
2021-02-02 00:00:00,2021,2,2,0,0.0,0.0,0.0,,,0.0,0.0,0.0,12.6,12.6,0.0,0.14
2021-02-02 01:00:00,2021,2,2,1,0.0,0.0,0.0,,,0.0,0.0,0.0,12.3,12.3,0.0,0.14
2021-02-02 02:00:00,2021,2,2,2,0.0,0.0,0.0,,,0.0,0.0,0.0,12.1,12.1,0.0,0.14
2021-02-02 03:00:00,2021,2,2,3,0.0,0.0,0.0,,,0.0,0.0,0.0,12.0,12.0,0.0,0.14
2021-02-02 04:00:00,2021,2,2,4,0.0,0.0,0.0,,,0.0,0.0,0.0,11.2,11.2,0.0,0.14
2021-02-02 05:00:00,2021,2,2,5,0.0,0.0,0.0,,,0.0,0.0,0.0,11.8,11.8,1.5,0.14
2021-02-02 06:00:00,2021,2,2,6,18.0,18.0,0.0,1.0,alta_fd,17.03,11.13,6.772,12.4,13.017,0.7,0.14
2021-02-02 07:00:00,2021,2,2,7,147.77428700583943,115.0,194.0,0.7782138715069942,alta_fd,146.53,116.195,108.114,13.0,19.833,0.0,0.14
2021-02-02 08:00:00,2021,2,2,8,354.97447232418506,174.0,482.0,0.49017609311661214,mixto,382.838,320.902,305.567,15.0,27.012,1.5,0.14
2021-02-02 09:00:00,2021,2,2,9,573.0156202412362,155.0,737.0,0.27049873428362375,baja_fd,639.11,524.998,502.432,18.0,35.7,2.1,0.14
2021-02-02 10:00:00,2021,2,2,10,778.4808506137275,171.0,831.0,0.21965858230833743,baja_fd,860.136,694.232,665.669,19.6,37.917,3.6,0.14
2021-02-02 11:00:00,2021,2,2,11,927.6471376745792,154.0,904.0,0.1660113999662052,baja_fd,1006.388,757.064,726.275,22.0,53.529,1.5,0.14
2021-02-02 12:00:00,2021,2,2,12,1007.3788630036349,177.0,890.0,0.17570350788605074,baja_fd,1077.245,795.895,763.73,23.0,56.72,1.5,0.14
2021-02-02 13:00:00,2021,2,2,13,986.9384899715451,267.0,752.0,0.27053357702940334,baja_fd,1033.258,816.571,783.673,24.4,40.103,6.2,0.14
2021-02-02 14:00:00,2021,2,2,14,856.888798737465,397.0,496.0,0.463303990651923,mixto,871.059,694.847,666.262,23.7,37.859,5.6,0.14
2021-02-02 15:00:00,2021,2,2,15,631.4298541184568,373.0,306.0,0.5907227819006874,mixto,622.038,505.77,483.885,23.0,33.747,5.1,0.14
2021-02-02 16:00:00,2021,2,2,16,356.2122928862885,289.0,94.0,0.8113139433182216,alta_fd,338.888,280.898,266.981,22.2,27.356,6.2,0.14
2021-02-02 17:00:00,2021,2,2,17,318.58604801747026,208.0,202.0,0.6528848369047031,mixto,283.321,236.421,224.08,21.0,25.908,5.1,0.14
2021-02-02 18:00:00,2021,2,2,18,142.37891934606154,112.0,86.0,0.7866333057899988,alta_fd,118.484,94.964,87.636,20.0,21.792,6.2,0.14
2021-02-02 19:00:00,2021,2,2,19,13.0,13.0,0.0,1.0,alta_fd,12.289,6.668,2.468,18.4,18.678,2.6,0.14
2021-02-02 20:00:00,2021,2,2,20,0.0,0.0,0.0,,,0.0,0.0,0.0,16.0,16.0,1.5,0.14
2021-02-02 21:00:00,2021,2,2,21,0.0,0.0,0.0,,,0.0,0.0,0.0,15.0,15.0,2.1,0.14
2021-02-02 22:00:00,2021,2,2,22,0.0,0.0,0.0,,,0.0,0.0,0.0,14.0,14.0,2.1,0.14
2021-02-02 23:00:00,2021,2,2,23,0.0,0.0,0.0,,,0.0,0.0,0.0,13.0,13.0,2.1,0.14
2021-02-03 00:00:00,2021,2,3,0,0.0,0.0,0.0,,,0.0,0.0,0.0,13.0,13.0,2.1,0.14
2021-02-03 01:00:00,2021,2,3,1,0.0,0.0,0.0,,,0.0,0.0,0.0,12.2,12.2,2.1,0.14
2021-02-03 02:00:00,2021,2,3,2,0.0,0.0,0.0,,,0.0,0.0,0.0,11.4,11.4,1.4,0.14
2021-02-03 03:00:00,2021,2,3,3,0.0,0.0,0.0,,,0.0,0.0,0.0,10.7,10.7,0.7,0.14
2021-02-03 04:00:00,2021,2,3,4,0.0,0.0,0.0,,,0.0,0.0,0.0,9.9,9.9,0.0,0.14
2021-02-03 05:00:00,2021,2,3,5,0.0,0.0,0.0,,,0.0,0.0,0.0,9.9,9.9,0.5,0.14
2021-02-03 06:00:00,2021,2,3,6,17.0,17.0,0.0,1.0,alta_fd,16.082,10.199,5.874,10.0,10.531,1.0,0.14
2021-02-03 07:00:00,2021,2,3,7,145.34980750214208,114.0,189.0,0.7843147642168011,alta_fd,144.418,114.647,106.621,12.8,19.535,0.0,0.14
2021-02-03 08:00:00,2021,2,3,8,352.0271306313473,172.0,483.0,0.4885987045700839,mixto,381.056,314.59,299.48,15.4,30.831,0.5,0.14
2021-02-03 09:00:00,2021,2,3,9,570.6760908567061,155.0,736.0,0.2716076641082195,baja_fd,638.207,514.122,491.941,18.0,40.609,1.0,0.14
2021-02-03 10:00:00,2021,2,3,10,775.0080182682037,170.0,830.0,0.21935256925454005,baja_fd,858.305,674.72,646.849,20.8,44.518,2.1,0.14
2021-02-03 11:00:00,2021,2,3,11,926.2612114706747,150.0,909.0,0.16194135967524426,baja_fd,1007.336,788.777,756.864,24.0,43.906,4.1,0.14
2021-02-03 12:00:00,2021,2,3,12,1020.9128602922532,151.0,934.0,0.1479068448180521,baja_fd,1087.598,792.523,760.477,26.0,60.053,1.5,0.14
2021-02-03 13:00:00,2021,2,3,13,1046.1646172780095,140.0,948.0,0.13382215158859284,baja_fd,1087.735,855.198,820.931,27.8,42.016,7.7,0.14
2021-02-03 14:00:00,2021,2,3,14,990.7656120462933,165.0,892.0,0.16653787534996764,baja_fd,1004.435,788.418,756.518,28.0,43.288,6.2,0.14
2021-02-03 15:00:00,2021,2,3,15,864.7328680061825,165.0,830.0,0.1908103717399352,baja_fd,840.842,666.903,639.308,28.0,42.57,5.1,0.14
2021-02-03 16:00:00,2021,2,3,16,666.9402224851762,154.0,719.0,0.23090525178727378,baja_fd,611.865,494.995,473.492,27.6,39.736,4.1,0.14
2021-02-03 17:00:00,2021,2,3,17,419.00090657676697,144.0,504.0,0.3436746740633057,mixto,351.318,287.451,273.302,26.0,31.348,6.2,0.14
2021-02-03 18:00:00,2021,2,3,18,159.34597018133792,100.0,169.0,0.627565290080437,mixto,122.66,93.502,86.225,24.0,25.578,7.7,0.14
2021-02-03 19:00:00,2021,2,3,19,13.0,13.0,0.0,1.0,alta_fd,12.288,6.649,2.45,22.6,22.793,5.1,0.14
2021-02-03 20:00:00,2021,2,3,20,0.0,0.0,0.0,,,0.0,0.0,0.0,20.0,20.0,3.1,0.14
2021-02-03 21:00:00,2021,2,3,21,0.0,0.0,0.0,,,0.0,0.0,0.0,18.7,18.7,2.1,0.14
2021-02-03 22:00:00,2021,2,3,22,0.0,0.0,0.0,,,0.0,0.0,0.0,17.4,17.4,2.6,0.14
2021-02-03 23:00:00,2021,2,3,23,0.0,0.0,0.0,,,0.0,0.0,0.0,17.0,17.0,1.5,0.14
2021-02-04 00:00:00,2021,2,4,0,0.0,0.0,0.0,,,0.0,0.0,0.0,15.0,15.0,1.5,0.14
2021-02-04 01:00:00,2021,2,4,1,0.0,0.0,0.0,,,0.0,0.0,0.0,14.8,14.8,0.0,0.14
2021-02-04 02:00:00,2021,2,4,2,0.0,0.0,0.0,,,0.0,0.0,0.0,13.0,13.0,0.0,0.14
2021-02-04 03:00:00,2021,2,4,3,0.0,0.0,0.0,,,0.0,0.0,0.0,13.0,13.0,0.0,0.14
2021-02-04 04:00:00,2021,2,4,4,0.0,0.0,0.0,,,0.0,0.0,0.0,11.6,11.6,0.0,0.14
2021-02-04 05:00:00,2021,2,4,5,0.0,0.0,0.0,,,0.0,0.0,0.0,10.0,10.0,0.0,0.14
2021-02-04 06:00:00,2021,2,4,6,17.0,17.0,0.0,1.0,alta_fd,16.082,10.178,5.853,11.0,11.712,0.0,0.14
2021-02-04 07:00:00,2021,2,4,7,143.1182424448535,113.0,185.0,0.789556929079403,alta_fd,142.225,112.619,104.665,13.4,20.033,0.0,0.14
2021-02-04 08:00:00,2021,2,4,8,348.4818879679764,172.0,477.0,0.493569410459019,mixto,378.149,306.81,291.975,17.2,35.104,0.0,0.14
2021-02-04 09:00:00,2021,2,4,9,566.0843064220361,155.0,731.0,0.27381080563721183,baja_fd,634.741,489.527,468.217,21.0,51.112,0.0,0.14
2021-02-04 10:00:00,2021,2,4,10,767.7873498839621,150.0,850.0,0.19536659469926138,baja_fd,854.639,643.414,616.652,24.8,55.014,1.0,0.14
2021-02-04 11:00:00,2021,2,4,11,925.6765358149428,169.0,888.0,0.1825691734221356,baja_fd,1013.344,772.26,740.932,27.0,50.336,3.1,0.14
2021-02-04 12:00:00,2021,2,4,12,1019.3579545308706,151.0,934.0,0.14813245860183952,baja_fd,1087.987,835.186,801.629,29.0,47.815,5.1,0.14
2021-02-04 13:00:00,2021,2,4,13,1043.7447173227863,140.0,947.0,0.13413241540431567,baja_fd,1087.207,834.956,801.407,29.0,47.803,5.1,0.14
2021-02-04 14:00:00,2021,2,4,14,988.6749213138155,143.0,915.0,0.14463803715175894,baja_fd,998.068,774.635,743.223,29.0,46.273,5.1,0.14
2021-02-04 15:00:00,2021,2,4,15,859.7406568848645,147.0,847.0,0.17098179412921038,baja_fd,836.831,672.234,644.45,23.0,39.563,4.1,0.14
2021-02-04 16:00:00,2021,2,4,16,664.8362378268607,146.0,729.0,0.2196029513632226,baja_fd,610.351,497.84,476.236,27.2,37.801,5.1,0.14
2021-02-04 17:00:00,2021,2,4,17,415.8647739145733,144.0,500.0,0.3462664044480488,mixto,349.69,287.175,273.036,25.1,30.424,6.2,0.14
2021-02-04 18:00:00,2021,2,4,18,156.93134925859653,99.0,166.0,0.6308490971862136,mixto,121.184,92.283,85.049,23.0,25.746,3.1,0.14
2021-02-04 19:00:00,2021,2,4,19,13.0,13.0,0.0,1.0,alta_fd,12.289,6.545,2.35,22.1,22.318,4.1,0.14
2021-02-04 20:00:00,2021,2,4,20,0.0,0.0,0.0,,,0.0,0.0,0.0,20.4,20.4,3.8,0.14
2021-02-04 21:00:00,2021,2,4,21,0.0,0.0,0.0,,,0.0,0.0,0.0,18.7,18.7,3.4,0.14
2021-02-04 22:00:00,2021,2,4,22,0.0,0.0,0.0,,,0.0,0.0,0.0,17.0,17.0,3.1,0.14
2021-02-04 23:00:00,2021,2,4,23,0.0,0.0,0.0,,,0.0,0.0,0.0,16.2,16.2,2.9,0.14
2021-02-05 00:00:00,2021,2,5,0,0.0,0.0,0.0,,,0.0,0.0,0.0,15.4,15.4,2.8,0.14
2021-02-05 01:00:00,2021,2,5,1,0.0,0.0,0.0,,,0.0,0.0,0.0,14.6,14.6,2.6,0.14
2021-02-05 02:00:00,2021,2,5,2,0.0,0.0,0.0,,,0.0,0.0,0.0,14.5,14.5,2.3,0.14
2021-02-05 03:00:00,2021,2,5,3,0.0,0.0,0.0,,,0.0,0.0,0.0,14.5,14.5,2.1,0.14
2021-02-05 04:00:00,2021,2,5,4,0.0,0.0,0.0,,,0.0,0.0,0.0,14.4,14.4,1.8,0.14
2021-02-05 05:00:00,2021,2,5,5,0.0,0.0,0.0,,,0.0,0.0,0.0,14.3,14.3,1.5,0.14
2021-02-05 06:00:00,2021,2,5,6,10.0,10.0,0.0,,,9.446,5.461,1.304,14.3,14.585,1.3,0.14
2021-02-05 07:00:00,2021,2,5,7,48.0,48.0,0.0,1.0,alta_fd,45.46,37.343,32.056,14.2,15.812,1.0,0.14
2021-02-05 08:00:00,2021,2,5,8,118.0,118.0,0.0,1.0,alta_fd,111.936,93.578,86.299,15.1,18.323,1.9,0.14
2021-02-05 09:00:00,2021,2,5,9,188.55993010806347,188.0,1.0,0.9970304925985994,alta_fd,179.957,149.719,140.45,15.9,20.33,2.7,0.14
2021-02-05 10:00:00,2021,2,5,10,246.89869478703025,244.0,4.0,0.9882595783281455,alta_fd,237.216,196.065,185.154,16.8,21.824,3.6,0.14
2021-02-05 11:00:00,2021,2,5,11,288.2511271641164,284.0,5.0,0.9852520015934023,alta_fd,278.156,228.698,216.631,17.7,22.87,4.5,0.14
2021-02-05 12:00:00,2021,2,5,12,309.56809060665756,304.0,6.0,0.9820133573982195,alta_fd,299.49,245.47,232.809,18.5,23.522,5.3,0.14
2021-02-05 13:00:00,2021,2,5,13,308.71635939279156,303.0,6.0,0.9814834581360218,alta_fd,298.466,244.267,231.648,19.4,23.913,6.2,0.14
2021-02-05 14:00:00,2021,2,5,14,464.98917892673745,441.0,26.0,0.948409167322758,alta_fd,452.445,372.274,355.119,20.0,25.883,7.7,0.14
2021-02-05 15:00:00,2021,2,5,15,525.1733369505421,374.0,180.0,0.7121458263126204,alta_fd,517.581,430.289,411.079,21.0,26.87,9.3,0.14
2021-02-05 16:00:00,2021,2,5,16,470.53552685292414,325.0,205.0,0.6907023624203101,mixto,447.905,371.056,353.944,21.0,29.856,4.1,0.14
2021-02-05 17:00:00,2021,2,5,17,304.5498617856885,239.0,121.0,0.7847647626521798,alta_fd,277.832,231.027,218.878,21.0,27.106,3.4,0.14
2021-02-05 18:00:00,2021,2,5,18,122.96363599946224,98.0,72.0,0.7969835895258383,alta_fd,103.644,82.44,75.555,20.0,22.587,2.6,0.14
2021-02-05 19:00:00,2021,2,5,19,11.0,11.0,0.0,1.0,alta_fd,10.394,5.558,1.398,19.6,19.858,2.1,0.14
2021-02-05 20:00:00,2021,2,5,20,0.0,0.0,0.0,,,0.0,0.0,0.0,19.0,19.0,1.5,0.14
2021-02-05 21:00:00,2021,2,5,21,0.0,0.0,0.0,,,0.0,0.0,0.0,18.0,18.0,1.0,0.14
2021-02-05 22:00:00,2021,2,5,22,0.0,0.0,0.0,,,0.0,0.0,0.0,16.8,16.8,0.0,0.14
2021-02-05 23:00:00,2021,2,5,23,0.0,0.0,0.0,,,0.0,0.0,0.0,17.0,17.0,0.0,0.14
2021-02-06 00:00:00,2021,2,6,0,0.0,0.0,0.0,,,0.0,0.0,0.0,18.0,18.0,1.0,0.14
2021-02-06 01:00:00,2021,2,6,1,0.0,0.0,0.0,,,0.0,0.0,0.0,17.2,17.2,2.1,0.14
2021-02-06 02:00:00,2021,2,6,2,0.0,0.0,0.0,,,0.0,0.0,0.0,16.0,16.0,2.1,0.14
2021-02-06 03:00:00,2021,2,6,3,0.0,0.0,0.0,,,0.0,0.0,0.0,17.0,17.0,2.1,0.14
2021-02-06 04:00:00,2021,2,6,4,0.0,0.0,0.0,,,0.0,0.0,0.0,16.4,16.4,0.0,0.14
2021-02-06 05:00:00,2021,2,6,5,0.0,0.0,0.0,,,0.0,0.0,0.0,16.0,16.0,0.0,0.14
2021-02-06 06:00:00,2021,2,6,6,5.0,5.0,0.0,,,4.717,2.712,0.0,10.0,10.176,0.5,0.14
2021-02-06 07:00:00,2021,2,6,7,47.0,47.0,0.0,1.0,alta_fd,44.511,36.212,30.966,16.2,17.778,1.0,0.14
2021-02-06 08:00:00,2021,2,6,8,188.83169960578664,183.0,16.0,0.9691169458413966,alta_fd,180.554,149.732,140.463,17.7,24.612,0.7,0.14
2021-02-06 09:00:00,2021,2,6,9,387.12892310611795,318.0,124.0,0.821431778975686,alta_fd,393.204,316.021,300.859,19.1,35.974,0.3,0.14
2021-02-06 10:00:00,2021,2,6,10,597.7507432497622,394.0,282.0,0.6591376162210347,mixto,629.702,477.996,457.095,20.6,50.316,0.0,0.14
2021-02-06 11:00:00,2021,2,6,11,858.5641748393964,364.0,583.0,0.42396364845771733,mixto,926.849,708.609,679.536,23.0,48.537,2.1,0.14
2021-02-06 12:00:00,2021,2,6,12,1001.2699878693799,276.0,783.0,0.2756499279353267,baja_fd,1077.675,732.022,702.12,24.0,74.872,0.0,0.14
2021-02-06 13:00:00,2021,2,6,13,1033.6487328504695,152.0,927.0,0.14705189023047807,baja_fd,1080.07,836.566,802.959,24.4,45.732,4.1,0.14
2021-02-06 14:00:00,2021,2,6,14,982.2101500385428,145.0,909.0,0.14762624881682404,baja_fd,995.242,767.316,736.164,25.0,47.927,3.1,0.14
2021-02-06 15:00:00,2021,2,6,15,854.2298390351516,146.0,845.0,0.1709141888146945,baja_fd,834.773,670.993,643.253,25.0,39.468,5.1,0.14
2021-02-06 16:00:00,2021,2,6,16,659.4730660570393,144.0,728.0,0.21835615040500397,baja_fd,607.965,502.217,480.458,25.4,34.69,6.2,0.14
2021-02-06 17:00:00,2021,2,6,17,411.2067951229528,143.0,497.0,0.34775689919531194,mixto,347.439,286.254,272.148,24.0,29.596,5.7,0.14
2021-02-06 18:00:00,2021,2,6,18,151.75317421833134,97.0,159.0,0.6391958553726429,mixto,118.027,90.25,83.088,22.0,24.675,3.1,0.14
2021-02-06 19:00:00,2021,2,6,19,12.0,12.0,0.0,1.0,alta_fd,11.342,6.062,1.884,20.6,20.835,3.1,0.14
2021-02-06 20:00:00,2021,2,6,20,0.0,0.0,0.0,,,0.0,0.0,0.0,18.8,18.8,2.8,0.14
2021-02-06 21:00:00,2021,2,6,21,0.0,0.0,0.0,,,0.0,0.0,0.0,17.0,17.0,2.6,0.14
2021-02-06 22:00:00,2021,2,6,22,0.0,0.0,0.0,,,0.0,0.0,0.0,16.0,16.0,2.1,0.14
2021-02-06 23:00:00,2021,2,6,23,0.0,0.0,0.0,,,0.0,0.0,0.0,15.5,15.5,1.5,0.14
2021-02-07 00:00:00,2021,2,7,0,0.0,0.0,0.0,,,0.0,0.0,0.0,15.0,15.0,1.0,0.14
2021-02-07 01:00:00,2021,2,7,1,0.0,0.0,0.0,,,0.0,0.0,0.0,14.2,14.2,0.0,0.14
2021-02-07 02:00:00,2021,2,7,2,0.0,0.0,0.0,,,0.0,0.0,0.0,13.0,13.0,1.0,0.14
2021-02-07 03:00:00,2021,2,7,3,0.0,0.0,0.0,,,0.0,0.0,0.0,12.0,12.0,1.0,0.14
2021-02-07 04:00:00,2021,2,7,4,0.0,0.0,0.0,,,0.0,0.0,0.0,11.8,11.8,0.0,0.14
2021-02-07 05:00:00,2021,2,7,5,0.0,0.0,0.0,,,0.0,0.0,0.0,11.0,11.0,0.0,0.14
2021-02-07 06:00:00,2021,2,7,6,15.0,15.0,0.0,1.0,alta_fd,14.186,8.065,3.816,10.0,10.603,0.0,0.14
2021-02-07 07:00:00,2021,2,7,7,130.71247455713225,98.0,213.0,0.7497371641997782,alta_fd,133.892,103.773,96.132,14.5,20.715,0.0,0.14
2021-02-07 08:00:00,2021,2,7,8,338.5636549236409,170.0,466.0,0.5021212334157413,mixto,370.723,306.729,291.897,17.0,30.108,1.0,0.14
2021-02-07 09:00:00,2021,2,7,9,556.9610021919077,154.0,726.0,0.27650050792413905,baja_fd,629.933,504.187,482.358,20.0,42.319,1.0,0.14
2021-02-07 10:00:00,2021,2,7,10,760.7370084644268,147.0,852.0,0.1932336646756866,baja_fd,853.216,671.674,643.91,23.0,44.456,2.6,0.14
2021-02-07 11:00:00,2021,2,7,11,917.4173963777946,165.0,889.0,0.17985270461565633,baja_fd,1010.923,780.555,748.933,24.0,47.283,3.1,0.14
2021-02-07 12:00:00,2021,2,7,12,1012.6391917018002,139.0,945.0,0.13726508033567442,baja_fd,1088.113,816.726,783.822,26.0,53.311,2.6,0.14
2021-02-07 13:00:00,2021,2,7,13,1033.7170451435131,147.0,934.0,0.14220525886713195,baja_fd,1082.469,806.815,774.263,27.8,54.968,2.6,0.14
2021-02-07 14:00:00,2021,2,7,14,979.6637656132398,144.0,909.0,0.14698920696516765,baja_fd,994.568,782.035,750.361,28.0,43.142,6.2,0.14
2021-02-07 15:00:00,2021,2,7,15,852.722461615541,146.0,845.0,0.17121631781974292,baja_fd,834.978,657.658,630.391,28.0,44.527,4.1,0.14
2021-02-07 16:00:00,2021,2,7,16,657.7640043200385,143.0,729.0,0.21740320093652102,baja_fd,607.636,496.091,474.549,28.4,37.686,6.2,0.14
2021-02-07 17:00:00,2021,2,7,17,409.1281129050258,142.0,497.0,0.34707954677503083,mixto,346.394,282.92,268.932,27.0,31.754,7.2,0.14
2021-02-07 18:00:00,2021,2,7,18,149.68016764039746,96.0,157.0,0.6413675339450273,mixto,116.694,88.046,80.963,25.0,27.645,3.1,0.14
2021-02-07 19:00:00,2021,2,7,19,11.0,11.0,0.0,1.0,alta_fd,10.395,5.464,1.307,23.0,23.162,5.1,0.14
2021-02-07 20:00:00,2021,2,7,20,0.0,0.0,0.0,,,0.0,0.0,0.0,22.0,22.0,2.1,0.14
2021-02-07 21:00:00,2021,2,7,21,0.0,0.0,0.0,,,0.0,0.0,0.0,20.0,20.0,1.0,0.14
2021-02-07 22:00:00,2021,2,7,22,0.0,0.0,0.0,,,0.0,0.0,0.0,19.0,19.0,1.0,0.14
2021-02-07 23:00:00,2021,2,7,23,0.0,0.0,0.0,,,0.0,0.0,0.0,19.0,19.0,1.0,0.14
2021-02-08 00:00:00,2021,2,8,0,0.0,0.0,0.0,,,0.0,0.0,0.0,16.0,16.0,0.0,0.14
2021-02-08 01:00:00,2021,2,8,1,0.0,0.0,0.0,,,0.0,0.0,0.0,14.5,14.5,0.0,0.14
2021-02-08 02:00:00,2021,2,8,2,0.0,0.0,0.0,,,0.0,0.0,0.0,15.0,15.0,3.1,0.14
2021-02-08 03:00:00,2021,2,8,3,0.0,0.0,0.0,,,0.0,0.0,0.0,16.0,16.0,1.5,0.14
2021-02-08 04:00:00,2021,2,8,4,0.0,0.0,0.0,,,0.0,0.0,0.0,14.4,14.4,0.0,0.14
2021-02-08 05:00:00,2021,2,8,5,0.0,0.0,0.0,,,0.0,0.0,0.0,11.0,11.0,1.5,0.14
2021-02-08 06:00:00,2021,2,8,6,14.0,14.0,0.0,1.0,alta_fd,13.237,7.495,3.266,11.0,11.564,0.0,0.14
2021-02-08 07:00:00,2021,2,8,7,132.43549335228195,107.0,169.0,0.8079405096893258,alta_fd,132.968,104.357,96.696,15.4,21.601,0.0,0.14
2021-02-08 08:00:00,2021,2,8,8,335.9186991560308,169.0,465.0,0.503097923469575,mixto,369.123,297.626,283.116,19.0,36.477,0.0,0.14
2021-02-08 09:00:00,2021,2,8,9,554.7289778457898,153.0,727.0,0.27581036165471917,baja_fd,629.413,504.953,483.097,22.0,41.791,1.5,0.14
2021-02-08 10:00:00,2021,2,8,10,757.8709499676404,146.0,852.0,0.19264493513867223,baja_fd,852.21,686.315,658.032,23.1,38.848,4.6,0.14
2021-02-08 11:00:00,2021,2,8,11,916.1953182727061,163.0,892.0,0.17790966265501365,baja_fd,1011.919,751.004,720.43,25.0,56.703,1.5,0.14
2021-02-08 12:00:00,2021,2,8,12,1009.6873277781082,147.0,935.0,0.1455896255759537,baja_fd,1086.422,819.887,786.872,27.0,52.01,3.1,0.14
2021-02-08 13:00:00,2021,2,8,13,1034.3975851791313,137.0,947.0,0.1324442380405162,baja_fd,1085.781,826.812,793.551,28.5,49.948,4.1,0.14
2021-02-08 14:00:00,2021,2,8,14,978.7079479580643,163.0,889.0,0.1665461084075964,baja_fd,1001.631,761.036,730.106,30.0,51.308,3.6,0.14
2021-02-08 15:00:00,2021,2,8,15,849.31798017407,145.0,844.0,0.17072522115954952,baja_fd,833.321,643.828,617.051,30.0,49.226,3.1,0.14
2021-02-08 16:00:00,2021,2,8,16,656.0215615452403,154.0,713.0,0.23474838180205138,baja_fd,608.635,484.423,463.295,29.8,43.872,3.1,0.14
2021-02-08 17:00:00,2021,2,8,17,401.78013011349674,162.0,448.0,0.403205603906389,mixto,345.342,279.414,265.55,29.0,34.259,6.2,0.14
2021-02-08 18:00:00,2021,2,8,18,144.43996370167793,101.0,128.0,0.6992524604104889,mixto,116.01,88.04,80.957,27.0,29.264,4.1,0.14
2021-02-08 19:00:00,2021,2,8,19,11.0,11.0,0.0,1.0,alta_fd,10.394,5.423,1.267,24.4,24.585,4.1,0.14
2021-02-08 20:00:00,2021,2,8,20,0.0,0.0,0.0,,,0.0,0.0,0.0,23.0,23.0,3.1,0.14
2021-02-08 21:00:00,2021,2,8,21,0.0,0.0,0.0,,,0.0,0.0,0.0,22.0,22.0,2.1,0.14
2021-02-08 22:00:00,2021,2,8,22,0.0,0.0,0.0,,,0.0,0.0,0.0,20.3,20.3,1.8,0.14
2021-02-08 23:00:00,2021,2,8,23,0.0,0.0,0.0,,,0.0,0.0,0.0,18.6,18.6,1.5,0.14
2021-02-09 00:00:00,2021,2,9,0,0.0,0.0,0.0,,,0.0,0.0,0.0,16.9,16.9,1.3,0.14
2021-02-09 01:00:00,2021,2,9,1,0.0,0.0,0.0,,,0.0,0.0,0.0,15.2,15.2,1.0,0.14
2021-02-09 02:00:00,2021,2,9,2,0.0,0.0,0.0,,,0.0,0.0,0.0,14.0,14.0,0.0,0.14
2021-02-09 03:00:00,2021,2,9,3,0.0,0.0,0.0,,,0.0,0.0,0.0,14.2,14.2,0.0,0.14
2021-02-09 04:00:00,2021,2,9,4,0.0,0.0,0.0,,,0.0,0.0,0.0,14.4,14.4,0.0,0.14
2021-02-09 05:00:00,2021,2,9,5,0.0,0.0,0.0,,,0.0,0.0,0.0,14.6,14.6,0.0,0.14
2021-02-09 06:00:00,2021,2,9,6,14.0,14.0,0.0,1.0,alta_fd,13.238,7.33,3.107,14.8,15.363,0.0,0.14
2021-02-09 07:00:00,2021,2,9,7,130.47401321453168,106.0,166.0,0.8124223160493245,alta_fd,131.338,103.231,95.609,15.0,21.125,0.0,0.14
2021-02-09 08:00:00,2021,2,9,8,333.4154031376138,166.0,470.0,0.4978774178932735,mixto,368.208,296.915,282.43,19.0,36.433,0.0,0.14
2021-02-09 09:00:00,2021,2,9,9,556.4806455954451,178.0,688.0,0.3198673689891524,mixto,629.018,483.465,462.37,22.0,51.839,0.0,0.14
2021-02-09 10:00:00,2021,2,9,10,758.2382953939571,164.0,830.0,0.21629084286067443,baja_fd,852.401,617.111,591.281,23.6,63.955,0.0,0.14
2021-02-09 11:00:00,2021,2,9,11,917.0330988700634,185.0,869.0,0.20173753840286748,baja_fd,1012.822,734.931,704.926,26.0,61.753,1.0,0.14
2021-02-09 12:00:00,2021,2,9,12,1008.9120970546489,136.0,948.0,0.13479866124812,baja_fd,1088.705,800.963,768.618,28.0,58.038,2.1,0.14
2021-02-09 13:00:00,2021,2,9,13,1043.0897996473384,137.0,958.0,0.13134056151859483,baja_fd,1097.028,841.076,807.31,29.3,48.276,5.1,0.14
2021-02-09 14:00:00,2021,2,9,14,982.648582696975,153.0,906.0,0.15570164420333926,baja_fd,1001.213,773.815,742.432,30.0,47.329,5.1,0.14
2021-02-09 15:00:00,2021,2,9,15,854.5242942421961,156.0,839.0,0.18255771199383272,baja_fd,840.509,648.777,621.824,30.0,49.391,3.1,0.14
2021-02-09 16:00:00,2021,2,9,16,657.2405387429098,149.0,724.0,0.2267054315988925,baja_fd,610.487,496.389,474.836,29.4,38.729,6.2,0.14
2021-02-09 17:00:00,2021,2,9,17,401.9270541925729,160.0,454.0,0.3980821851403418,mixto,345.792,280.077,266.189,28.0,33.986,5.1,0.14
2021-02-09 18:00:00,2021,2,9,18,142.76708433791276,100.0,127.0,0.7004415651111279,alta_fd,114.867,87.286,80.23,26.6,28.75,4.4,0.14
2021-02-09 19:00:00,2021,2,9,19,10.0,10.0,0.0,,,9.448,4.883,0.746,25.2,25.381,3.6,0.14
2021-02-09 20:00:00,2021,2,9,20,0.0,0.0,0.0,,,0.0,0.0,0.0,22.0,22.0,2.6,0.14
2021-02-09 21:00:00,2021,2,9,21,0.0,0.0,0.0,,,0.0,0.0,0.0,20.0,20.0,2.6,0.14
2021-02-09 22:00:00,2021,2,9,22,0.0,0.0,0.0,,,0.0,0.0,0.0,18.8,18.8,2.1,0.14
2021-02-09 23:00:00,2021,2,9,23,0.0,0.0,0.0,,,0.0,0.0,0.0,16.9,16.9,1.5,0.14
2021-02-10 00:00:00,2021,2,10,0,0.0,0.0,0.0,,,0.0,0.0,0.0,15.0,15.0,1.0,0.14
2021-02-10 01:00:00,2021,2,10,1,0.0,0.0,0.0,,,0.0,0.0,0.0,14.4,14.4,0.0,0.14
2021-02-10 02:00:00,2021,2,10,2,0.0,0.0,0.0,,,0.0,0.0,0.0,14.0,14.0,1.0,0.14
2021-02-10 03:00:00,2021,2,10,3,0.0,0.0,0.0,,,0.0,0.0,0.0,12.5,12.5,0.7,0.14
2021-02-10 04:00:00,2021,2,10,4,0.0,0.0,0.0,,,0.0,0.0,0.0,11.1,11.1,0.5,0.14
2021-02-10 05:00:00,2021,2,10,5,0.0,0.0,0.0,,,0.0,0.0,0.0,11.0,11.0,0.0,0.14
2021-02-10 06:00:00,2021,2,10,6,13.0,13.0,0.0,1.0,alta_fd,12.289,6.909,2.701,11.0,11.523,0.0,0.14
2021-02-10 07:00:00,2021,2,10,7,127.3870563552315,104.0,162.0,0.816409476563974,alta_fd,128.629,101.059,93.514,15.0,20.999,0.0,0.14
2021-02-10 08:00:00,2021,2,10,8,330.4096268241768,165.0,468.0,0.49938012274624977,mixto,366.205,295.375,280.945,19.0,36.338,0.0,0.14
2021-02-10 09:00:00,2021,2,10,9,553.681716159253,178.0,686.0,0.3214843380322182,mixto,627.631,482.593,461.529,22.0,51.774,0.0,0.14
2021-02-10 10:00:00,2021,2,10,10,754.2486813257393,164.0,827.0,0.2174349177670924,baja_fd,849.99,612.988,587.304,24.6,64.842,0.0,0.14
2021-02-10 11:00:00,2021,2,10,11,909.2416538396922,142.0,913.0,0.15617410333142956,baja_fd,1004.424,757.352,726.553,28.0,53.228,2.6,0.14
2021-02-10 12:00:00,2021,2,10,12,1005.2651106794056,136.0,946.0,0.13528769531062784,baja_fd,1086.979,817.774,784.833,29.0,52.842,3.4,0.14
2021-02-10 13:00:00,2021,2,10,13,1027.9793892254586,135.0,946.0,0.13132559019662554,baja_fd,1083.367,820.191,787.165,30.0,51.401,4.1,0.14
2021-02-10 14:00:00,2021,2,10,14,973.3968538664849,161.0,889.0,0.16540016475344332,baja_fd,1000.107,772.835,741.486,30.0,47.308,5.1,0.14
2021-02-10 15:00:00,2021,2,10,15,844.8239595967005,143.0,845.0,0.16926603273451774,baja_fd,832.262,656.085,628.874,30.0,44.427,5.1,0.14
2021-02-10 16:00:00,2021,2,10,16,648.7585291579668,154.0,707.0,0.23737645530437781,baja_fd,604.773,487.156,465.93,29.0,40.998,4.1,0.14
2021-02-10 17:00:00,2021,2,10,17,395.4579541915499,161.0,442.0,0.40712292746554707,mixto,341.693,277.469,263.674,27.0,33.307,4.6,0.14
2021-02-10 18:00:00,2021,2,10,18,140.08624619721175,99.0,123.0,0.706707494043555,alta_fd,113.204,86.699,79.663,25.0,26.935,5.1,0.14
2021-02-10 19:00:00,2021,2,10,19,10.0,10.0,0.0,,,9.448,4.928,0.79,23.4,23.635,2.1,0.14
2021-02-10 20:00:00,2021,2,10,20,0.0,0.0,0.0,,,0.0,0.0,0.0,20.0,20.0,2.1,0.14
2021-02-10 21:00:00,2021,2,10,21,0.0,0.0,0.0,,,0.0,0.0,0.0,19.0,19.0,2.1,0.14
2021-02-10 22:00:00,2021,2,10,22,0.0,0.0,0.0,,,0.0,0.0,0.0,17.2,17.2,2.1,0.14
2021-02-10 23:00:00,2021,2,10,23,0.0,0.0,0.0,,,0.0,0.0,0.0,16.6,16.6,1.5,0.14
2021-02-11 00:00:00,2021,2,11,0,0.0,0.0,0.0,,,0.0,0.0,0.0,16.0,16.0,1.0,0.14
2021-02-11 01:00:00,2021,2,11,1,0.0,0.0,0.0,,,0.0,0.0,0.0,13.6,13.6,0.0,0.14
2021-02-11 02:00:00,2021,2,11,2,0.0,0.0,0.0,,,0.0,0.0,0.0,13.0,13.0,0.0,0.14
2021-02-11 03:00:00,2021,2,11,3,0.0,0.0,0.0,,,0.0,0.0,0.0,13.0,13.0,0.0,0.14
2021-02-11 04:00:00,2021,2,11,4,0.0,0.0,0.0,,,0.0,0.0,0.0,11.8,11.8,0.0,0.14
2021-02-11 05:00:00,2021,2,11,5,0.0,0.0,0.0,,,0.0,0.0,0.0,10.0,10.0,0.0,0.14
2021-02-11 06:00:00,2021,2,11,6,12.0,12.0,0.0,1.0,alta_fd,11.342,6.385,2.195,10.0,10.482,0.0,0.14
2021-02-11 07:00:00,2021,2,11,7,125.32525486776692,103.0,158.0,0.8218614844125175,alta_fd,126.837,100.156,92.644,13.8,19.716,0.0,0.14
2021-02-11 08:00:00,2021,2,11,8,326.9076868568819,167.0,456.0,0.5108475778151754,mixto,362.811,292.778,278.44,19.0,36.178,0.0,0.14
2021-02-11 09:00:00,2021,2,11,9,549.9771337614364,176.0,686.0,0.3200133045464823,mixto,625.574,481.094,460.084,22.1,51.778,0.0,0.14
2021-02-11 10:00:00,2021,2,11,10,752.2376174969997,161.0,831.0,0.2140281159239449,baja_fd,850.287,611.627,585.991,25.2,65.459,0.0,0.14
2021-02-11 11:00:00,2021,2,11,11,912.6647949548515,180.0,874.0,0.19722465574987408,baja_fd,1012.928,762.222,731.25,28.0,53.434,2.6,0.14
2021-02-11 12:00:00,2021,2,11,12,1003.3370128653388,135.0,947.0,0.13455100157669436,baja_fd,1087.216,813.924,781.12,29.0,54.033,3.1,0.14
2021-02-11 13:00:00,2021,2,11,13,1026.051765619327,133.0,948.0,0.12962308964959574,baja_fd,1083.583,812.739,779.977,30.6,53.643,3.6,0.14
2021-02-11 14:00:00,2021,2,11,14,975.5970340924188,154.0,901.0,0.15785205839956615,baja_fd,1004.261,776.644,745.161,31.0,47.175,5.7,0.14
2021-02-11 15:00:00,2021,2,11,15,842.0101072250903,161.0,822.0,0.19120910618352077,baja_fd,831.975,660.236,632.878,30.0,42.685,6.2,0.14
2021-02-11 16:00:00,2021,2,11,16,646.9426007746479,151.0,711.0,0.23340555996651463,baja_fd,604.147,490.283,468.946,30.0,39.233,6.2,0.14
2021-02-11 17:00:00,2021,2,11,17,394.40116919486104,160.0,444.0,0.40567831055528414,mixto,341.391,276.777,263.007,29.0,33.686,7.2,0.14
2021-02-11 18:00:00,2021,2,11,18,136.41672023724237,97.0,119.0,0.7110565320094726,alta_fd,110.646,83.734,76.803,27.0,29.517,3.1,0.14
2021-02-11 19:00:00,2021,2,11,19,9.0,9.0,0.0,,,8.501,4.406,0.286,23.6,23.792,2.6,0.14
2021-02-11 20:00:00,2021,2,11,20,0.0,0.0,0.0,,,0.0,0.0,0.0,20.0,20.0,2.1,0.14
2021-02-11 21:00:00,2021,2,11,21,0.0,0.0,0.0,,,0.0,0.0,0.0,19.0,19.0,2.6,0.14
2021-02-11 22:00:00,2021,2,11,22,0.0,0.0,0.0,,,0.0,0.0,0.0,19.0,19.0,3.1,0.14
2021-02-11 23:00:00,2021,2,11,23,0.0,0.0,0.0,,,0.0,0.0,0.0,18.0,18.0,0.0,0.14
2021-02-12 00:00:00,2021,2,12,0,0.0,0.0,0.0,,,0.0,0.0,0.0,17.0,17.0,0.0,0.14
2021-02-12 01:00:00,2021,2,12,1,0.0,0.0,0.0,,,0.0,0.0,0.0,15.4,15.4,0.0,0.14
2021-02-12 02:00:00,2021,2,12,2,0.0,0.0,0.0,,,0.0,0.0,0.0,14.7,14.7,0.0,0.14
2021-02-12 03:00:00,2021,2,12,3,0.0,0.0,0.0,,,0.0,0.0,0.0,14.0,14.0,0.0,0.14
2021-02-12 04:00:00,2021,2,12,4,0.0,0.0,0.0,,,0.0,0.0,0.0,13.2,13.2,0.0,0.14
2021-02-12 05:00:00,2021,2,12,5,0.0,0.0,0.0,,,0.0,0.0,0.0,11.0,11.0,0.0,0.14
2021-02-12 06:00:00,2021,2,12,6,12.0,12.0,0.0,1.0,alta_fd,11.342,6.354,2.165,11.0,11.482,0.0,0.14
2021-02-12 07:00:00,2021,2,12,7,118.98881569568701,93.0,188.0,0.7815860629947506,alta_fd,123.739,96.232,88.858,13.8,19.546,0.0,0.14
2021-02-12 08:00:00,2021,2,12,8,322.9072826062278,166.0,451.0,0.5140794554405581,mixto,359.568,290.285,276.036,19.0,36.024,0.0,0.14
2021-02-12 09:00:00,2021,2,12,9,538.5774454518853,156.0,705.0,0.28965193644362613,baja_fd,617.809,495.118,473.611,25.0,42.116,2.1,0.14
2021-02-12 10:00:00,2021,2,12,10,746.5339047397284,182.0,796.0,0.24379334795711988,baja_fd,845.475,653.52,626.399,25.4,48.767,2.1,0.14
2021-02-12 11:00:00,2021,2,12,11,901.1802732746867,167.0,878.0,0.1853125339652182,baja_fd,1003.72,776.837,745.347,27.0,46.836,4.1,0.14
2021-02-12 12:00:00,2021,2,12,12,996.9810963416646,147.0,929.0,0.14744512262008147,baja_fd,1081.516,802.312,769.919,29.0,56.147,2.6,0.14
2021-02-12 13:00:00,2021,2,12,13,1014.982702198895,152.0,918.0,0.1497562467524833,baja_fd,1072.977,815.06,782.216,29.4,50.595,4.1,0.14
2021-02-12 14:00:00,2021,2,12,14,963.7722950455185,144.0,901.0,0.14941288594854135,baja_fd,988.095,774.561,743.151,29.0,44.046,6.2,0.14
2021-02-12 15:00:00,2021,2,12,15,837.2852107151738,144.0,839.0,0.1719844064569124,baja_fd,828.436,663.988,636.497,29.0,40.387,7.2,0.14
2021-02-12 16:00:00,2021,2,12,16,641.0128283609947,153.0,702.0,0.23868477077316158,baja_fd,600.357,481.593,460.565,28.2,42.083,3.1,0.14
2021-02-12 17:00:00,2021,2,12,17,389.56813916581126,160.0,437.0,0.4107112053429489,mixto,338.343,276.526,262.764,27.0,31.644,7.2,0.14
2021-02-12 18:00:00,2021,2,12,18,134.08799489640452,96.0,116.0,0.7159477630653583,alta_fd,109.148,83.22,76.308,25.0,27.707,2.6,0.14
2021-02-12 19:00:00,2021,2,12,19,9.0,9.0,0.0,,,8.501,4.432,0.312,22.5,22.668,3.4,0.14
2021-02-12 20:00:00,2021,2,12,20,0.0,0.0,0.0,,,0.0,0.0,0.0,20.0,20.0,4.1,0.14
2021-02-12 21:00:00,2021,2,12,21,0.0,0.0,0.0,,,0.0,0.0,0.0,19.0,19.0,2.6,0.14
2021-02-12 22:00:00,2021,2,12,22,0.0,0.0,0.0,,,0.0,0.0,0.0,17.6,17.6,2.1,0.14
2021-02-12 23:00:00,2021,2,12,23,0.0,0.0,0.0,,,0.0,0.0,0.0,16.8,16.8,2.6,0.14
2021-02-13 00:00:00,2021,2,13,0,0.0,0.0,0.0,,,0.0,0.0,0.0,16.0,16.0,3.1,0.14
2021-02-13 01:00:00,2021,2,13,1,0.0,0.0,0.0,,,0.0,0.0,0.0,14.9,14.9,0.0,0.14
2021-02-13 02:00:00,2021,2,13,2,0.0,0.0,0.0,,,0.0,0.0,0.0,15.0,15.0,0.0,0.14
2021-02-13 03:00:00,2021,2,13,3,0.0,0.0,0.0,,,0.0,0.0,0.0,14.0,14.0,0.0,0.14
2021-02-13 04:00:00,2021,2,13,4,0.0,0.0,0.0,,,0.0,0.0,0.0,12.5,12.5,0.0,0.14
2021-02-13 05:00:00,2021,2,13,5,0.0,0.0,0.0,,,0.0,0.0,0.0,12.0,12.0,0.0,0.14
2021-02-13 06:00:00,2021,2,13,6,11.0,11.0,0.0,1.0,alta_fd,10.395,5.772,1.603,12.0,12.442,0.0,0.14
2021-02-13 07:00:00,2021,2,13,7,116.73855080267762,92.0,183.0,0.7880858496822268,alta_fd,121.765,94.091,86.793,15.4,21.055,0.0,0.14
2021-02-13 08:00:00,2021,2,13,8,319.93458490173157,166.0,446.0,0.5188560656891382,mixto,357.307,288.551,274.363,19.0,35.918,0.0,0.14
2021-02-13 09:00:00,2021,2,13,9,538.2157025138176,152.0,715.0,0.2824146513935975,baja_fd,620.126,505.148,483.285,21.0,38.182,2.1,0.14
2021-02-13 10:00:00,2021,2,13,10,741.2360582039894,146.0,842.0,0.19696829152342796,baja_fd,844.179,661.898,634.481,24.4,45.633,2.6,0.14
2021-02-13 11:00:00,2021,2,13,11,897.9842410533972,164.0,880.0,0.182631267345646,baja_fd,1002.719,751.117,720.538,27.0,54.679,2.1,0.14
2021-02-13 12:00:00,2021,2,13,12,993.1775869312384,146.0,928.0,0.14700291460575235,baja_fd,1079.731,833.601,800.1,28.0,46.676,5.1,0.14
2021-02-13 13:00:00,2021,2,13,13,1016.8855168501678,137.0,938.0,0.13472509710273134,baja_fd,1078.039,835.575,802.004,29.4,45.805,6.2,0.14
2021-02-13 14:00:00,2021,2,13,14,963.2427284449041,139.0,908.0,0.14430422975983107,baja_fd,989.637,780.537,748.916,29.0,42.584,7.2,0.14
2021-02-13 15:00:00,2021,2,13,15,835.7556799425762,160.0,820.0,0.1914435089582561,baja_fd,829.272,664.386,636.881,29.0,40.398,7.2,0.14
2021-02-13 16:00:00,2021,2,13,16,638.074604938892,149.0,706.0,0.2335150135214512,baja_fd,598.627,484.685,463.547,28.0,39.878,4.1,0.14
2021-02-13 17:00:00,2021,2,13,17,385.8254930166961,159.0,434.0,0.4121034065344134,mixto,335.944,273.984,260.313,27.0,32.116,6.2,0.14
2021-02-13 18:00:00,2021,2,13,18,132.90119219419395,88.0,138.0,0.6621460541257993,mixto,105.553,79.888,73.093,24.0,25.797,5.1,0.14
2021-02-13 19:00:00,2021,2,13,19,9.0,9.0,0.0,,,8.502,4.431,0.311,22.6,22.732,5.1,0.14
2021-02-13 20:00:00,2021,2,13,20,0.0,0.0,0.0,,,0.0,0.0,0.0,20.0,20.0,2.1,0.14
2021-02-13 21:00:00,2021,2,13,21,0.0,0.0,0.0,,,0.0,0.0,0.0,19.0,19.0,2.1,0.14
2021-02-13 22:00:00,2021,2,13,22,0.0,0.0,0.0,,,0.0,0.0,0.0,18.0,18.0,2.1,0.14
2021-02-13 23:00:00,2021,2,13,23,0.0,0.0,0.0,,,0.0,0.0,0.0,17.0,17.0,2.1,0.14
2021-02-14 00:00:00,2021,2,14,0,0.0,0.0,0.0,,,0.0,0.0,0.0,15.0,15.0,1.5,0.14
2021-02-14 01:00:00,2021,2,14,1,0.0,0.0,0.0,,,0.0,0.0,0.0,14.5,14.5,1.0,0.14
2021-02-14 02:00:00,2021,2,14,2,0.0,0.0,0.0,,,0.0,0.0,0.0,14.0,14.0,2.1,0.14
2021-02-14 03:00:00,2021,2,14,3,0.0,0.0,0.0,,,0.0,0.0,0.0,14.0,14.0,0.0,0.14
2021-02-14 04:00:00,2021,2,14,4,0.0,0.0,0.0,,,0.0,0.0,0.0,13.2,13.2,1.0,0.14
2021-02-14 05:00:00,2021,2,14,5,0.0,0.0,0.0,,,0.0,0.0,0.0,12.6,12.6,1.0,0.14
2021-02-14 06:00:00,2021,2,14,6,11.0,11.0,0.0,1.0,alta_fd,10.395,5.775,1.606,12.0,12.33,1.0,0.14
2021-02-14 07:00:00,2021,2,14,7,118.15954168499802,99.0,145.0,0.8378502369611799,alta_fd,120.454,94.748,87.427,14.8,20.42,0.0,0.14
2021-02-14 08:00:00,2021,2,14,8,317.0169424587176,165.0,444.0,0.5204769143260743,mixto,355.386,288.251,274.073,18.0,34.827,0.0,0.14
2021-02-14 09:00:00,2021,2,14,9,534.4216644734645,150.0,715.0,0.2806772441528667,baja_fd,618.036,516.535,494.269,21.0,31.736,5.1,0.14
2021-02-14 10:00:00,2021,2,14,10,736.7756607321008,147.0,837.0,0.1995179914791603,baja_fd,841.159,663.597,636.119,23.0,44.158,2.6,0.14
2021-02-14 11:00:00,2021,2,14,11,900.2825845806024,184.0,861.0,0.2043802725404453,baja_fd,1005.381,779.365,747.786,25.0,46.386,3.6,0.14
2021-02-14 12:00:00,2021,2,14,12,988.695129504258,148.0,923.0,0.14969225151762275,baja_fd,1076.932,826.072,792.838,27.0,48.274,4.1,0.14
2021-02-14 13:00:00,2021,2,14,13,1013.511787286146,144.0,929.0,0.14208024199263142,baja_fd,1076.26,830.034,796.659,28.4,47.018,5.1,0.14
2021-02-14 14:00:00,2021,2,14,14,960.3789090182424,139.0,907.0,0.14473454039311862,baja_fd,988.713,778.423,746.876,28.0,43.057,6.2,0.14
2021-02-14 15:00:00,2021,2,14,15,829.8650217621141,156.0,820.0,0.18798237774711074,baja_fd,825.132,656.199,628.984,28.0,42.303,5.1,0.14
2021-02-14 16:00:00,2021,2,14,16,635.200663519222,141.0,716.0,0.22197709810127295,baja_fd,596.529,490.567,469.221,27.0,36.119,6.2,0.14
2021-02-14 17:00:00,2021,2,14,17,382.5824239022049,158.0,432.0,0.4129829028434085,mixto,333.928,275.299,261.581,25.0,29.368,7.7,0.14
2021-02-14 18:00:00,2021,2,14,18,130.18987226865642,87.0,134.0,0.668254745810558,mixto,103.843,79.375,72.599,22.0,23.402,7.2,0.14
2021-02-14 19:00:00,2021,2,14,19,8.0,8.0,0.0,,,7.555,3.947,0.0,21.0,21.118,5.1,0.14
2021-02-14 20:00:00,2021,2,14,20,0.0,0.0,0.0,,,0.0,0.0,0.0,19.0,19.0,6.7,0.14
2021-02-14 21:00:00,2021,2,14,21,0.0,0.0,0.0,,,0.0,0.0,0.0,18.0,18.0,2.1,0.14
2021-02-14 22:00:00,2021,2,14,22,0.0,0.0,0.0,,,0.0,0.0,0.0,16.4,16.4,2.1,0.14
2021-02-14 23:00:00,2021,2,14,23,0.0,0.0,0.0,,,0.0,0.0,0.0,16.4,16.4,2.1,0.14
2021-02-15 00:00:00,2021,2,15,0,0.0,0.0,0.0,,,0.0,0.0,0.0,14.0,14.0,1.0,0.14
2021-02-15 01:00:00,2021,2,15,1,0.0,0.0,0.0,,,0.0,0.0,0.0,13.8,13.8,1.0,0.14
2021-02-15 02:00:00,2021,2,15,2,0.0,0.0,0.0,,,0.0,0.0,0.0,12.0,12.0,0.0,0.14
2021-02-15 03:00:00,2021,2,15,3,0.0,0.0,0.0,,,0.0,0.0,0.0,11.0,11.0,0.0,0.14
2021-02-15 04:00:00,2021,2,15,4,0.0,0.0,0.0,,,0.0,0.0,0.0,10.7,10.7,0.0,0.14
2021-02-15 05:00:00,2021,2,15,5,0.0,0.0,0.0,,,0.0,0.0,0.0,9.0,9.0,0.0,0.14
2021-02-15 06:00:00,2021,2,15,6,10.0,10.0,0.0,,,9.448,5.275,1.124,10.0,10.402,0.0,0.14
2021-02-15 07:00:00,2021,2,15,7,115.2021728654475,97.0,141.0,0.8419980073925597,alta_fd,117.812,93.799,86.512,13.6,17.242,1.5,0.14
2021-02-15 08:00:00,2021,2,15,8,313.45042045300784,163.0,443.0,0.5200184442707959,mixto,352.943,288.692,274.499,16.0,32.711,0.0,0.14
2021-02-15 09:00:00,2021,2,15,9,531.5517755608116,150.0,713.0,0.28219264217816425,baja_fd,616.691,502.09,480.335,19.0,38.397,1.5,0.14
2021-02-15 10:00:00,2021,2,15,10,734.3459003838698,143.0,842.0,0.19473112047775934,baja_fd,841.186,648.621,621.675,20.0,49.75,1.0,0.14
2021-02-15 11:00:00,2021,2,15,11,893.656092535272,161.0,883.0,0.18015878965615112,baja_fd,1002.79,775.377,743.939,22.0,47.186,2.6,0.14
2021-02-15 12:00:00,2021,2,15,12,986.5548238059262,146.0,925.0,0.14798974824000347,baja_fd,1077.085,836.534,802.929,24.0,45.278,4.1,0.14
2021-02-15 13:00:00,2021,2,15,13,1007.9262484448267,146.0,923.0,0.14485186810569697,baja_fd,1072.405,799.304,767.018,25.6,55.191,2.1,0.14
2021-02-15 14:00:00,2021,2,15,14,954.9428351040708,141.0,901.0,0.1476528173381537,baja_fd,985.118,757.131,726.339,28.0,48.965,3.6,0.14
2021-02-15 15:00:00,2021,2,15,15,825.2743834329438,155.0,818.0,0.18781632280313504,baja_fd,822.347,645.573,618.734,28.0,45.525,3.6,0.14
2021-02-15 16:00:00,2021,2,15,16,629.9013589738619,152.0,695.0,0.24130762354222407,baja_fd,594.212,479.391,458.441,28.1,40.792,3.6,0.14
2021-02-15 17:00:00,2021,2,15,17,378.28041448681256,157.0,428.0,0.41503602615269225,mixto,331.071,270.295,256.754,26.0,31.731,5.1,0.14
2021-02-15 18:00:00,2021,2,15,18,127.81133069045225,86.0,131.0,0.6728667915075887,mixto,102.294,77.277,70.575,24.0,25.989,4.1,0.14
2021-02-15 19:00:00,2021,2,15,19,8.0,8.0,0.0,,,7.556,3.913,0.0,22.6,22.734,4.1,0.14
2021-02-15 20:00:00,2021,2,15,20,0.0,0.0,0.0,,,0.0,0.0,0.0,19.0,19.0,2.6,0.14
2021-02-15 21:00:00,2021,2,15,21,0.0,0.0,0.0,,,0.0,0.0,0.0,19.0,19.0,1.5,0.14
2021-02-15 22:00:00,2021,2,15,22,0.0,0.0,0.0,,,0.0,0.0,0.0,17.0,17.0,1.5,0.14
2021-02-15 23:00:00,2021,2,15,23,0.0,0.0,0.0,,,0.0,0.0,0.0,15.0,15.0,0.0,0.14
2021-02-16 00:00:00,2021,2,16,0,0.0,0.0,0.0,,,0.0,0.0,0.0,14.8,14.8,0.0,0.14
2021-02-16 01:00:00,2021,2,16,1,0.0,0.0,0.0,,,0.0,0.0,0.0,14.6,14.6,0.0,0.14
2021-02-16 02:00:00,2021,2,16,2,0.0,0.0,0.0,,,0.0,0.0,0.0,11.0,11.0,0.0,0.14
2021-02-16 03:00:00,2021,2,16,3,0.0,0.0,0.0,,,0.0,0.0,0.0,11.0,11.0,0.0,0.14
2021-02-16 04:00:00,2021,2,16,4,0.0,0.0,0.0,,,0.0,0.0,0.0,11.0,11.0,0.0,0.14
2021-02-16 05:00:00,2021,2,16,5,0.0,0.0,0.0,,,0.0,0.0,0.0,10.0,10.0,0.0,0.14
2021-02-16 06:00:00,2021,2,16,6,10.0,10.0,0.0,,,9.448,5.301,1.149,9.0,9.402,0.0,0.14
2021-02-16 07:00:00,2021,2,16,7,113.2702165034759,96.0,137.0,0.8475308246369784,alta_fd,116.091,92.731,85.482,11.0,16.417,0.0,0.14
2021-02-16 08:00:00,2021,2,16,8,310.5743003616097,160.0,447.0,0.5151746291103542,mixto,351.669,286.532,272.415,17.0,33.651,0.0,0.14
2021-02-16 09:00:00,2021,2,16,9,536.1971825882523,190.0,650.0,0.3543472553937339,mixto,616.02,478.915,457.981,20.0,49.226,0.0,0.14
2021-02-16 10:00:00,2021,2,16,10,734.9778044216099,161.0,820.0,0.21905423406180108,baja_fd,841.554,648.468,621.527,23.4,49.809,1.5,0.14
2021-02-16 11:00:00,2021,2,16,11,893.6671251800586,182.0,860.0,0.2036552479910572,baja_fd,1002.775,766.023,734.916,25.7,50.005,2.8,0.14
2021-02-16 12:00:00,2021,2,16,12,987.8705033019074,133.0,943.0,0.13463303090380185,baja_fd,1082.049,826.583,793.33,28.0,49.378,4.1,0.14
2021-02-16 13:00:00,2021,2,16,13,1007.0167678991864,135.0,936.0,0.1340593367493112,baja_fd,1074.307,789.14,757.214,29.0,58.647,2.1,0.14
2021-02-16 14:00:00,2021,2,16,14,955.3646376335682,157.0,886.0,0.16433515938886742,baja_fd,993.68,744.226,713.891,30.0,54.961,2.6,0.14
2021-02-16 15:00:00,2021,2,16,15,824.6460917269101,167.0,805.0,0.20251111558690774,baja_fd,823.744,647.175,620.28,31.0,45.279,5.1,0.14
2021-02-16 16:00:00,2021,2,16,16,625.067746143969,173.0,660.0,0.27676999983959133,baja_fd,592.986,476.927,456.064,29.6,41.365,4.1,0.14
2021-02-16 17:00:00,2021,2,16,17,373.45203797877537,156.0,423.0,0.4177243237024885,mixto,327.787,265.429,252.06,28.0,33.674,5.1,0.14
2021-02-16 18:00:00,2021,2,16,18,123.17731924579454,84.0,124.0,0.681943725633304,mixto,99.187,74.607,68.0,25.0,26.929,4.1,0.14
2021-02-16 19:00:00,2021,2,16,19,7.0,7.0,0.0,,,6.609,3.379,0.0,23.6,23.764,2.1,0.14
2021-02-16 20:00:00,2021,2,16,20,0.0,0.0,0.0,,,0.0,0.0,0.0,21.6,21.6,1.4,0.14
2021-02-16 21:00:00,2021,2,16,21,0.0,0.0,0.0,,,0.0,0.0,0.0,19.6,19.6,0.7,0.14
2021-02-16 22:00:00,2021,2,16,22,0.0,0.0,0.0,,,0.0,0.0,0.0,17.6,17.6,0.0,0.14
2021-02-16 23:00:00,2021,2,16,23,0.0,0.0,0.0,,,0.0,0.0,0.0,16.3,16.3,0.3,0.14
2021-02-17 00:00:00,2021,2,17,0,0.0,0.0,0.0,,,0.0,0.0,0.0,14.9,14.9,0.7,0.14
2021-02-17 01:00:00,2021,2,17,1,0.0,0.0,0.0,,,0.0,0.0,0.0,13.6,13.6,1.0,0.14
2021-02-17 02:00:00,2021,2,17,2,0.0,0.0,0.0,,,0.0,0.0,0.0,14.0,14.0,0.0,0.14
2021-02-17 03:00:00,2021,2,17,3,0.0,0.0,0.0,,,0.0,0.0,0.0,13.0,13.0,0.0,0.14
2021-02-17 04:00:00,2021,2,17,4,0.0,0.0,0.0,,,0.0,0.0,0.0,11.8,11.8,0.0,0.14
2021-02-17 05:00:00,2021,2,17,5,0.0,0.0,0.0,,,0.0,0.0,0.0,11.0,11.0,0.0,0.14
2021-02-17 06:00:00,2021,2,17,6,9.0,9.0,0.0,,,8.502,4.723,0.592,10.0,10.362,0.0,0.14
2021-02-17 07:00:00,2021,2,17,7,110.48669346586456,94.0,134.0,0.8507811850577445,alta_fd,113.654,90.054,82.9,12.8,18.102,0.0,0.14
2021-02-17 08:00:00,2021,2,17,8,307.6699711380262,160.0,442.0,0.5200377515172618,mixto,349.474,283.68,269.665,18.0,34.547,0.0,0.14
2021-02-17 09:00:00,2021,2,17,9,532.4909746381202,189.0,648.0,0.35493559328107677,mixto,613.756,488.272,467.007,22.0,43.746,1.0,0.14
2021-02-17 10:00:00,2021,2,17,10,732.7426704128819,160.0,821.0,0.21835769426372298,baja_fd,841.406,608.232,582.716,24.7,64.546,0.0,0.14
2021-02-17 11:00:00,2021,2,17,11,891.560538173075,181.0,861.0,0.20301481755898804,baja_fd,1002.851,688.173,659.825,26.8,74.217,0.0,0.14
2021-02-17 12:00:00,2021,2,17,12,983.883940370085,132.0,942.0,0.13416216545860946,baja_fd,1080.12,719.067,689.624,29.0,80.057,0.0,0.14
2021-02-17 13:00:00,2021,2,17,13,1004.9155289066242,135.0,936.0,0.13433964956923666,baja_fd,1074.317,825.021,791.823,29.6,48.187,5.1,0.14
2021-02-17 14:00:00,2021,2,17,14,949.9875694936115,160.0,879.0,0.16842325640669972,baja_fd,990.189,769.586,738.353,29.0,46.14,5.1,0.14
2021-02-17 15:00:00,2021,2,17,15,817.651763789238,171.0,794.0,0.20913548722445832,baja_fd,821.205,658.344,631.053,29.0,40.287,7.2,0.14
2021-02-17 16:00:00,2021,2,17,16,616.6978465893087,176.0,646.0,0.2853909754564257,baja_fd,586.891,478.893,457.96,28.8,37.769,6.2,0.14
2021-02-17 17:00:00,2021,2,17,17,367.55250058900293,157.0,412.0,0.42714986226024165,mixto,323.998,263.353,250.058,27.4,32.68,5.6,0.14
2021-02-17 18:00:00,2021,2,17,18,120.831785196905,78.0,137.0,0.6455255119577419,mixto,95.687,70.858,64.384,26.0,27.624,5.1,0.14
2021-02-17 19:00:00,2021,2,17,19,7.0,7.0,0.0,,,6.61,3.38,0.0,23.6,23.717,4.1,0.14
2021-02-17 20:00:00,2021,2,17,20,0.0,0.0,0.0,,,0.0,0.0,0.0,23.6,23.6,4.1,0.14
2021-02-17 21:00:00,2021,2,17,21,0.0,0.0,0.0,,,0.0,0.0,0.0,19.0,19.0,2.1,0.14
2021-02-17 22:00:00,2021,2,17,22,0.0,0.0,0.0,,,0.0,0.0,0.0,18.8,18.8,2.6,0.14
2021-02-17 23:00:00,2021,2,17,23,0.0,0.0,0.0,,,0.0,0.0,0.0,18.0,18.0,0.0,0.14
2021-02-18 00:00:00,2021,2,18,0,0.0,0.0,0.0,,,0.0,0.0,0.0,16.0,16.0,1.0,0.14
2021-02-18 01:00:00,2021,2,18,1,0.0,0.0,0.0,,,0.0,0.0,0.0,16.0,16.0,1.5,0.14
2021-02-18 02:00:00,2021,2,18,2,0.0,0.0,0.0,,,0.0,0.0,0.0,16.0,16.0,1.5,0.14
2021-02-18 03:00:00,2021,2,18,3,0.0,0.0,0.0,,,0.0,0.0,0.0,13.0,13.0,0.0,0.14
2021-02-18 04:00:00,2021,2,18,4,0.0,0.0,0.0,,,0.0,0.0,0.0,12.6,12.6,0.0,0.14
2021-02-18 05:00:00,2021,2,18,5,0.0,0.0,0.0,,,0.0,0.0,0.0,14.0,14.0,0.0,0.14
2021-02-18 06:00:00,2021,2,18,6,9.0,9.0,0.0,,,8.502,4.7,0.57,11.0,11.362,0.0,0.14
2021-02-18 07:00:00,2021,2,18,7,105.08304025170509,86.0,159.0,0.8184003793000704,alta_fd,111.406,87.088,80.039,14.4,17.831,1.5,0.14
2021-02-18 08:00:00,2021,2,18,8,303.80604598919,161.0,431.0,0.5299433705336091,mixto,345.719,279.642,265.77,19.0,35.37,0.0,0.14
2021-02-18 09:00:00,2021,2,18,9,524.5377571970671,179.0,655.0,0.3412528412759242,mixto,608.42,480.62,459.626,24.0,45.56,1.0,0.14
2021-02-18 10:00:00,2021,2,18,10,727.325184054434,176.0,793.0,0.2419825462647914,baja_fd,837.482,639.017,612.411,25.8,52.079,1.5,0.14
2021-02-18 11:00:00,2021,2,18,11,879.4662553401045,147.0,890.0,0.16714683378403486,baja_fd,988.848,739.739,709.564,28.0,55.305,2.1,0.14
2021-02-18 12:00:00,2021,2,18,12,972.700072014405,150.0,912.0,0.15420991970254383,baja_fd,1068.455,813.777,780.978,29.0,50.108,4.1,0.14
2021-02-18 13:00:00,2021,2,18,13,997.8557737438036,144.0,921.0,0.1443094320732683,baja_fd,1068.486,800.436,768.11,29.5,54.105,3.1,0.14
2021-02-18 14:00:00,2021,2,18,14,941.6160331544298,143.0,891.0,0.15186657296068712,baja_fd,977.462,764.292,733.247,30.0,44.887,6.2,0.14
2021-02-18 15:00:00,2021,2,18,15,813.3862735322676,155.0,811.0,0.19056136677459068,baja_fd,815.918,650.631,623.613,30.0,41.798,6.7,0.14
2021-02-18 16:00:00,2021,2,18,16,617.0787400548168,149.0,689.0,0.2414602713209078,baja_fd,586.282,476.718,455.862,28.8,38.989,5.1,0.14
2021-02-18 17:00:00,2021,2,18,17,364.25851139402886,156.0,410.0,0.42826727480706783,mixto,321.895,261.289,248.067,27.0,32.941,4.6,0.14
2021-02-18 18:00:00,2021,2,18,18,118.74953265310933,77.0,135.0,0.6484236045368877,mixto,94.27,69.646,63.214,26.0,27.827,4.1,0.14
2021-02-18 19:00:00,2021,2,18,19,6.0,6.0,0.0,,,5.664,2.852,0.0,24.8,24.96,1.5,0.14
2021-02-18 20:00:00,2021,2,18,20,0.0,0.0,0.0,,,0.0,0.0,0.0,22.4,22.4,1.8,0.14
2021-02-18 21:00:00,2021,2,18,21,0.0,0.0,0.0,,,0.0,0.0,0.0,20.0,20.0,2.1,0.14
2021-02-18 22:00:00,2021,2,18,22,0.0,0.0,0.0,,,0.0,0.0,0.0,19.2,19.2,2.6,0.14
2021-02-18 23:00:00,2021,2,18,23,0.0,0.0,0.0,,,0.0,0.0,0.0,18.0,18.0,2.1,0.14
2021-02-19 00:00:00,2021,2,19,0,0.0,0.0,0.0,,,0.0,0.0,0.0,17.0,17.0,2.6,0.14
2021-02-19 01:00:00,2021,2,19,1,0.0,0.0,0.0,,,0.0,0.0,0.0,16.0,16.0,1.0,0.14
2021-02-19 02:00:00,2021,2,19,2,0.0,0.0,0.0,,,0.0,0.0,0.0,15.0,15.0,0.7,0.14
2021-02-19 03:00:00,2021,2,19,3,0.0,0.0,0.0,,,0.0,0.0,0.0,14.0,14.0,0.3,0.14
2021-02-19 04:00:00,2021,2,19,4,0.0,0.0,0.0,,,0.0,0.0,0.0,13.0,13.0,0.0,0.14
2021-02-19 05:00:00,2021,2,19,5,0.0,0.0,0.0,,,0.0,0.0,0.0,14.0,14.0,0.0,0.14
2021-02-19 06:00:00,2021,2,19,6,8.0,8.0,0.0,,,7.555,4.111,0.002,13.0,13.321,0.0,0.14
2021-02-19 07:00:00,2021,2,19,7,102.90294948528017,85.0,153.0,0.8260210268526743,alta_fd,109.343,84.039,77.097,16.9,21.983,0.0,0.14
2021-02-19 08:00:00,2021,2,19,8,301.3037326783582,161.0,427.0,0.5343445252696805,mixto,343.989,277.179,263.394,20.0,36.288,0.0,0.14
2021-02-19 09:00:00,2021,2,19,9,521.8189198943849,179.0,653.0,0.3430308736912591,mixto,607.146,481.762,460.728,23.0,44.516,1.0,0.14
2021-02-19 10:00:00,2021,2,19,10,720.9753886352783,157.0,814.0,0.2177605539312272,baja_fd,832.77,635.784,609.292,26.0,52.137,1.5,0.14
2021-02-19 11:00:00,2021,2,19,11,878.1005494791713,160.0,875.0,0.182211479192105,baja_fd,994.771,763.347,732.335,28.0,49.167,3.6,0.14
2021-02-19 12:00:00,2021,2,19,12,973.4034836421579,142.0,924.0,0.14587989706866714,baja_fd,1072.405,806.75,774.2,29.2,53.104,3.3,0.14
2021-02-19 13:00:00,2021,2,19,13,996.7825384939177,134.0,933.0,0.13443253149525117,baja_fd,1070.215,798.776,766.509,30.4,55.048,3.1,0.14
2021-02-19 14:00:00,2021,2,19,14,942.2332622971359,136.0,902.0,0.14433793142521434,baja_fd,980.343,742.61,712.333,30.0,52.594,3.1,0.14
2021-02-19 15:00:00,2021,2,19,15,812.0709698263697,151.0,817.0,0.1859443393627106,baja_fd,816.279,639.623,612.995,30.0,46.164,4.1,0.14
2021-02-19 16:00:00,2021,2,19,16,612.0428918672189,171.0,652.0,0.2793921835744446,baja_fd,584.84,468.82,448.245,29.8,42.292,3.6,0.14
2021-02-19 17:00:00,2021,2,19,17,362.46820162582634,154.0,413.0,0.42486485520452144,mixto,320.802,259.32,246.168,29.0,33.884,6.2,0.14
2021-02-19 18:00:00,2021,2,19,18,113.9429893025385,80.0,111.0,0.7021055046009549,alta_fd,93.014,69.635,63.204,26.0,27.584,5.1,0.14
2021-02-19 19:00:00,2021,2,19,19,6.0,6.0,0.0,,,5.664,2.848,0.0,25.1,25.217,3.1,0.14
2021-02-19 20:00:00,2021,2,19,20,0.0,0.0,0.0,,,0.0,0.0,0.0,24.0,24.0,2.6,0.14
2021-02-19 21:00:00,2021,2,19,21,0.0,0.0,0.0,,,0.0,0.0,0.0,22.0,22.0,1.5,0.14
2021-02-19 22:00:00,2021,2,19,22,0.0,0.0,0.0,,,0.0,0.0,0.0,19.5,19.5,2.1,0.14
2021-02-19 23:00:00,2021,2,19,23,0.0,0.0,0.0,,,0.0,0.0,0.0,19.0,19.0,1.0,0.14
2021-02-20 00:00:00,2021,2,20,0,0.0,0.0,0.0,,,0.0,0.0,0.0,17.0,17.0,1.2,0.14
2021-02-20 01:00:00,2021,2,20,1,0.0,0.0,0.0,,,0.0,0.0,0.0,15.8,15.8,1.5,0.14
2021-02-20 02:00:00,2021,2,20,2,0.0,0.0,0.0,,,0.0,0.0,0.0,16.0,16.0,0.0,0.14
2021-02-20 03:00:00,2021,2,20,3,0.0,0.0,0.0,,,0.0,0.0,0.0,15.0,15.0,1.0,0.14
2021-02-20 04:00:00,2021,2,20,4,0.0,0.0,0.0,,,0.0,0.0,0.0,14.6,14.6,0.0,0.14
2021-02-20 05:00:00,2021,2,20,5,0.0,0.0,0.0,,,0.0,0.0,0.0,13.0,13.0,1.0,0.14
2021-02-20 06:00:00,2021,2,20,6,8.0,8.0,0.0,,,7.556,4.157,0.046,11.0,11.171,2.6,0.14
2021-02-20 07:00:00,2021,2,20,7,103.9099897018398,90.0,122.0,0.8661342403963926,alta_fd,107.676,84.764,77.797,14.4,19.425,0.0,0.14
2021-02-20 08:00:00,2021,2,20,8,303.83640209445167,181.0,377.0,0.5957153216411959,mixto,339.553,273.872,260.204,20.0,36.08,0.0,0.14
2021-02-20 09:00:00,2021,2,20,9,519.2397717565766,176.0,657.0,0.33895708605794184,mixto,606.749,467.045,446.532,23.0,51.795,0.0,0.14
2021-02-20 10:00:00,2021,2,20,10,724.726488094762,200.0,760.0,0.27596617935930734,baja_fd,835.366,629.382,603.117,25.4,54.934,1.0,0.14
2021-02-20 11:00:00,2021,2,20,11,880.3216271313657,179.0,857.0,0.2033347750222758,baja_fd,997.437,747.143,716.706,26.7,54.794,2.0,0.14
2021-02-20 12:00:00,2021,2,20,12,972.0103148431408,132.0,936.0,0.13580102801820745,baja_fd,1074.206,809.61,776.959,28.0,52.74,3.1,0.14
2021-02-20 13:00:00,2021,2,20,13,997.7553994173461,128.0,943.0,0.1282879552190321,baja_fd,1073.901,783.865,752.126,30.6,60.241,2.1,0.14
2021-02-20 14:00:00,2021,2,20,14,944.2366208350923,151.0,890.0,0.1599175425609463,baja_fd,990.509,756.268,725.507,31.0,50.585,4.1,0.14
2021-02-20 15:00:00,2021,2,20,15,811.9548599815264,162.0,806.0,0.19951848062549415,baja_fd,818.162,643.567,616.799,31.0,45.185,5.1,0.14
2021-02-20 16:00:00,2021,2,20,16,611.480569671897,167.0,660.0,0.2731076149968386,baja_fd,585.331,468.785,448.211,31.0,42.616,4.1,0.14
2021-02-20 17:00:00,2021,2,20,17,358.0613869389045,171.0,373.0,0.47757174115280265,mixto,318.432,255.018,242.018,30.0,36.296,4.1,0.14
2021-02-20 18:00:00,2021,2,20,18,110.34107437318738,78.0,107.0,0.7068990441056808,alta_fd,90.413,69.22,62.804,20.0,22.05,3.1,0.14
2021-02-20 19:00:00,2021,2,20,19,5.0,5.0,0.0,,,4.719,2.342,0.0,25.6,25.684,4.1,0.14
2021-02-20 20:00:00,2021,2,20,20,0.0,0.0,0.0,,,0.0,0.0,0.0,23.8,23.8,2.8,0.14
2021-02-20 21:00:00,2021,2,20,21,0.0,0.0,0.0,,,0.0,0.0,0.0,22.0,22.0,1.5,0.14
2021-02-20 22:00:00,2021,2,20,22,0.0,0.0,0.0,,,0.0,0.0,0.0,20.1,20.1,1.5,0.14
2021-02-20 23:00:00,2021,2,20,23,0.0,0.0,0.0,,,0.0,0.0,0.0,19.0,19.0,1.0,0.14
2021-02-21 00:00:00,2021,2,21,0,0.0,0.0,0.0,,,0.0,0.0,0.0,18.0,18.0,0.0,0.14
2021-02-21 01:00:00,2021,2,21,1,0.0,0.0,0.0,,,0.0,0.0,0.0,17.2,17.2,0.0,0.14
2021-02-21 02:00:00,2021,2,21,2,0.0,0.0,0.0,,,0.0,0.0,0.0,17.2,17.2,0.0,0.14
2021-02-21 03:00:00,2021,2,21,3,0.0,0.0,0.0,,,0.0,0.0,0.0,14.0,14.0,0.0,0.14
2021-02-21 04:00:00,2021,2,21,4,0.0,0.0,0.0,,,0.0,0.0,0.0,13.3,13.3,1.0,0.14
2021-02-21 05:00:00,2021,2,21,5,0.0,0.0,0.0,,,0.0,0.0,0.0,13.0,13.0,0.0,0.14
2021-02-21 06:00:00,2021,2,21,6,8.0,8.0,0.0,,,7.556,4.112,0.002,13.0,13.321,0.0,0.14
2021-02-21 07:00:00,2021,2,21,7,98.21040641179246,82.0,146.0,0.8349420697454112,alta_fd,105.239,80.827,74.0,16.8,21.691,0.0,0.14
2021-02-21 08:00:00,2021,2,21,8,300.8297150415044,180.0,374.0,0.5983451467723726,mixto,337.328,278.185,264.364,20.0,30.587,1.5,0.14
2021-02-21 09:00:00,2021,2,21,9,516.5156784676777,176.0,655.0,0.34074473890537216,mixto,605.488,466.255,445.77,23.0,51.736,0.0,0.14
2021-02-21 10:00:00,2021,2,21,10,715.0279185492051,155.0,814.0,0.21677475239637595,baja_fd,830.807,598.812,573.631,26.0,65.352,0.0,0.14
2021-02-21 11:00:00,2021,2,21,11,867.5027248591147,147.0,883.0,0.16945191731112233,baja_fd,988.904,784.888,753.113,26.0,41.06,6.2,0.14
2021-02-21 12:00:00,2021,2,21,12,967.8274361517242,139.0,926.0,0.14362064435029023,baja_fd,1071.334,787.529,755.661,29.0,58.567,2.1,0.14
2021-02-21 13:00:00,2021,2,21,13,987.2714782205052,141.0,920.0,0.14281786024462456,baja_fd,1064.153,815.522,782.661,30.4,48.813,5.1,0.14
2021-02-21 14:00:00,2021,2,21,14,934.7944392703484,135.0,900.0,0.14441677691768676,baja_fd,976.842,747.342,716.898,31.0,50.318,4.1,0.14
2021-02-21 15:00:00,2021,2,21,15,803.6989284144252,152.0,811.0,0.18912554767227663,baja_fd,811.587,627.918,601.705,32.0,49.3,3.6,0.14
2021-02-21 16:00:00,2021,2,21,16,606.2271109732551,145.0,688.0,0.23918428815763892,baja_fd,580.019,464.075,443.667,31.6,43.114,4.1,0.14
2021-02-21 17:00:00,2021,2,21,17,351.7687068085138,153.0,399.0,0.43494488576917656,mixto,313.453,249.742,236.929,31.0,37.196,4.1,0.14
2021-02-21 18:00:00,2021,2,21,18,107.64206017020223,73.0,116.0,0.6781735678839047,mixto,87.074,63.738,57.516,28.0,29.818,3.6,0.14
2021-02-21 19:00:00,2021,2,21,19,5.0,5.0,0.0,,,4.849,2.4,0.0,26.6,26.686,4.1,0.14
2021-02-21 20:00:00,2021,2,21,20,0.0,0.0,0.0,,,0.0,0.0,0.0,24.7,24.7,2.8,0.14
2021-02-21 21:00:00,2021,2,21,21,0.0,0.0,0.0,,,0.0,0.0,0.0,22.9,22.9,1.5,0.14
2021-02-21 22:00:00,2021,2,21,22,0.0,0.0,0.0,,,0.0,0.0,0.0,21.0,21.0,1.0,0.14
2021-02-21 23:00:00,2021,2,21,23,0.0,0.0,0.0,,,0.0,0.0,0.0,20.6,20.6,1.0,0.14
2021-02-22 00:00:00,2021,2,22,0,0.0,0.0,0.0,,,0.0,0.0,0.0,19.0,19.0,0.0,0.14
2021-02-22 01:00:00,2021,2,22,1,0.0,0.0,0.0,,,0.0,0.0,0.0,17.0,17.0,0.0,0.14
2021-02-22 02:00:00,2021,2,22,2,0.0,0.0,0.0,,,0.0,0.0,0.0,16.7,16.7,0.0,0.14
2021-02-22 03:00:00,2021,2,22,3,0.0,0.0,0.0,,,0.0,0.0,0.0,15.0,15.0,0.0,0.14
2021-02-22 04:00:00,2021,2,22,4,0.0,0.0,0.0,,,0.0,0.0,0.0,14.2,14.2,1.0,0.14
2021-02-22 05:00:00,2021,2,22,5,0.0,0.0,0.0,,,0.0,0.0,0.0,14.8,14.8,0.7,0.14
2021-02-22 06:00:00,2021,2,22,6,7.0,7.0,0.0,,,6.61,3.532,0.0,15.3,15.555,0.3,0.14
2021-02-22 07:00:00,2021,2,22,7,96.23570515245231,81.0,141.0,0.8416834466135351,alta_fd,102.768,79.213,72.442,15.9,20.677,0.0,0.14
2021-02-22 08:00:00,2021,2,22,8,297.5200671567411,179.0,370.0,0.6016400900639024,mixto,334.691,274.598,260.904,20.0,31.837,1.0,0.14
2021-02-22 09:00:00,2021,2,22,9,512.7619255732125,176.0,651.0,0.34323921340932445,mixto,602.959,466.581,446.084,22.0,50.617,0.0,0.14
2021-02-22 10:00:00,2021,2,22,10,711.2877120056608,156.0,810.0,0.21932053284052583,baja_fd,828.593,647.596,620.686,25.8,46.646,2.6,0.14
2021-02-22 11:00:00,2021,2,22,11,869.9375008137561,154.0,880.0,0.1770242113438557,baja_fd,993.42,750.689,720.126,28.0,52.957,2.6,0.14
2021-02-22 12:00:00,2021,2,22,12,963.1145178197416,141.0,921.0,0.14640003591596762,baja_fd,1068.324,794.775,762.65,29.0,55.824,2.6,0.14
2021-02-22 13:00:00,2021,2,22,13,984.7844922283798,139.0,922.0,0.14114763290541818,baja_fd,1063.912,814.818,781.982,30.6,49.009,5.1,0.14
2021-02-22 14:00:00,2021,2,22,14,930.4950360902791,134.0,899.0,0.1440093657705434,baja_fd,974.505,756.968,726.182,31.0,46.704,5.7,0.14
2021-02-22 15:00:00,2021,2,22,15,802.1433372137781,164.0,797.0,0.20445223738895507,baja_fd,814.475,645.442,618.607,31.0,43.423,6.2,0.14
2021-02-22 16:00:00,2021,2,22,16,602.7305124282534,145.0,686.0,0.24057185924739494,baja_fd,578.16,470.802,450.156,30.0,38.841,6.2,0.14
2021-02-22 17:00:00,2021,2,22,17,348.4170861119191,152.0,397.0,0.43625874292276906,mixto,311.267,250.795,237.945,29.0,34.387,5.1,0.14
2021-02-22 18:00:00,2021,2,22,18,105.62437732811054,72.0,114.0,0.6816608232050438,mixto,85.672,62.989,56.793,27.0,28.455,5.1,0.14
2021-02-22 19:00:00,2021,2,22,19,5.0,5.0,0.0,,,4.849,2.41,0.0,25.9,25.986,4.1,0.14
2021-02-22 20:00:00,2021,2,22,20,0.0,0.0,0.0,,,0.0,0.0,0.0,24.0,24.0,4.1,0.14
2021-02-22 21:00:00,2021,2,22,21,0.0,0.0,0.0,,,0.0,0.0,0.0,21.0,21.0,0.0,0.14
2021-02-22 22:00:00,2021,2,22,22,0.0,0.0,0.0,,,0.0,0.0,0.0,19.8,19.8,0.0,0.14
2021-02-22 23:00:00,2021,2,22,23,0.0,0.0,0.0,,,0.0,0.0,0.0,18.0,18.0,2.1,0.14
2021-02-23 00:00:00,2021,2,23,0,0.0,0.0,0.0,,,0.0,0.0,0.0,17.0,17.0,1.5,0.14
2021-02-23 01:00:00,2021,2,23,1,0.0,0.0,0.0,,,0.0,0.0,0.0,16.6,16.6,0.0,0.14
2021-02-23 02:00:00,2021,2,23,2,0.0,0.0,0.0,,,0.0,0.0,0.0,16.0,16.0,0.0,0.14
2021-02-23 03:00:00,2021,2,23,3,0.0,0.0,0.0,,,0.0,0.0,0.0,15.0,15.0,0.0,0.14
2021-02-23 04:00:00,2021,2,23,4,0.0,0.0,0.0,,,0.0,0.0,0.0,14.0,14.0,0.0,0.14
2021-02-23 05:00:00,2021,2,23,5,0.0,0.0,0.0,,,0.0,0.0,0.0,14.0,14.0,0.0,0.14
2021-02-23 06:00:00,2021,2,23,6,7.0,7.0,0.0,,,6.61,3.535,0.0,15.1,15.381,0.0,0.14
2021-02-23 07:00:00,2021,2,23,7,94.2922289861059,80.0,136.0,0.8484262262141254,alta_fd,100.908,77.712,70.995,16.2,20.891,0.0,0.14
2021-02-23 08:00:00,2021,2,23,8,294.55081912579243,178.0,367.0,0.6043099813074442,mixto,332.489,269.564,256.049,19.0,34.747,0.0,0.14
2021-02-23 09:00:00,2021,2,23,9,508.50862402596374,176.0,646.0,0.3461101575949156,mixto,599.799,464.468,444.047,22.0,50.469,0.0,0.14
2021-02-23 10:00:00,2021,2,23,10,709.0370705918089,166.0,795.0,0.23412033994420844,baja_fd,829.157,647.125,620.231,24.0,46.928,2.1,0.14
2021-02-23 11:00:00,2021,2,23,11,864.4912568405603,158.0,871.0,0.18276645223392957,baja_fd,989.177,746.406,715.995,26.0,53.315,2.1,0.14
2021-02-23 12:00:00,2021,2,23,12,957.3848608281154,142.0,916.0,0.14832070759628824,baja_fd,1064.27,806.526,773.984,27.0,51.511,3.1,0.14
2021-02-23 13:00:00,2021,2,23,13,975.6850858409454,146.0,907.0,0.14963844596862136,baja_fd,1055.908,801.013,768.667,27.0,51.319,3.1,0.14
2021-02-23 14:00:00,2021,2,23,14,922.5441769356577,140.0,886.0,0.15175425036557813,baja_fd,968.161,769.755,738.516,27.0,40.983,6.7,0.14
2021-02-23 15:00:00,2021,2,23,15,791.3766436437053,154.0,799.0,0.19459760562422423,baja_fd,802.957,650.606,623.589,27.0,38.041,7.2,0.14
2021-02-23 16:00:00,2021,2,23,16,595.2193607621023,147.0,675.0,0.24696777304384943,baja_fd,572.759,476.276,455.436,26.4,33.586,8.2,0.14
2021-02-23 17:00:00,2021,2,23,17,334.3117425187869,155.0,365.0,0.4636391136972691,mixto,298.447,243.426,230.837,26.0,31.166,5.1,0.14
2021-02-23 18:00:00,2021,2,23,18,83.93885251557228,72.0,41.0,0.8577672656013806,alta_fd,74.018,57.184,51.195,24.5,25.461,7.7,0.14
2021-02-23 19:00:00,2021,2,23,19,2.0,2.0,0.0,,,1.94,0.931,0.0,23.0,23.018,10.3,0.14
2021-02-23 20:00:00,2021,2,23,20,0.0,0.0,0.0,,,0.0,0.0,0.0,21.5,21.5,6.4,0.14
2021-02-23 21:00:00,2021,2,23,21,0.0,0.0,0.0,,,0.0,0.0,0.0,20.0,20.0,2.6,0.14
2021-02-23 22:00:00,2021,2,23,22,0.0,0.0,0.0,,,0.0,0.0,0.0,17.8,17.8,3.6,0.14
2021-02-23 23:00:00,2021,2,23,23,0.0,0.0,0.0,,,0.0,0.0,0.0,18.0,18.0,5.1,0.14
2021-02-24 00:00:00,2021,2,24,0,0.0,0.0,0.0,,,0.0,0.0,0.0,17.0,17.0,2.6,0.14
2021-02-24 01:00:00,2021,2,24,1,0.0,0.0,0.0,,,0.0,0.0,0.0,16.2,16.2,0.0,0.14
2021-02-24 02:00:00,2021,2,24,2,0.0,0.0,0.0,,,0.0,0.0,0.0,16.0,16.0,0.0,0.14
2021-02-24 03:00:00,2021,2,24,3,0.0,0.0,0.0,,,0.0,0.0,0.0,14.8,14.8,0.0,0.14
2021-02-24 04:00:00,2021,2,24,4,0.0,0.0,0.0,,,0.0,0.0,0.0,13.7,13.7,1.0,0.14
2021-02-24 05:00:00,2021,2,24,5,0.0,0.0,0.0,,,0.0,0.0,0.0,14.3,14.3,1.0,0.14
2021-02-24 06:00:00,2021,2,24,6,6.0,6.0,0.0,,,5.664,3.012,0.0,14.8,14.98,1.0,0.14
2021-02-24 07:00:00,2021,2,24,7,93.35847153387155,81.0,121.0,0.8676234590088833,alta_fd,99.128,77.433,70.725,15.4,18.848,1.0,0.14
2021-02-24 08:00:00,2021,2,24,8,291.5988359260023,177.0,364.0,0.6069983079250579,mixto,330.297,267.877,254.422,19.0,34.643,0.0,0.14
2021-02-24 09:00:00,2021,2,24,9,505.3241214468681,175.0,645.0,0.3463123816431554,mixto,598.204,479.59,458.633,21.0,42.204,1.0,0.14
2021-02-24 10:00:00,2021,2,24,10,704.5811300146358,154.0,809.0,0.218569577639414,baja_fd,825.775,647.783,620.866,23.0,45.838,2.1,0.14
2021-02-24 11:00:00,2021,2,24,11,860.1037388330875,159.0,867.0,0.18486142173468179,baja_fd,986.478,759.599,728.72,24.6,48.52,2.8,0.14
2021-02-24 12:00:00,2021,2,24,12,951.8637364475524,145.0,909.0,0.1523327283600004,baja_fd,1060.228,810.473,777.791,26.2,49.463,3.4,0.14
2021-02-24 13:00:00,2021,2,24,13,972.3831949226362,146.0,906.0,0.15014656851573407,baja_fd,1054.648,809.168,776.532,27.8,48.641,4.1,0.14
2021-02-24 14:00:00,2021,2,24,14,919.695415885376,137.0,889.0,0.14896236040071192,baja_fd,967.394,757.711,726.898,28.0,44.754,5.1,0.14
2021-02-24 15:00:00,2021,2,24,15,789.1312058641377,151.0,803.0,0.19134967528580693,baja_fd,802.457,647.968,621.044,27.0,38.98,6.4,0.14
2021-02-24 16:00:00,2021,2,24,16,592.6414409670863,144.0,679.0,0.24297997076447675,baja_fd,571.47,475.518,454.705,26.0,33.508,7.7,0.14
2021-02-24 17:00:00,2021,2,24,17,338.7413551845344,150.0,387.0,0.44281572859117024,mixto,304.476,250.866,238.013,24.0,28.635,6.2,0.14
2021-02-24 18:00:00,2021,2,24,18,98.3110132232907,69.0,102.0,0.7018542250529194,alta_fd,80.756,60.394,54.29,23.0,24.372,5.1,0.14
2021-02-24 19:00:00,2021,2,24,19,4.0,4.0,0.0,,,3.879,1.963,0.0,20.6,20.66,5.1,0.14
2021-02-24 20:00:00,2021,2,24,20,0.0,0.0,0.0,,,0.0,0.0,0.0,19.1,19.1,3.9,0.14
2021-02-24 21:00:00,2021,2,24,21,0.0,0.0,0.0,,,0.0,0.0,0.0,17.5,17.5,2.7,0.14
2021-02-24 22:00:00,2021,2,24,22,0.0,0.0,0.0,,,0.0,0.0,0.0,16.0,16.0,1.5,0.14
2021-02-24 23:00:00,2021,2,24,23,0.0,0.0,0.0,,,0.0,0.0,0.0,16.0,16.0,2.1,0.14
2021-02-25 00:00:00,2021,2,25,0,0.0,0.0,0.0,,,0.0,0.0,0.0,15.0,15.0,1.5,0.14
2021-02-25 01:00:00,2021,2,25,1,0.0,0.0,0.0,,,0.0,0.0,0.0,14.7,14.7,0.0,0.14
2021-02-25 02:00:00,2021,2,25,2,0.0,0.0,0.0,,,0.0,0.0,0.0,13.0,13.0,1.5,0.14
2021-02-25 03:00:00,2021,2,25,3,0.0,0.0,0.0,,,0.0,0.0,0.0,12.2,12.2,1.5,0.14
2021-02-25 04:00:00,2021,2,25,4,0.0,0.0,0.0,,,0.0,0.0,0.0,11.4,11.4,1.5,0.14
2021-02-25 05:00:00,2021,2,25,5,0.0,0.0,0.0,,,0.0,0.0,0.0,11.2,11.2,4.1,0.14
2021-02-25 06:00:00,2021,2,25,6,6.0,6.0,0.0,,,5.664,3.072,0.0,11.0,11.18,1.0,0.14
2021-02-25 07:00:00,2021,2,25,7,93.82013809873334,84.0,99.0,0.8953301679390097,alta_fd,97.995,78.203,71.469,11.6,16.178,0.0,0.14
2021-02-25 08:00:00,2021,2,25,8,289.22447379966445,175.0,366.0,0.6050663614352924,mixto,329.233,276.051,262.306,16.0,26.333,1.5,0.14
2021-02-25 09:00:00,2021,2,25,9,506.04370970288915,183.0,634.0,0.3616288405352254,mixto,599.127,482.166,461.118,20.0,41.236,1.0,0.14
2021-02-25 10:00:00,2021,2,25,10,708.6426299805996,194.0,759.0,0.2737628132889932,baja_fd,828.936,608.896,583.356,21.7,60.955,0.0,0.14
2021-02-25 11:00:00,2021,2,25,11,862.0334649965157,176.0,851.0,0.20416840777835857,baja_fd,988.982,690.531,662.099,24.0,70.775,0.0,0.14
2021-02-25 12:00:00,2021,2,25,12,953.0387290986159,137.0,922.0,0.14375071633193187,baja_fd,1064.847,822.384,789.28,26.0,47.044,4.1,0.14
2021-02-25 13:00:00,2021,2,25,13,973.4024133780164,144.0,912.0,0.14793470616152896,baja_fd,1058.244,814.809,781.973,26.9,47.813,4.1,0.14
2021-02-25 14:00:00,2021,2,25,14,919.2831067767946,133.0,896.0,0.14467795504948064,baja_fd,969.217,728.216,698.449,28.0,54.776,2.1,0.14
2021-02-25 15:00:00,2021,2,25,15,786.7654510303405,163.0,788.0,0.2071773738749417,baja_fd,804.548,646.135,619.276,28.0,40.273,6.2,0.14
2021-02-25 16:00:00,2021,2,25,16,587.3782146819324,166.0,641.0,0.28261177525947173,baja_fd,569.546,466.264,445.779,27.5,37.4,5.1,0.14
2021-02-25 17:00:00,2021,2,25,17,336.27180203898524,147.0,391.0,0.4371463771528418,mixto,302.636,245.911,233.234,26.2,31.936,4.4,0.14
2021-02-25 18:00:00,2021,2,25,18,92.96080159104841,70.0,81.0,0.7530055550504268,alta_fd,78.422,58.692,52.649,25.0,26.644,3.6,0.14
2021-02-25 19:00:00,2021,2,25,19,3.0,3.0,0.0,,,2.91,1.42,0.0,24.0,24.056,3.6,0.14
2021-02-25 20:00:00,2021,2,25,20,0.0,0.0,0.0,,,0.0,0.0,0.0,23.0,23.0,3.1,0.14
2021-02-25 21:00:00,2021,2,25,21,0.0,0.0,0.0,,,0.0,0.0,0.0,20.0,20.0,0.0,0.14
2021-02-25 22:00:00,2021,2,25,22,0.0,0.0,0.0,,,0.0,0.0,0.0,19.6,19.6,0.0,0.14
2021-02-25 23:00:00,2021,2,25,23,0.0,0.0,0.0,,,0.0,0.0,0.0,19.3,19.3,1.3,0.14
2021-02-26 00:00:00,2021,2,26,0,0.0,0.0,0.0,,,0.0,0.0,0.0,19.0,19.0,2.6,0.14
2021-02-26 01:00:00,2021,2,26,1,0.0,0.0,0.0,,,0.0,0.0,0.0,17.2,17.2,1.0,0.14
2021-02-26 02:00:00,2021,2,26,2,0.0,0.0,0.0,,,0.0,0.0,0.0,17.0,17.0,0.0,0.14
2021-02-26 03:00:00,2021,2,26,3,0.0,0.0,0.0,,,0.0,0.0,0.0,16.0,16.0,0.0,0.14
2021-02-26 04:00:00,2021,2,26,4,0.0,0.0,0.0,,,0.0,0.0,0.0,12.6,12.6,0.0,0.14
2021-02-26 05:00:00,2021,2,26,5,0.0,0.0,0.0,,,0.0,0.0,0.0,10.0,10.0,0.0,0.14
2021-02-26 06:00:00,2021,2,26,6,6.0,6.0,0.0,,,5.819,3.155,0.0,11.6,11.812,0.5,0.14
2021-02-26 07:00:00,2021,2,26,7,92.24109641797864,83.0,96.0,0.8998158437308269,alta_fd,96.559,76.88,70.192,13.3,16.669,1.0,0.14
2021-02-26 08:00:00,2021,2,26,8,285.6743292212084,174.0,361.0,0.6090851791771086,mixto,326.214,266.891,253.471,17.0,32.45,0.0,0.14
2021-02-26 09:00:00,2021,2,26,9,499.4739225585881,172.0,646.0,0.34436232249907794,mixto,595.933,487.136,465.911,21.0,37.516,2.1,0.14
2021-02-26 10:00:00,2021,2,26,10,705.0143437360744,195.0,755.0,0.2765901172544076,baja_fd,826.782,626.219,600.066,24.7,53.939,1.0,0.14
2021-02-26 11:00:00,2021,2,26,11,858.0694579654803,175.0,850.0,0.20394619383718954,baja_fd,987.003,758.228,727.397,26.3,49.043,3.1,0.14
2021-02-26 12:00:00,2021,2,26,12,948.690572047099,143.0,913.0,0.15073407938631922,baja_fd,1061.822,822.338,789.236,28.0,46.374,5.1,0.14
2021-02-26 13:00:00,2021,2,26,13,969.8051444436572,142.0,913.0,0.1464211659564462,baja_fd,1056.829,782.471,750.781,30.6,57.141,2.6,0.14
2021-02-26 14:00:00,2021,2,26,14,914.7765396661856,132.0,895.0,0.14429753527366213,baja_fd,966.667,736.372,706.316,31.0,51.583,3.6,0.14
2021-02-26 15:00:00,2021,2,26,15,782.4775425016601,162.0,787.0,0.20703469582279585,baja_fd,802.034,639.196,612.584,30.0,42.236,6.2,0.14
2021-02-26 16:00:00,2021,2,26,16,583.1039045618994,143.0,673.0,0.2452393113495604,baja_fd,565.238,459.89,439.631,29.4,39.228,5.1,0.14
2021-02-26 17:00:00,2021,2,26,17,329.54012588205603,147.0,380.0,0.4460761784518223,mixto,297.836,241.589,229.065,27.7,32.233,6.2,0.14
2021-02-26 18:00:00,2021,2,26,18,91.15544830041391,66.0,90.0,0.7240379070101103,alta_fd,75.9,55.851,49.908,26.0,27.873,2.6,0.14
2021-02-26 19:00:00,2021,2,26,19,3.0,3.0,0.0,,,2.91,1.41,0.0,25.2,25.245,5.1,0.14
2021-02-26 20:00:00,2021,2,26,20,0.0,0.0,0.0,,,0.0,0.0,0.0,20.0,20.0,3.1,0.14
2021-02-26 21:00:00,2021,2,26,21,0.0,0.0,0.0,,,0.0,0.0,0.0,19.1,19.1,2.0,0.14
2021-02-26 22:00:00,2021,2,26,22,0.0,0.0,0.0,,,0.0,0.0,0.0,18.3,18.3,1.0,0.14
2021-02-26 23:00:00,2021,2,26,23,0.0,0.0,0.0,,,0.0,0.0,0.0,17.0,17.0,2.1,0.14
2021-02-27 00:00:00,2021,2,27,0,0.0,0.0,0.0,,,0.0,0.0,0.0,17.0,17.0,1.0,0.14
2021-02-27 01:00:00,2021,2,27,1,0.0,0.0,0.0,,,0.0,0.0,0.0,13.8,13.8,1.0,0.14
2021-02-27 02:00:00,2021,2,27,2,0.0,0.0,0.0,,,0.0,0.0,0.0,14.0,14.0,0.0,0.14
2021-02-27 03:00:00,2021,2,27,3,0.0,0.0,0.0,,,0.0,0.0,0.0,13.0,13.0,0.0,0.14
2021-02-27 04:00:00,2021,2,27,4,0.0,0.0,0.0,,,0.0,0.0,0.0,12.3,12.3,0.0,0.14
2021-02-27 05:00:00,2021,2,27,5,0.0,0.0,0.0,,,0.0,0.0,0.0,12.0,12.0,0.0,0.14
2021-02-27 06:00:00,2021,2,27,6,5.0,5.0,0.0,,,4.849,2.592,0.0,12.6,12.806,0.0,0.14
2021-02-27 07:00:00,2021,2,27,7,89.68064788706124,81.0,93.0,0.9032048932341216,alta_fd,94.193,74.586,67.98,13.3,17.701,0.0,0.14
2021-02-27 08:00:00,2021,2,27,8,283.29832495219404,172.0,363.0,0.6071338403748933,mixto,325.154,267.822,254.369,17.6,30.772,0.5,0.14
2021-02-27 09:00:00,2021,2,27,9,498.7058669505104,182.0,628.0,0.36494457366803135,mixto,594.408,474.918,454.126,22.0,43.07,1.0,0.14
2021-02-27 10:00:00,2021,2,27,10,701.4088420741912,194.0,754.0,0.2765861910527209,baja_fd,825.012,632.597,606.218,25.2,51.093,1.5,0.14
2021-02-27 11:00:00,2021,2,27,11,856.2858679461982,173.0,853.0,0.202035332446792,baja_fd,987.707,730.694,700.839,27.0,57.961,1.5,0.14
2021-02-27 12:00:00,2021,2,27,12,944.386911905453,142.0,912.0,0.1503621007553907,baja_fd,1059.575,800.43,768.104,28.0,52.407,3.1,0.14
2021-02-27 13:00:00,2021,2,27,13,968.2664970252814,162.0,892.0,0.16730931050253015,baja_fd,1064.123,791.502,759.492,29.2,55.92,2.6,0.14
2021-02-27 14:00:00,2021,2,27,14,909.4294955162864,152.0,869.0,0.16713775036921258,baja_fd,969.049,745.071,714.707,28.6,49.23,3.6,0.14
2021-02-27 15:00:00,2021,2,27,15,778.2758820670082,147.0,804.0,0.18887903812409743,baja_fd,796.949,634.339,607.898,28.0,42.741,4.6,0.14
2021-02-27 16:00:00,2021,2,27,16,576.5433244145688,144.0,665.0,0.24976440434241412,baja_fd,560.552,459.951,439.69,27.4,37.147,5.1,0.14
2021-02-27 17:00:00,2021,2,27,17,325.20100964072526,146.0,376.0,0.4489530956908698,mixto,291.977,238.556,226.139,26.0,30.213,6.7,0.14
2021-02-27 18:00:00,2021,2,27,18,87.14030606032841,64.0,84.0,0.73444773025805,alta_fd,73.037,54.25,48.364,24.0,25.527,3.6,0.14
2021-02-27 19:00:00,2021,2,27,19,3.0,3.0,0.0,,,2.91,1.434,0.0,22.3,22.366,2.6,0.14
2021-02-27 20:00:00,2021,2,27,20,0.0,0.0,0.0,,,0.0,0.0,0.0,20.0,20.0,2.6,0.14
2021-02-27 21:00:00,2021,2,27,21,0.0,0.0,0.0,,,0.0,0.0,0.0,18.0,18.0,2.1,0.14
2021-02-27 22:00:00,2021,2,27,22,0.0,0.0,0.0,,,0.0,0.0,0.0,17.7,17.7,1.0,0.14
2021-02-27 23:00:00,2021,2,27,23,0.0,0.0,0.0,,,0.0,0.0,0.0,16.0,16.0,0.0,0.14
2021-02-28 00:00:00,2021,2,28,0,0.0,0.0,0.0,,,0.0,0.0,0.0,16.0,16.0,0.0,0.14
2021-02-28 01:00:00,2021,2,28,1,0.0,0.0,0.0,,,0.0,0.0,0.0,15.0,15.0,0.0,0.14
2021-02-28 02:00:00,2021,2,28,2,0.0,0.0,0.0,,,0.0,0.0,0.0,14.0,14.0,1.0,0.14
2021-02-28 03:00:00,2021,2,28,3,0.0,0.0,0.0,,,0.0,0.0,0.0,14.0,14.0,0.0,0.14
2021-02-28 04:00:00,2021,2,28,4,0.0,0.0,0.0,,,0.0,0.0,0.0,11.2,11.2,2.1,0.14
2021-02-28 05:00:00,2021,2,28,5,0.0,0.0,0.0,,,0.0,0.0,0.0,11.0,11.0,0.0,0.14
2021-02-28 06:00:00,2021,2,28,6,5.0,5.0,0.0,,,4.849,2.614,0.0,11.0,11.206,0.0,0.14
2021-02-28 07:00:00,2021,2,28,7,87.95781514304207,80.0,88.0,0.9095269120759695,alta_fd,92.416,73.332,66.77,13.0,17.319,0.0,0.14
2021-02-28 08:00:00,2021,2,28,8,279.7846213149467,171.0,358.0,0.611184414626955,mixto,322.153,263.728,250.419,17.0,32.259,0.0,0.14
2021-02-28 09:00:00,2021,2,28,9,493.0795540098006,171.0,642.0,0.34680002163829565,mixto,592.469,475.733,454.912,21.0,42.005,1.0,0.14
2021-02-28 10:00:00,2021,2,28,10,697.1101738696168,195.0,749.0,0.2797262288076599,baja_fd,822.033,623.785,597.718,24.5,53.573,1.0,0.14
2021-02-28 11:00:00,2021,2,28,11,845.2088754024867,137.0,887.0,0.16209011048867758,baja_fd,975.52,723.871,694.258,27.0,57.589,1.5,0.14
2021-02-28 12:00:00,2021,2,28,12,938.907412271566,146.0,904.0,0.15549989071528547,baja_fd,1055.444,781.469,749.815,28.0,57.134,2.1,0.14
2021-02-28 13:00:00,2021,2,28,13,957.2244233297547,149.0,897.0,0.15565837683256742,baja_fd,1047.273,787.38,755.516,29.5,53.624,3.1,0.14
2021-02-28 14:00:00,2021,2,28,14,901.3457218089665,157.0,857.0,0.17418399644135105,baja_fd,962.58,748.063,717.593,30.0,46.67,5.1,0.14
2021-02-28 15:00:00,2021,2,28,15,767.5441726684409,153.0,786.0,0.19933706156361117,baja_fd,788.02,627.421,601.226,29.0,42.669,5.1,0.14
2021-02-28 16:00:00,2021,2,28,16,569.5847823796485,153.0,644.0,0.2686167270143465,baja_fd,556.031,452.088,432.105,28.3,39.341,4.1,0.14
2021-02-28 17:00:00,2021,2,28,17,316.6670511816835,146.0,361.0,0.4610520717428048,mixto,285.663,233.12,220.897,26.0,30.347,6.2,0.14
2021-02-28 18:00:00,2021,2,28,18,81.82638857120438,65.0,62.0,0.7943647658779143,alta_fd,70.731,53.321,47.468,24.0,25.062,6.2,0.14
2021-02-28 19:00:00,2021,2,28,19,2.0,2.0,0.0,,,1.94,0.931,0.0,22.9,22.94,3.1,0.14
2021-02-28 20:00:00,2021,2,28,20,0.0,0.0,0.0,,,0.0,0.0,0.0,21.7,21.7,3.1,0.14
2021-02-28 21:00:00,2021,2,28,21,0.0,0.0,0.0,,,0.0,0.0,0.0,20.4,20.4,2.3,0.14
2021-02-28 22:00:00,2021,2,28,22,0.0,0.0,0.0,,,0.0,0.0,0.0,19.1,19.1,1.5,0.14
2021-02-28 23:00:00,2021,2,28,23,0.0,0.0,0.0,,,0.0,0.0,0.0,17.8,17.8,1.0,0.14
2021-03-01 00:00:00,2021,3,1,0,0.0,0.0,0.0,,,0.0,0.0,0.0,16.5,16.5,1.0,0.15
2021-03-01 01:00:00,2021,3,1,1,0.0,0.0,0.0,,,0.0,0.0,0.0,15.3,15.3,0.0,0.15
2021-03-01 02:00:00,2021,3,1,2,0.0,0.0,0.0,,,0.0,0.0,0.0,14.1,14.1,1.5,0.15
2021-03-01 03:00:00,2021,3,1,3,0.0,0.0,0.0,,,0.0,0.0,0.0,13.1,13.1,1.0,0.15
2021-03-01 04:00:00,2021,3,1,4,0.0,0.0,0.0,,,0.0,0.0,0.0,12.0,12.0,1.5,0.15
2021-03-01 05:00:00,2021,3,1,5,0.0,0.0,0.0,,,0.0,0.0,0.0,11.0,11.0,2.1,0.15
2021-03-01 06:00:00,2021,3,1,6,5.0,5.0,0.0,,,4.849,2.601,0.0,12.0,12.137,1.5,0.15
2021-03-01 07:00:00,2021,3,1,7,84.91482091499469,78.0,79.0,0.9185675616990716,alta_fd,89.026,70.435,63.976,14.8,18.361,0.5,0.15
2021-03-01 08:00:00,2021,3,1,8,275.2871814941959,172.0,343.0,0.6248020669412332,mixto,317.086,259.935,246.761,19.0,31.845,0.5,0.15
2021-03-01 09:00:00,2021,3,1,9,487.3955362642559,172.0,632.0,0.35289613302232853,mixto,587.383,469.998,449.381,22.0,42.825,1.0,0.15
2021-03-01 10:00:00,2021,3,1,10,687.1989107135998,163.0,785.0,0.23719478808652045,baja_fd,818.411,609.502,583.942,25.0,58.16,0.5,0.15
2021-03-01 11:00:00,2021,3,1,11,845.0552988674882,175.0,842.0,0.2070870394334294,baja_fd,979.653,697.517,668.838,27.0,66.633,0.5,0.15
2021-03-01 12:00:00,2021,3,1,12,938.6866860018614,164.0,886.0,0.17471218293137142,baja_fd,1064.287,736.56,706.498,29.0,72.031,0.5,0.15
2021-03-01 13:00:00,2021,3,1,13,957.9382771120355,164.0,884.0,0.17120100941620417,baja_fd,1057.789,726.371,696.67,31.0,73.771,0.5,0.15
2021-03-01 14:00:00,2021,3,1,14,904.2461433684249,147.0,875.0,0.16256635549741738,baja_fd,968.317,754.829,724.118,32.0,45.988,6.7,0.15
2021-03-01 15:00:00,2021,3,1,15,769.3369493167644,159.0,784.0,0.20667147228688978,baja_fd,794.487,634.362,607.92,31.0,41.927,7.2,0.15
2021-03-01 16:00:00,2021,3,1,16,564.1617830338296,166.0,619.0,0.2942418380545389,baja_fd,553.23,451.508,431.546,31.0,38.268,7.7,0.15
2021-03-01 17:00:00,2021,3,1,17,314.1342746664335,143.0,365.0,0.45521934896103244,mixto,283.815,229.209,217.124,29.0,32.71,7.7,0.15
2021-03-01 18:00:00,2021,3,1,18,79.24183632585076,60.0,72.0,0.75717578973402,alta_fd,67.389,49.437,43.722,27.0,27.909,7.2,0.15
2021-03-01 19:00:00,2021,3,1,19,2.0,2.0,0.0,,,1.94,0.917,0.0,25.4,25.425,6.7,0.15
2021-03-01 20:00:00,2021,3,1,20,0.0,0.0,0.0,,,0.0,0.0,0.0,24.0,24.0,4.6,0.15
2021-03-01 21:00:00,2021,3,1,21,0.0,0.0,0.0,,,0.0,0.0,0.0,22.0,22.0,3.6,0.15
2021-03-01 22:00:00,2021,3,1,22,0.0,0.0,0.0,,,0.0,0.0,0.0,21.1,21.1,8.2,0.15
2021-03-01 23:00:00,2021,3,1,23,0.0,0.0,0.0,,,0.0,0.0,0.0,20.0,20.0,0.5,0.15
2021-03-02 00:00:00,2021,3,2,0,0.0,0.0,0.0,,,0.0,0.0,0.0,18.1,18.1,1.0,0.15
2021-03-02 01:00:00,2021,3,2,1,0.0,0.0,0.0,,,0.0,0.0,0.0,16.2,16.2,0.5,0.15
2021-03-02 02:00:00,2021,3,2,2,0.0,0.0,0.0,,,0.0,0.0,0.0,15.0,15.0,1.0,0.15
2021-03-02 03:00:00,2021,3,2,3,0.0,0.0,0.0,,,0.0,0.0,0.0,14.0,14.0,0.0,0.15
2021-03-02 04:00:00,2021,3,2,4,0.0,0.0,0.0,,,0.0,0.0,0.0,13.2,13.2,0.0,0.15
2021-03-02 05:00:00,2021,3,2,5,0.0,0.0,0.0,,,0.0,0.0,0.0,12.0,12.0,0.0,0.15
2021-03-02 06:00:00,2021,3,2,6,4.0,4.0,0.0,,,3.879,2.046,0.0,13.0,13.141,0.5,0.15
2021-03-02 07:00:00,2021,3,2,7,83.51719975298379,77.0,77.0,0.921965777441539,alta_fd,87.791,69.283,62.864,14.7,18.806,0.0,0.15
2021-03-02 08:00:00,2021,3,2,8,271.4525747108434,170.0,340.0,0.626260407296145,mixto,313.947,259.128,245.983,19.0,30.105,1.0,0.15
2021-03-02 09:00:00,2021,3,2,9,486.7860577712091,182.0,614.0,0.3738808807164739,mixto,583.471,467.007,446.495,22.0,42.685,1.0,0.15
2021-03-02 10:00:00,2021,3,2,10,689.5256824391952,192.0,748.0,0.2784522823295001,baja_fd,818.513,618.162,592.295,25.8,54.751,1.0,0.15
2021-03-02 11:00:00,2021,3,2,11,844.3535103967685,171.0,849.0,0.2025218085723902,baja_fd,981.956,735.71,705.677,28.0,55.119,2.1,0.15
2021-03-02 12:00:00,2021,3,2,12,937.186127571931,158.0,894.0,0.16858977672807388,baja_fd,1065.644,805.889,773.37,31.0,52.059,4.1,0.15
2021-03-02 13:00:00,2021,3,2,13,956.4786367218092,158.0,892.0,0.16518926187575075,baja_fd,1058.904,803.503,771.068,31.8,51.339,4.6,0.15
2021-03-02 14:00:00,2021,3,2,14,900.1838718280083,144.0,877.0,0.15996731835194783,baja_fd,966.245,754.25,723.561,31.0,45.722,6.2,0.15
2021-03-02 15:00:00,2021,3,2,15,762.44240432078,161.0,776.0,0.21116349128486164,baja_fd,789.425,634.438,607.994,30.0,40.348,7.7,0.15
2021-03-02 16:00:00,2021,3,2,16,558.6725980471942,166.0,614.0,0.29713288351754286,baja_fd,549.344,454.318,434.256,28.1,34.993,8.2,0.15
2021-03-02 17:00:00,2021,3,2,17,307.038656381463,142.0,355.0,0.4624824824128335,mixto,278.453,226.269,214.287,27.0,31.017,6.7,0.15
2021-03-02 18:00:00,2021,3,2,18,75.36097714349422,58.0,66.0,0.7696290865438578,alta_fd,64.579,47.757,42.102,25.0,25.917,6.7,0.15
2021-03-02 19:00:00,2021,3,2,19,2.0,2.0,0.0,,,1.94,0.936,0.0,22.0,22.04,3.1,0.15
2021-03-02 20:00:00,2021,3,2,20,0.0,0.0,0.0,,,0.0,0.0,0.0,20.0,20.0,4.1,0.15
2021-03-02 21:00:00,2021,3,2,21,0.0,0.0,0.0,,,0.0,0.0,0.0,18.0,18.0,4.6,0.15
2021-03-02 22:00:00,2021,3,2,22,0.0,0.0,0.0,,,0.0,0.0,0.0,17.1,17.1,4.6,0.15
2021-03-02 23:00:00,2021,3,2,23,0.0,0.0,0.0,,,0.0,0.0,0.0,16.0,16.0,3.6,0.15
2021-03-03 00:00:00,2021,3,3,0,0.0,0.0,0.0,,,0.0,0.0,0.0,15.0,15.0,2.6,0.15
2021-03-03 01:00:00,2021,3,3,1,0.0,0.0,0.0,,,0.0,0.0,0.0,14.5,14.5,7.2,0.15
2021-03-03 02:00:00,2021,3,3,2,0.0,0.0,0.0,,,0.0,0.0,0.0,12.0,12.0,1.0,0.15
2021-03-03 03:00:00,2021,3,3,3,0.0,0.0,0.0,,,0.0,0.0,0.0,12.0,12.0,1.5,0.15
2021-03-03 04:00:00,2021,3,3,4,0.0,0.0,0.0,,,0.0,0.0,0.0,11.4,11.4,0.0,0.15
2021-03-03 05:00:00,2021,3,3,5,0.0,0.0,0.0,,,0.0,0.0,0.0,11.0,11.0,1.0,0.15
2021-03-03 06:00:00,2021,3,3,6,4.0,4.0,0.0,,,3.879,2.079,0.0,10.0,10.141,0.5,0.15
2021-03-03 07:00:00,2021,3,3,7,81.05010212821769,75.0,74.0,0.9253535533040206,alta_fd,85.435,68.282,61.899,12.5,15.484,1.0,0.15
2021-03-03 08:00:00,2021,3,3,8,269.2255331505983,169.0,339.0,0.6277264939260625,mixto,312.648,260.721,247.519,17.0,27.525,1.2,0.15
2021-03-03 09:00:00,2021,3,3,9,483.6458075839324,180.0,615.0,0.3721731837172239,mixto,584.583,474.32,453.55,21.0,39.392,1.5,0.15
2021-03-03 10:00:00,2021,3,3,10,685.2297273640436,193.0,743.0,0.28165736583326084,baja_fd,815.505,629.055,602.801,24.2,49.798,1.5,0.15
2021-03-03 11:00:00,2021,3,3,11,839.0992681270748,172.0,844.0,0.2049817066148984,baja_fd,978.172,739.595,709.425,26.0,53.016,2.1,0.15
2021-03-03 12:00:00,2021,3,3,12,930.6999927093866,161.0,886.0,0.17298807484816717,baja_fd,1060.528,825.682,792.462,28.0,45.078,5.7,0.15
2021-03-03 13:00:00,2021,3,3,13,951.0014721130029,157.0,890.0,0.1650891240485319,baja_fd,1055.327,815.676,782.81,28.7,46.963,5.1,0.15
2021-03-03 14:00:00,2021,3,3,14,894.04296695289,145.0,872.0,0.16218459890601714,baja_fd,961.911,761.805,730.848,29.0,42.212,7.2,0.15
2021-03-03 15:00:00,2021,3,3,15,756.6403353188819,161.0,772.0,0.21278273505224574,baja_fd,785.383,634.484,608.038,28.3,39.103,7.2,0.15
2021-03-03 16:00:00,2021,3,3,16,553.5393749121365,160.0,619.0,0.2890489949796197,baja_fd,545.491,451.102,431.154,27.6,35.121,7.2,0.15
2021-03-03 17:00:00,2021,3,3,17,301.46226450812486,142.0,346.0,0.471037395780502,mixto,274.49,224.962,213.027,25.0,28.765,7.2,0.15
2021-03-03 18:00:00,2021,3,3,18,71.26847535198578,56.0,59.0,0.7857611619081682,alta_fd,61.656,46.015,40.42,23.0,23.832,7.2,0.15
2021-03-03 19:00:00,2021,3,3,19,2.0,2.0,0.0,,,1.94,0.944,0.0,20.7,20.735,4.1,0.15
2021-03-03 20:00:00,2021,3,3,20,0.0,0.0,0.0,,,0.0,0.0,0.0,19.0,19.0,4.1,0.15
2021-03-03 21:00:00,2021,3,3,21,0.0,0.0,0.0,,,0.0,0.0,0.0,18.0,18.0,3.6,0.15
2021-03-03 22:00:00,2021,3,3,22,0.0,0.0,0.0,,,0.0,0.0,0.0,16.0,16.0,2.6,0.15
2021-03-03 23:00:00,2021,3,3,23,0.0,0.0,0.0,,,0.0,0.0,0.0,15.0,15.0,3.6,0.15
2021-03-04 00:00:00,2021,3,4,0,0.0,0.0,0.0,,,0.0,0.0,0.0,14.0,14.0,2.6,0.15
2021-03-04 01:00:00,2021,3,4,1,0.0,0.0,0.0,,,0.0,0.0,0.0,13.3,13.3,0.5,0.15
2021-03-04 02:00:00,2021,3,4,2,0.0,0.0,0.0,,,0.0,0.0,0.0,12.0,12.0,1.0,0.15
2021-03-04 03:00:00,2021,3,4,3,0.0,0.0,0.0,,,0.0,0.0,0.0,11.0,11.0,0.0,0.15
2021-03-04 04:00:00,2021,3,4,4,0.0,0.0,0.0,,,0.0,0.0,0.0,10.7,10.7,1.5,0.15
2021-03-04 05:00:00,2021,3,4,5,0.0,0.0,0.0,,,0.0,0.0,0.0,10.0,10.0,1.0,0.15
2021-03-04 06:00:00,2021,3,4,6,4.0,4.0,0.0,,,3.879,2.079,0.0,10.0,10.165,0.0,0.15
2021-03-04 07:00:00,2021,3,4,7,79.60095141811965,74.0,71.0,0.9296371297285185,alta_fd,84.031,67.194,60.85,12.7,15.305,1.5,0.15
2021-03-04 08:00:00,2021,3,4,8,266.12492973395854,168.0,335.0,0.6312824588359583,mixto,310.097,258.111,245.002,17.0,27.97,1.0,0.15
2021-03-04 09:00:00,2021,3,4,9,477.40323953715455,170.0,626.0,0.35609310101208375,mixto,581.691,469.875,449.262,20.0,40.626,1.0,0.15
2021-03-04 10:00:00,2021,3,4,10,680.2826884956773,194.0,737.0,0.2851755649243347,baja_fd,811.675,631.742,605.394,22.2,47.678,1.5,0.15
2021-03-04 11:00:00,2021,3,4,11,831.3214311983894,150.0,865.0,0.18043562257713947,baja_fd,974.692,754.858,724.147,25.0,47.468,3.1,0.15
2021-03-04 12:00:00,2021,3,4,12,923.7314330216392,141.0,904.0,0.15264176898124127,baja_fd,1049.254,797.399,765.181,27.0,51.173,3.1,0.15
2021-03-04 13:00:00,2021,3,4,13,941.9355392330233,140.0,902.0,0.14863012825059754,baja_fd,1041.104,787.84,755.96,28.3,52.287,3.1,0.15
2021-03-04 14:00:00,2021,3,4,14,884.7183021922151,130.0,882.0,0.14693942656987785,baja_fd,948.358,738.714,708.575,29.0,46.52,4.6,0.15
2021-03-04 15:00:00,2021,3,4,15,750.4102901693968,146.0,787.0,0.19456023179938287,baja_fd,778.203,620.65,594.694,29.0,42.502,5.1,0.15
2021-03-04 16:00:00,2021,3,4,16,549.6560137259594,137.0,653.0,0.24924679541176412,baja_fd,541.73,447.199,427.389,27.6,35.889,6.2,0.15
2021-03-04 17:00:00,2021,3,4,17,296.3088930893407,141.0,340.0,0.4758547694263324,mixto,270.681,219.971,208.213,26.0,30.681,5.1,0.15
2021-03-04 18:00:00,2021,3,4,18,66.92463335760168,57.0,39.0,0.8517043297858519,alta_fd,59.297,44.579,39.036,24.0,25.158,4.1,0.15
2021-03-04 19:00:00,2021,3,4,19,1.0,1.0,0.0,,,0.97,0.0,0.0,21.9,21.922,2.6,0.15
2021-03-04 20:00:00,2021,3,4,20,0.0,0.0,0.0,,,0.0,0.0,0.0,21.0,21.0,3.1,0.15
2021-03-04 21:00:00,2021,3,4,21,0.0,0.0,0.0,,,0.0,0.0,0.0,19.0,19.0,2.6,0.15
2021-03-04 22:00:00,2021,3,4,22,0.0,0.0,0.0,,,0.0,0.0,0.0,17.7,17.7,3.1,0.15
2021-03-04 23:00:00,2021,3,4,23,0.0,0.0,0.0,,,0.0,0.0,0.0,17.0,17.0,2.1,0.15
2021-03-05 00:00:00,2021,3,5,0,0.0,0.0,0.0,,,0.0,0.0,0.0,16.0,16.0,2.6,0.15
2021-03-05 01:00:00,2021,3,5,1,0.0,0.0,0.0,,,0.0,0.0,0.0,14.9,14.9,2.6,0.15
2021-03-05 02:00:00,2021,3,5,2,0.0,0.0,0.0,,,0.0,0.0,0.0,14.0,14.0,1.5,0.15
2021-03-05 03:00:00,2021,3,5,3,0.0,0.0,0.0,,,0.0,0.0,0.0,13.0,13.0,0.5,0.15
2021-03-05 04:00:00,2021,3,5,4,0.0,0.0,0.0,,,0.0,0.0,0.0,12.9,12.9,2.1,0.15
2021-03-05 05:00:00,2021,3,5,5,0.0,0.0,0.0,,,0.0,0.0,0.0,13.0,13.0,2.1,0.15
2021-03-05 06:00:00,2021,3,5,6,3.0,3.0,0.0,,,2.91,1.529,0.0,11.0,11.066,2.6,0.15
2021-03-05 07:00:00,2021,3,5,7,25.0,25.0,0.0,1.0,alta_fd,23.648,18.965,14.33,11.7,12.295,2.6,0.15
2021-03-05 08:00:00,2021,3,5,8,166.25421699726533,159.0,25.0,0.9563667188220275,alta_fd,163.128,138.78,129.898,14.0,18.516,2.1,0.15
2021-03-05 09:00:00,2021,3,5,9,379.6746529639175,282.0,200.0,0.7427411806360431,alta_fd,412.241,348.358,332.051,16.0,25.511,3.1,0.15
2021-03-05 10:00:00,2021,3,5,10,599.6150684915722,298.0,459.0,0.4969855089693906,mixto,690.174,557.371,533.658,20.1,37.44,2.6,0.15
2021-03-05 11:00:00,2021,3,5,11,786.4055859341483,299.0,621.0,0.3802109310360844,mixto,903.707,707.956,678.907,23.0,43.805,3.1,0.15
2021-03-05 12:00:00,2021,3,5,12,900.1784012899939,234.0,772.0,0.2599484720636132,baja_fd,1028.568,799.084,766.805,25.0,45.316,4.1,0.15
2021-03-05 13:00:00,2021,3,5,13,930.5111884359425,150.0,881.0,0.16120171564205343,baja_fd,1037.819,804.933,772.447,25.8,46.314,4.1,0.15
2021-03-05 14:00:00,2021,3,5,14,862.384457565806,172.0,810.0,0.19944700822356273,baja_fd,931.594,738.002,707.888,26.0,42.134,5.1,0.15
2021-03-05 15:00:00,2021,3,5,15,717.0586951909567,182.0,700.0,0.2538146475603819,baja_fd,749.004,605.124,579.718,26.0,38.991,5.1,0.15
2021-03-05 16:00:00,2021,3,5,16,504.56197163355836,183.0,512.0,0.3626908294486074,mixto,500.363,417.368,398.615,25.1,32.354,6.7,0.15
2021-03-05 17:00:00,2021,3,5,17,271.837075421411,146.0,278.0,0.5370864138884142,mixto,251.884,207.61,196.29,23.0,27.056,5.7,0.15
2021-03-05 18:00:00,2021,3,5,18,59.00235029740102,54.0,20.0,0.9152177790852957,alta_fd,53.96,41.554,36.118,21.0,21.926,5.1,0.15
2021-03-05 19:00:00,2021,3,5,19,1.0,1.0,0.0,,,0.97,0.0,0.0,19.6,19.616,4.6,0.15
2021-03-05 20:00:00,2021,3,5,20,0.0,0.0,0.0,,,0.0,0.0,0.0,18.0,18.0,2.6,0.15
2021-03-05 21:00:00,2021,3,5,21,0.0,0.0,0.0,,,0.0,0.0,0.0,17.0,17.0,3.6,0.15
2021-03-05 22:00:00,2021,3,5,22,0.0,0.0,0.0,,,0.0,0.0,0.0,15.9,15.9,3.1,0.15
2021-03-05 23:00:00,2021,3,5,23,0.0,0.0,0.0,,,0.0,0.0,0.0,14.0,14.0,2.6,0.15
2021-03-06 00:00:00,2021,3,6,0,0.0,0.0,0.0,,,0.0,0.0,0.0,14.0,14.0,2.6,0.15
2021-03-06 01:00:00,2021,3,6,1,0.0,0.0,0.0,,,0.0,0.0,0.0,13.5,13.5,2.6,0.15
2021-03-06 02:00:00,2021,3,6,2,0.0,0.0,0.0,,,0.0,0.0,0.0,13.0,13.0,3.1,0.15
2021-03-06 03:00:00,2021,3,6,3,0.0,0.0,0.0,,,0.0,0.0,0.0,13.0,13.0,2.6,0.15
2021-03-06 04:00:00,2021,3,6,4,0.0,0.0,0.0,,,0.0,0.0,0.0,12.8,12.8,2.1,0.15
2021-03-06 05:00:00,2021,3,6,5,0.0,0.0,0.0,,,0.0,0.0,0.0,13.0,13.0,1.5,0.15
2021-03-06 06:00:00,2021,3,6,6,1.0,1.0,0.0,,,0.97,0.0,0.0,13.0,13.031,1.0,0.15
2021-03-06 07:00:00,2021,3,6,7,25.0,25.0,0.0,1.0,alta_fd,23.648,18.82,14.19,13.0,13.836,1.0,0.15
2021-03-06 08:00:00,2021,3,6,8,88.0,88.0,0.0,1.0,alta_fd,83.655,69.621,63.19,14.0,17.968,0.0,0.15
2021-03-06 09:00:00,2021,3,6,9,474.97888878185415,220.0,525.0,0.46317848055145977,mixto,565.78,466.753,446.25,17.0,34.793,1.5,0.15
2021-03-06 10:00:00,2021,3,6,10,664.3721591805643,169.0,757.0,0.2543754997326263,baja_fd,801.901,639.091,612.481,20.0,42.182,2.1,0.15
2021-03-06 11:00:00,2021,3,6,11,816.2328630480155,164.0,834.0,0.2009230544670591,baja_fd,959.989,758.965,728.108,22.0,42.437,3.6,0.15
2021-03-06 12:00:00,2021,3,6,12,905.8783140347608,156.0,872.0,0.17220856000534956,baja_fd,1040.175,812.306,779.559,24.0,44.559,4.1,0.15
2021-03-06 13:00:00,2021,3,6,13,523.7793760705266,364.0,181.0,0.6949490885471359,mixto,555.376,447.469,427.65,25.6,34.024,6.2,0.15
2021-03-06 14:00:00,2021,3,6,14,481.19274038516846,398.0,98.0,0.82711139756893,alta_fd,491.632,394.664,376.716,27.0,34.457,6.2,0.15
2021-03-06 15:00:00,2021,3,6,15,397.57286339023125,339.0,77.0,0.8526738900367553,alta_fd,399.96,327.0,311.45,25.0,30.478,7.2,0.15
2021-03-06 16:00:00,2021,3,6,16,279.8436345009317,258.0,35.0,0.9219434290871498,alta_fd,276.856,226.684,214.688,25.7,30.161,5.7,0.15
2021-03-06 17:00:00,2021,3,6,17,145.38148399240123,140.0,12.0,0.9629837043575473,alta_fd,138.758,112.976,105.01,26.0,28.242,5.7,0.15
2021-03-06 18:00:00,2021,3,6,18,58.668473727132664,54.0,19.0,0.9204261943331651,alta_fd,53.822,41.021,35.604,23.0,23.924,5.1,0.15
2021-03-06 19:00:00,2021,3,6,19,1.0,1.0,0.0,,,0.97,0.0,0.0,20.6,20.619,3.6,0.15
2021-03-06 20:00:00,2021,3,6,20,0.0,0.0,0.0,,,0.0,0.0,0.0,20.0,20.0,4.6,0.15
2021-03-06 21:00:00,2021,3,6,21,0.0,0.0,0.0,,,0.0,0.0,0.0,19.0,19.0,2.6,0.15
2021-03-06 22:00:00,2021,3,6,22,0.0,0.0,0.0,,,0.0,0.0,0.0,18.0,18.0,1.5,0.15
2021-03-06 23:00:00,2021,3,6,23,0.0,0.0,0.0,,,0.0,0.0,0.0,17.0,17.0,1.0,0.15
2021-03-07 00:00:00,2021,3,7,0,0.0,0.0,0.0,,,0.0,0.0,0.0,16.0,16.0,1.0,0.15
2021-03-07 01:00:00,2021,3,7,1,0.0,0.0,0.0,,,0.0,0.0,0.0,15.1,15.1,1.0,0.15
2021-03-07 02:00:00,2021,3,7,2,0.0,0.0,0.0,,,0.0,0.0,0.0,15.0,15.0,1.5,0.15
2021-03-07 03:00:00,2021,3,7,3,0.0,0.0,0.0,,,0.0,0.0,0.0,14.0,14.0,0.0,0.15
2021-03-07 04:00:00,2021,3,7,4,0.0,0.0,0.0,,,0.0,0.0,0.0,13.1,13.1,0.5,0.15
2021-03-07 05:00:00,2021,3,7,5,0.0,0.0,0.0,,,0.0,0.0,0.0,12.0,12.0,0.5,0.15
2021-03-07 06:00:00,2021,3,7,6,3.0,3.0,0.0,,,2.91,1.52,0.0,12.0,12.124,0.0,0.15
2021-03-07 07:00:00,2021,3,7,7,71.9931742234883,67.0,71.0,0.9306437828676926,alta_fd,77.549,60.765,54.648,14.3,17.921,0.0,0.15
2021-03-07 08:00:00,2021,3,7,8,254.67447653369874,165.0,315.0,0.6478858904345959,mixto,299.14,245.963,233.284,17.6,30.878,0.2,0.15
2021-03-07 09:00:00,2021,3,7,9,460.56668857714607,179.0,583.0,0.388651642508047,mixto,561.018,447.155,427.347,21.0,43.783,0.5,0.15
2021-03-07 10:00:00,2021,3,7,10,650.3932028056145,176.0,728.0,0.27060553406890664,baja_fd,785.717,604.226,578.852,23.0,50.799,1.0,0.15
2021-03-07 11:00:00,2021,3,7,11,800.0095224084171,186.0,788.0,0.23249723258299437,baja_fd,944.158,720.092,690.613,25.0,51.076,2.1,0.15
2021-03-07 12:00:00,2021,3,7,12,888.113660067975,182.0,824.0,0.20492872498557219,baja_fd,1019.398,805.77,773.255,26.0,41.517,6.2,0.15
2021-03-07 13:00:00,2021,3,7,13,904.6105748190929,179.0,825.0,0.19787520175275095,baja_fd,1011.784,782.216,750.536,27.1,47.096,4.1,0.15
2021-03-07 14:00:00,2021,3,7,14,853.1686866977055,154.0,827.0,0.18050357731256636,baja_fd,926.679,737.811,707.704,27.0,41.121,6.2,0.15
2021-03-07 15:00:00,2021,3,7,15,724.1948133246057,158.0,748.0,0.21817333829644497,baja_fd,759.504,616.919,591.095,26.4,37.992,6.2,0.15
2021-03-07 16:00:00,2021,3,7,16,527.9422361041898,141.0,624.0,0.2670746728666231,baja_fd,525.343,437.275,417.817,25.8,33.84,6.2,0.15
2021-03-07 17:00:00,2021,3,7,17,274.8166017403717,138.0,308.0,0.5021530690870457,mixto,254.132,209.222,197.845,23.0,26.866,6.2,0.15
2021-03-07 18:00:00,2021,3,7,18,53.860077844538985,50.0,16.0,0.9283313727157866,alta_fd,49.662,37.841,32.536,22.0,22.973,4.1,0.15
2021-03-07 19:00:00,2021,3,7,19,1.0,1.0,0.0,,,0.97,0.0,0.0,19.7,19.716,4.6,0.15
2021-03-07 20:00:00,2021,3,7,20,0.0,0.0,0.0,,,0.0,0.0,0.0,19.0,19.0,4.1,0.15
2021-03-07 21:00:00,2021,3,7,21,0.0,0.0,0.0,,,0.0,0.0,0.0,18.0,18.0,1.5,0.15
2021-03-07 22:00:00,2021,3,7,22,0.0,0.0,0.0,,,0.0,0.0,0.0,17.0,17.0,3.1,0.15
2021-03-07 23:00:00,2021,3,7,23,0.0,0.0,0.0,,,0.0,0.0,0.0,16.0,16.0,2.1,0.15
2021-03-08 00:00:00,2021,3,8,0,0.0,0.0,0.0,,,0.0,0.0,0.0,16.0,16.0,1.0,0.15
2021-03-08 01:00:00,2021,3,8,1,0.0,0.0,0.0,,,0.0,0.0,0.0,13.9,13.9,0.0,0.15
2021-03-08 02:00:00,2021,3,8,2,0.0,0.0,0.0,,,0.0,0.0,0.0,13.9,13.9,1.5,0.15
2021-03-08 03:00:00,2021,3,8,3,0.0,0.0,0.0,,,0.0,0.0,0.0,14.0,14.0,1.5,0.15
2021-03-08 04:00:00,2021,3,8,4,0.0,0.0,0.0,,,0.0,0.0,0.0,13.5,13.5,1.0,0.15
2021-03-08 05:00:00,2021,3,8,5,0.0,0.0,0.0,,,0.0,0.0,0.0,13.0,13.0,0.5,0.15
2021-03-08 06:00:00,2021,3,8,6,3.0,3.0,0.0,,,2.91,1.521,0.0,12.0,12.106,0.5,0.15
2021-03-08 07:00:00,2021,3,8,7,70.58938038006032,66.0,68.0,0.9349848326284969,alta_fd,76.144,60.137,54.043,13.6,15.957,1.5,0.15
2021-03-08 08:00:00,2021,3,8,8,253.09126531583382,164.0,316.0,0.6479875937059447,mixto,298.692,247.364,234.635,17.0,29.103,0.5,0.15
2021-03-08 09:00:00,2021,3,8,9,461.89860872752683,180.0,587.0,0.3896959129101462,mixto,564.617,455.289,435.193,21.0,41.022,1.0,0.15
2021-03-08 10:00:00,2021,3,8,10,656.8928466201721,167.0,755.0,0.2542271557062069,baja_fd,798.024,611.578,585.944,23.5,51.739,1.0,0.15
2021-03-08 11:00:00,2021,3,8,11,808.9956387784865,160.0,836.0,0.19777609708945548,baja_fd,957.115,733.738,703.775,26.0,50.056,2.6,0.15
2021-03-08 12:00:00,2021,3,8,12,897.2835355601029,151.0,874.0,0.1682857135072056,baja_fd,1035.831,781.428,749.776,27.0,53.018,2.6,0.15
2021-03-08 13:00:00,2021,3,8,13,915.7147116356551,149.0,875.0,0.16271443289783485,baja_fd,1028.651,741.385,711.151,27.3,63.631,1.0,0.15
2021-03-08 14:00:00,2021,3,8,14,860.3963625495649,133.0,864.0,0.15457991896419515,baja_fd,937.116,734.079,704.104,28.0,45.315,4.6,0.15
2021-03-08 15:00:00,2021,3,8,15,726.9224739778953,147.0,770.0,0.20222238995525962,baja_fd,763.855,615.081,589.322,28.0,40.336,5.7,0.15
2021-03-08 16:00:00,2021,3,8,16,526.9533485862693,137.0,633.0,0.259985063891422,baja_fd,525.492,433.868,414.53,27.5,36.009,5.7,0.15
2021-03-08 17:00:00,2021,3,8,17,273.57213064473984,135.0,315.0,0.4934713184484084,mixto,253.174,205.54,194.293,26.0,30.073,5.7,0.15
2021-03-08 18:00:00,2021,3,8,18,53.26162356455006,49.0,18.0,0.9199869759999859,alta_fd,48.959,36.721,31.457,24.4,25.138,6.2,0.15
2021-03-08 19:00:00,2021,3,8,19,1.0,1.0,0.0,,,0.97,0.0,0.0,22.8,22.82,3.1,0.15
2021-03-08 20:00:00,2021,3,8,20,0.0,0.0,0.0,,,0.0,0.0,0.0,20.0,20.0,4.1,0.15
2021-03-08 21:00:00,2021,3,8,21,0.0,0.0,0.0,,,0.0,0.0,0.0,19.0,19.0,3.1,0.15
2021-03-08 22:00:00,2021,3,8,22,0.0,0.0,0.0,,,0.0,0.0,0.0,18.7,18.7,2.6,0.15
2021-03-08 23:00:00,2021,3,8,23,0.0,0.0,0.0,,,0.0,0.0,0.0,18.0,18.0,1.0,0.15
2021-03-09 00:00:00,2021,3,9,0,0.0,0.0,0.0,,,0.0,0.0,0.0,16.0,16.0,0.5,0.15
2021-03-09 01:00:00,2021,3,9,1,0.0,0.0,0.0,,,0.0,0.0,0.0,16.0,16.0,1.5,0.15
2021-03-09 02:00:00,2021,3,9,2,0.0,0.0,0.0,,,0.0,0.0,0.0,16.0,16.0,0.5,0.15
2021-03-09 03:00:00,2021,3,9,3,0.0,0.0,0.0,,,0.0,0.0,0.0,16.0,16.0,1.5,0.15
2021-03-09 04:00:00,2021,3,9,4,0.0,0.0,0.0,,,0.0,0.0,0.0,14.6,14.6,0.5,0.15
2021-03-09 05:00:00,2021,3,9,5,0.0,0.0,0.0,,,0.0,0.0,0.0,13.0,13.0,0.0,0.15
2021-03-09 06:00:00,2021,3,9,6,3.0,3.0,0.0,,,2.91,1.512,0.0,13.0,13.124,0.0,0.15
2021-03-09 07:00:00,2021,3,9,7,69.26785059721738,65.0,66.0,0.9383862706808341,alta_fd,74.914,58.509,52.472,14.9,18.398,0.0,0.15
2021-03-09 08:00:00,2021,3,9,8,251.06036876389464,162.0,319.0,0.6452631325191356,mixto,298.063,247.388,234.659,18.0,28.545,1.0,0.15
2021-03-09 09:00:00,2021,3,9,9,465.190991520034,204.0,547.0,0.4385295582217105,mixto,563.843,447.031,427.228,22.0,44.893,0.5,0.15
2021-03-09 10:00:00,2021,3,9,10,655.2402412754642,161.0,765.0,0.24571140454774862,baja_fd,799.656,599.607,574.397,24.5,56.912,0.5,0.15
2021-03-09 11:00:00,2021,3,9,11,809.151488440698,151.0,851.0,0.18661524097420806,baja_fd,961.263,715.288,685.979,27.0,57.148,1.5,0.15
2021-03-09 12:00:00,2021,3,9,12,900.2849223129938,138.0,896.0,0.15328480637602282,baja_fd,1035.538,791.263,759.262,28.1,50.139,3.6,0.15
2021-03-09 13:00:00,2021,3,9,13,919.9250258583818,157.0,874.0,0.17066608211196704,baja_fd,1035.332,804.553,772.08,29.3,45.978,5.7,0.15
2021-03-09 14:00:00,2021,3,9,14,860.2361303839658,146.0,852.0,0.16972084157268888,baja_fd,938.93,738.894,708.748,29.0,44.139,5.7,0.15
2021-03-09 15:00:00,2021,3,9,15,723.9514448728725,144.0,774.0,0.19890836743241355,baja_fd,762.577,611.856,586.212,29.0,41.316,5.7,0.15
2021-03-09 16:00:00,2021,3,9,16,521.289791656078,137.0,628.0,0.26280967360739343,baja_fd,521.393,431.267,412.022,28.4,35.594,7.2,0.15
2021-03-09 17:00:00,2021,3,9,17,268.89605468649313,133.0,312.0,0.49461491785390893,mixto,249.512,201.769,190.656,27.0,30.794,6.2,0.15
2021-03-09 18:00:00,2021,3,9,18,49.78660778111817,47.0,12.0,0.9440289687265054,alta_fd,45.943,34.344,29.163,25.0,25.788,5.1,0.15
2021-03-09 19:00:00,2021,3,9,19,0.0,0.0,0.0,,,0.0,0.0,0.0,22.2,0.0,3.6,0.15
2021-03-09 20:00:00,2021,3,9,20,0.0,0.0,0.0,,,0.0,0.0,0.0,21.0,21.0,3.6,0.15
2021-03-09 21:00:00,2021,3,9,21,0.0,0.0,0.0,,,0.0,0.0,0.0,20.0,20.0,3.6,0.15
2021-03-09 22:00:00,2021,3,9,22,0.0,0.0,0.0,,,0.0,0.0,0.0,18.8,18.8,1.0,0.15
2021-03-09 23:00:00,2021,3,9,23,0.0,0.0,0.0,,,0.0,0.0,0.0,16.0,16.0,1.0,0.15
2021-03-10 00:00:00,2021,3,10,0,0.0,0.0,0.0,,,0.0,0.0,0.0,15.0,15.0,0.5,0.15
2021-03-10 01:00:00,2021,3,10,1,0.0,0.0,0.0,,,0.0,0.0,0.0,15.3,15.3,0.5,0.15
2021-03-10 02:00:00,2021,3,10,2,0.0,0.0,0.0,,,0.0,0.0,0.0,16.0,16.0,1.0,0.15
2021-03-10 03:00:00,2021,3,10,3,0.0,0.0,0.0,,,0.0,0.0,0.0,15.0,15.0,1.0,0.15
2021-03-10 04:00:00,2021,3,10,4,0.0,0.0,0.0,,,0.0,0.0,0.0,12.9,12.9,1.0,0.15
2021-03-10 05:00:00,2021,3,10,5,0.0,0.0,0.0,,,0.0,0.0,0.0,13.0,13.0,1.0,0.15
2021-03-10 06:00:00,2021,3,10,6,2.0,2.0,0.0,,,1.94,0.987,0.0,13.0,13.062,1.0,0.15
2021-03-10 07:00:00,2021,3,10,7,67.71082285239328,64.0,60.0,0.9451960159975796,alta_fd,72.996,57.309,51.315,15.2,17.461,1.5,0.15
2021-03-10 08:00:00,2021,3,10,8,248.90667124130698,161.0,318.0,0.6468287860549776,mixto,296.779,246.537,233.838,19.0,28.318,1.5,0.15
2021-03-10 09:00:00,2021,3,10,9,462.109795292504,201.0,550.0,0.4349615655144726,mixto,562.76,449.909,430.003,23.0,42.952,1.0,0.15
2021-03-10 10:00:00,2021,3,10,10,650.5071961615236,161.0,761.0,0.24749918363704473,baja_fd,796.29,625.811,599.673,25.8,45.844,2.6,0.15
2021-03-10 11:00:00,2021,3,10,11,801.9286420442145,154.0,841.0,0.192037036621407,baja_fd,954.763,742.78,712.497,29.0,46.635,4.6,0.15
2021-03-10 12:00:00,2021,3,10,12,890.9001720577455,145.0,880.0,0.16275673139122654,baja_fd,1026.357,792.116,760.084,30.0,47.768,5.1,0.15
2021-03-10 13:00:00,2021,3,10,13,908.3154229230017,144.0,879.0,0.15853523607096887,baja_fd,1017.892,783.524,751.797,30.9,48.523,5.1,0.15
2021-03-10 14:00:00,2021,3,10,14,849.9754043507397,133.0,859.0,0.15647511600831918,baja_fd,930.329,721.105,691.59,33.0,48.003,5.7,0.15
2021-03-10 15:00:00,2021,3,10,15,713.2541112936575,149.0,757.0,0.20890170507359956,baja_fd,753.538,599.286,574.088,32.0,43.505,6.2,0.15
2021-03-10 16:00:00,2021,3,10,16,511.94944952106016,140.0,612.0,0.2734644995340322,baja_fd,513.878,421.261,402.37,30.7,37.79,7.2,0.15
2021-03-10 17:00:00,2021,3,10,17,261.78215537355095,132.0,301.0,0.5042360500533054,mixto,243.954,196.645,185.714,28.0,31.344,7.2,0.15
2021-03-10 18:00:00,2021,3,10,18,45.82110710240794,44.0,8.0,0.9602561522937921,alta_fd,42.63,31.478,26.399,27.0,27.731,5.1,0.15
2021-03-10 19:00:00,2021,3,10,19,0.0,0.0,0.0,,,0.0,0.0,0.0,23.8,0.0,4.1,0.15
2021-03-10 20:00:00,2021,3,10,20,0.0,0.0,0.0,,,0.0,0.0,0.0,22.0,22.0,4.1,0.15
2021-03-10 21:00:00,2021,3,10,21,0.0,0.0,0.0,,,0.0,0.0,0.0,21.0,21.0,3.1,0.15
2021-03-10 22:00:00,2021,3,10,22,0.0,0.0,0.0,,,0.0,0.0,0.0,19.4,19.4,3.6,0.15
2021-03-10 23:00:00,2021,3,10,23,0.0,0.0,0.0,,,0.0,0.0,0.0,17.0,17.0,2.1,0.15
2021-03-11 00:00:00,2021,3,11,0,0.0,0.0,0.0,,,0.0,0.0,0.0,17.0,17.0,1.5,0.15
2021-03-11 01:00:00,2021,3,11,1,0.0,0.0,0.0,,,0.0,0.0,0.0,15.7,15.7,2.1,0.15
2021-03-11 02:00:00,2021,3,11,2,0.0,0.0,0.0,,,0.0,0.0,0.0,15.0,15.0,1.5,0.15
2021-03-11 03:00:00,2021,3,11,3,0.0,0.0,0.0,,,0.0,0.0,0.0,15.0,15.0,4.6,0.15
2021-03-11 04:00:00,2021,3,11,4,0.0,0.0,0.0,,,0.0,0.0,0.0,12.8,12.8,0.5,0.15
2021-03-11 05:00:00,2021,3,11,5,0.0,0.0,0.0,,,0.0,0.0,0.0,12.0,12.0,0.0,0.15
2021-03-11 06:00:00,2021,3,11,6,2.0,2.0,0.0,,,1.94,0.993,0.0,12.0,12.071,0.5,0.15
2021-03-11 07:00:00,2021,3,11,7,66.30618059447808,63.0,56.0,0.9501376709556181,alta_fd,71.429,56.073,50.122,14.2,17.539,0.0,0.15
2021-03-11 08:00:00,2021,3,11,8,244.93687654611455,159.0,314.0,0.6491468424113136,mixto,293.236,242.011,229.472,18.0,29.882,0.5,0.15
2021-03-11 09:00:00,2021,3,11,9,458.70091754865234,201.0,546.0,0.4381940220965022,mixto,560.292,449.99,430.081,22.0,41.866,1.0,0.15
2021-03-11 10:00:00,2021,3,11,10,649.1821575086179,158.0,767.0,0.2433831524365371,baja_fd,797.785,607.769,582.269,25.1,53.337,1.0,0.15
2021-03-11 11:00:00,2021,3,11,11,799.7825120926545,149.0,848.0,0.18630064767249924,baja_fd,955.569,741.445,711.209,27.0,47.35,3.6,0.15
2021-03-11 12:00:00,2021,3,11,12,890.9115505494136,136.0,894.0,0.15265263977791124,baja_fd,1030.113,798.822,766.553,28.4,46.69,4.9,0.15
2021-03-11 13:00:00,2021,3,11,13,908.7708593986661,157.0,868.0,0.17276082125244085,baja_fd,1027.682,800.725,768.389,29.8,45.451,6.2,0.15
2021-03-11 14:00:00,2021,3,11,14,846.2941534296508,130.0,862.0,0.1536108922331181,baja_fd,928.629,741.994,711.739,29.0,40.616,8.2,0.15
2021-03-11 15:00:00,2021,3,11,15,711.9272731056984,144.0,766.0,0.20226785156272642,baja_fd,753.91,615.519,589.745,27.2,37.089,7.7,0.15
2021-03-11 16:00:00,2021,3,11,16,509.5938036962609,136.0,619.0,0.2668792261867094,baja_fd,512.727,429.702,410.513,25.3,32.375,7.2,0.15
2021-03-11 17:00:00,2021,3,11,17,258.4458856419352,130.0,301.0,0.5030066533158473,mixto,241.397,197.867,186.893,23.5,26.979,6.7,0.15
2021-03-11 18:00:00,2021,3,11,18,43.11511131748516,42.0,5.0,0.9741364156693496,alta_fd,40.396,30.478,25.434,21.7,22.316,6.1,0.15
2021-03-11 19:00:00,2021,3,11,19,0.0,0.0,0.0,,,0.0,0.0,0.0,19.8,0.0,5.6,0.15
2021-03-11 20:00:00,2021,3,11,20,0.0,0.0,0.0,,,0.0,0.0,0.0,18.0,18.0,5.1,0.15
2021-03-11 21:00:00,2021,3,11,21,0.0,0.0,0.0,,,0.0,0.0,0.0,17.0,17.0,4.6,0.15
2021-03-11 22:00:00,2021,3,11,22,0.0,0.0,0.0,,,0.0,0.0,0.0,16.0,16.0,3.6,0.15
2021-03-11 23:00:00,2021,3,11,23,0.0,0.0,0.0,,,0.0,0.0,0.0,15.0,15.0,3.1,0.15
2021-03-12 00:00:00,2021,3,12,0,0.0,0.0,0.0,,,0.0,0.0,0.0,15.0,15.0,2.1,0.15
2021-03-12 01:00:00,2021,3,12,1,0.0,0.0,0.0,,,0.0,0.0,0.0,14.0,14.0,1.5,0.15
2021-03-12 02:00:00,2021,3,12,2,0.0,0.0,0.0,,,0.0,0.0,0.0,13.7,13.7,1.5,0.15
2021-03-12 03:00:00,2021,3,12,3,0.0,0.0,0.0,,,0.0,0.0,0.0,13.3,13.3,1.5,0.15
2021-03-12 04:00:00,2021,3,12,4,0.0,0.0,0.0,,,0.0,0.0,0.0,13.0,13.0,1.5,0.15
2021-03-12 05:00:00,2021,3,12,5,0.0,0.0,0.0,,,0.0,0.0,0.0,12.5,12.5,15.4,0.15
2021-03-12 06:00:00,2021,3,12,6,2.0,2.0,0.0,,,1.94,0.993,0.0,12.0,12.071,0.5,0.15
2021-03-12 07:00:00,2021,3,12,7,63.98073004574393,61.0,53.0,0.9534120657327164,alta_fd,67.954,53.502,47.643,13.0,16.176,0.0,0.15
2021-03-12 08:00:00,2021,3,12,8,241.71764825390537,158.0,309.0,0.6536552094617164,mixto,290.295,239.666,227.21,16.0,29.754,0.0,0.15
2021-03-12 09:00:00,2021,3,12,9,449.9518868332651,175.0,586.0,0.3889304726148382,mixto,558.934,456.971,436.816,18.0,37.825,1.0,0.15
2021-03-12 10:00:00,2021,3,12,10,643.8788564208137,160.0,759.0,0.24849394945099787,baja_fd,793.283,638.752,612.154,20.0,39.971,2.6,0.15
2021-03-12 11:00:00,2021,3,12,11,795.3922549150406,151.0,843.0,0.18984343770876796,baja_fd,952.603,746.52,716.105,23.0,44.966,3.1,0.15
2021-03-12 12:00:00,2021,3,12,12,882.9240540714319,141.0,882.0,0.15969663455175565,baja_fd,1022.769,801.291,768.934,24.0,44.223,4.1,0.15
2021-03-12 13:00:00,2021,3,12,13,900.5508611531876,138.0,884.0,0.15323954032233789,baja_fd,1014.607,796.936,764.734,25.0,43.734,4.6,0.15
2021-03-12 14:00:00,2021,3,12,14,840.4100148042098,129.0,860.0,0.15349650495306522,baja_fd,924.5,728.649,698.867,27.0,44.086,4.6,0.15
2021-03-12 15:00:00,2021,3,12,15,705.4279734441948,145.0,760.0,0.20554897942599196,baja_fd,749.066,610.853,585.245,26.0,37.439,6.2,0.15
2021-03-12 16:00:00,2021,3,12,16,503.7586749290409,137.0,612.0,0.2719556144999344,baja_fd,508.446,420.322,401.465,27.0,35.849,5.1,0.15
2021-03-12 17:00:00,2021,3,12,17,252.14090516849157,128.0,294.0,0.5076526552265084,mixto,236.313,192.055,181.286,25.0,28.8,5.7,0.15
2021-03-12 18:00:00,2021,3,12,18,40.0,40.0,0.0,1.0,alta_fd,37.951,28.425,23.455,23.0,23.572,6.2,0.15
2021-03-12 19:00:00,2021,3,12,19,0.0,0.0,0.0,,,0.0,0.0,0.0,21.7,0.0,4.6,0.15
2021-03-12 20:00:00,2021,3,12,20,0.0,0.0,0.0,,,0.0,0.0,0.0,21.0,21.0,2.6,0.15
2021-03-12 21:00:00,2021,3,12,21,0.0,0.0,0.0,,,0.0,0.0,0.0,19.0,19.0,3.1,0.15
2021-03-12 22:00:00,2021,3,12,22,0.0,0.0,0.0,,,0.0,0.0,0.0,18.0,18.0,2.6,0.15
2021-03-12 23:00:00,2021,3,12,23,0.0,0.0,0.0,,,0.0,0.0,0.0,18.0,18.0,2.6,0.15
2021-03-13 00:00:00,2021,3,13,0,0.0,0.0,0.0,,,0.0,0.0,0.0,17.0,17.0,3.1,0.15
2021-03-13 01:00:00,2021,3,13,1,0.0,0.0,0.0,,,0.0,0.0,0.0,15.1,15.1,1.5,0.15
2021-03-13 02:00:00,2021,3,13,2,0.0,0.0,0.0,,,0.0,0.0,0.0,15.0,15.0,1.0,0.15
2021-03-13 03:00:00,2021,3,13,3,0.0,0.0,0.0,,,0.0,0.0,0.0,14.0,14.0,1.0,0.15
2021-03-13 04:00:00,2021,3,13,4,0.0,0.0,0.0,,,0.0,0.0,0.0,12.9,12.9,1.0,0.15
2021-03-13 05:00:00,2021,3,13,5,0.0,0.0,0.0,,,0.0,0.0,0.0,13.0,13.0,0.0,0.15
2021-03-13 06:00:00,2021,3,13,6,2.0,2.0,0.0,,,1.94,0.993,0.0,12.0,12.071,0.5,0.15
2021-03-13 07:00:00,2021,3,13,7,63.40529004078224,61.0,45.0,0.9620648365580354,alta_fd,66.659,52.81,46.975,12.5,15.619,0.0,0.15
2021-03-13 08:00:00,2021,3,13,8,240.4026914210099,157.0,311.0,0.6530708914778773,mixto,291.872,248.016,235.264,16.0,22.739,3.1,0.15
2021-03-13 09:00:00,2021,3,13,9,452.7268042131633,199.0,544.0,0.439558687818056,mixto,558.543,470.258,449.631,19.0,30.085,4.1,0.15
2021-03-13 10:00:00,2021,3,13,10,620.872153169882,176.0,701.0,0.2834722077668108,baja_fd,764.184,625.642,599.509,20.5,35.637,4.1,0.15
2021-03-13 11:00:00,2021,3,13,11,465.82640812618297,360.0,139.0,0.7728200757190289,alta_fd,502.849,408.834,390.384,22.0,31.908,4.1,0.15
2021-03-13 12:00:00,2021,3,13,12,508.62844650179403,424.0,101.0,0.8336144053997665,alta_fd,532.178,427.823,408.7,24.0,33.778,4.6,0.15
2021-03-13 13:00:00,2021,3,13,13,844.001157623569,338.0,589.0,0.4004733843632364,mixto,946.167,750.127,719.583,25.0,40.22,5.7,0.15
2021-03-13 14:00:00,2021,3,13,14,616.4415521221133,390.0,275.0,0.6326633865893962,mixto,662.727,535.875,512.923,25.0,35.071,6.2,0.15
2021-03-13 15:00:00,2021,3,13,15,654.004290258027,236.0,570.0,0.3608539019016067,mixto,694.469,570.716,546.53,25.0,34.549,7.2,0.15
2021-03-13 16:00:00,2021,3,13,16,136.0,136.0,0.0,1.0,alta_fd,130.189,105.629,97.923,24.0,25.983,6.2,0.15
2021-03-13 17:00:00,2021,3,13,17,67.0,67.0,0.0,1.0,alta_fd,63.555,51.052,45.279,23.0,24.261,4.1,0.15
2021-03-13 18:00:00,2021,3,13,18,21.0,21.0,0.0,1.0,alta_fd,19.864,14.935,10.442,19.0,19.318,5.7,0.15
2021-03-13 19:00:00,2021,3,13,19,0.0,0.0,0.0,,,0.0,0.0,0.0,16.0,0.0,7.2,0.15
2021-03-13 20:00:00,2021,3,13,20,0.0,0.0,0.0,,,0.0,0.0,0.0,15.0,15.0,4.1,0.15
2021-03-13 21:00:00,2021,3,13,21,0.0,0.0,0.0,,,0.0,0.0,0.0,14.0,14.0,4.1,0.15
2021-03-13 22:00:00,2021,3,13,22,0.0,0.0,0.0,,,0.0,0.0,0.0,14.0,14.0,2.1,0.15
2021-03-13 23:00:00,2021,3,13,23,0.0,0.0,0.0,,,0.0,0.0,0.0,14.0,14.0,2.6,0.15
2021-03-14 00:00:00,2021,3,14,0,0.0,0.0,0.0,,,0.0,0.0,0.0,14.0,14.0,3.6,0.15
2021-03-14 01:00:00,2021,3,14,1,0.0,0.0,0.0,,,0.0,0.0,0.0,14.0,14.0,2.1,0.15
2021-03-14 02:00:00,2021,3,14,2,0.0,0.0,0.0,,,0.0,0.0,0.0,14.0,14.0,0.5,0.15
2021-03-14 03:00:00,2021,3,14,3,0.0,0.0,0.0,,,0.0,0.0,0.0,14.0,14.0,0.2,0.15
2021-03-14 04:00:00,2021,3,14,4,0.0,0.0,0.0,,,0.0,0.0,0.0,14.0,14.0,0.0,0.15
2021-03-14 05:00:00,2021,3,14,5,0.0,0.0,0.0,,,0.0,0.0,0.0,14.0,14.0,0.0,0.15
2021-03-14 06:00:00,2021,3,14,6,0.0,0.0,0.0,,,0.0,0.0,0.0,14.0,0.0,0.0,0.15
2021-03-14 07:00:00,2021,3,14,7,38.0,38.0,0.0,1.0,alta_fd,35.996,28.792,23.808,15.0,16.456,0.5,0.15
2021-03-14 08:00:00,2021,3,14,8,248.49132786205664,197.0,194.0,0.7927842057705906,alta_fd,280.439,235.438,223.132,16.0,25.929,1.0,0.15
2021-03-14 09:00:00,2021,3,14,9,443.2816918557202,173.0,583.0,0.39027102444895967,mixto,556.538,449.992,430.084,18.0,40.61,0.5,0.15
2021-03-14 10:00:00,2021,3,14,10,637.0955099816938,157.0,760.0,0.24643086874762501,baja_fd,790.47,647.254,620.356,20.2,35.863,4.1,0.15
2021-03-14 11:00:00,2021,3,14,11,787.2004759674824,148.0,843.0,0.18800801640535794,baja_fd,948.436,772.444,741.11,19.0,35.433,5.1,0.15
2021-03-14 12:00:00,2021,3,14,12,876.7813240916252,134.0,890.0,0.1528317224808917,baja_fd,1021.716,828.355,795.039,21.0,35.757,6.7,0.15
2021-03-14 13:00:00,2021,3,14,13,893.1602818347853,154.0,864.0,0.172421460215006,baja_fd,1017.595,821.781,788.698,21.2,36.7,6.2,0.15
2021-03-14 14:00:00,2021,3,14,14,827.640947104251,131.0,850.0,0.1582811972490518,baja_fd,915.033,758.456,727.618,20.0,31.448,8.2,0.15
2021-03-14 15:00:00,2021,3,14,15,691.3363490458671,159.0,730.0,0.22998935354612904,baja_fd,738.279,621.757,595.762,19.0,29.162,7.2,0.15
2021-03-14 16:00:00,2021,3,14,16,489.87544932762376,155.0,567.0,0.3164069565289392,mixto,495.492,427.017,407.922,18.5,25.016,7.7,0.15
2021-03-14 17:00:00,2021,3,14,17,243.5353768856341,120.0,299.0,0.4927415537511531,mixto,228.85,190.903,180.175,18.0,21.476,6.2,0.15
2021-03-14 18:00:00,2021,3,14,18,35.0,35.0,0.0,1.0,alta_fd,33.234,25.1,20.247,16.7,17.305,4.6,0.15
2021-03-14 19:00:00,2021,3,14,19,0.0,0.0,0.0,,,0.0,0.0,0.0,15.4,0.0,3.1,0.15
2021-03-14 20:00:00,2021,3,14,20,0.0,0.0,0.0,,,0.0,0.0,0.0,13.0,13.0,7.7,0.15
2021-03-14 21:00:00,2021,3,14,21,0.0,0.0,0.0,,,0.0,0.0,0.0,12.0,12.0,5.1,0.15
2021-03-14 22:00:00,2021,3,14,22,0.0,0.0,0.0,,,0.0,0.0,0.0,11.0,11.0,2.1,0.15
2021-03-14 23:00:00,2021,3,14,23,0.0,0.0,0.0,,,0.0,0.0,0.0,10.0,10.0,1.5,0.15
2021-03-15 00:00:00,2021,3,15,0,0.0,0.0,0.0,,,0.0,0.0,0.0,9.0,9.0,0.5,0.15
2021-03-15 01:00:00,2021,3,15,1,0.0,0.0,0.0,,,0.0,0.0,0.0,8.0,8.0,2.1,0.15
2021-03-15 02:00:00,2021,3,15,2,0.0,0.0,0.0,,,0.0,0.0,0.0,8.0,8.0,2.1,0.15
2021-03-15 03:00:00,2021,3,15,3,0.0,0.0,0.0,,,0.0,0.0,0.0,7.0,7.0,0.5,0.15
2021-03-15 04:00:00,2021,3,15,4,0.0,0.0,0.0,,,0.0,0.0,0.0,6.0,6.0,0.7,0.15
2021-03-15 05:00:00,2021,3,15,5,0.0,0.0,0.0,,,0.0,0.0,0.0,5.0,5.0,1.0,0.15
2021-03-15 06:00:00,2021,3,15,6,1.0,1.0,0.0,,,0.97,0.0,0.0,4.0,4.022,2.6,0.15
2021-03-15 07:00:00,2021,3,15,7,59.9160341797278,58.0,40.0,0.9680213451047119,alta_fd,63.012,50.872,45.106,9.0,10.566,2.6,0.15
2021-03-15 08:00:00,2021,3,15,8,234.63692272589498,154.0,307.0,0.6563331900661867,mixto,285.836,247.374,234.645,12.0,17.661,4.1,0.15
2021-03-15 09:00:00,2021,3,15,9,412.5700892981099,196.0,470.0,0.47507079423389004,mixto,507.517,430.175,410.969,14.5,28.031,2.3,0.15
2021-03-15 10:00:00,2021,3,15,10,386.76233118420214,322.0,103.0,0.8325526403103668,alta_fd,407.652,329.972,314.316,17.0,33.46,0.5,0.15
2021-03-15 11:00:00,2021,3,15,11,468.85809480712743,416.0,70.0,0.8872620620342035,alta_fd,489.603,395.885,377.894,19.0,32.463,2.1,0.15
2021-03-15 12:00:00,2021,3,15,12,883.2119465047044,441.0,532.0,0.4993138982610569,mixto,999.816,781.469,749.815,20.0,42.991,3.1,0.15
2021-03-15 13:00:00,2021,3,15,13,848.1349955315243,291.0,654.0,0.34310575737725685,mixto,960.058,761.039,730.109,21.7,40.663,4.1,0.15
2021-03-15 14:00:00,2021,3,15,14,833.9704221452362,201.0,776.0,0.2410157418808263,baja_fd,925.303,724.68,695.038,22.0,45.263,2.6,0.15
2021-03-15 15:00:00,2021,3,15,15,694.4235451342441,176.0,715.0,0.253447627508045,baja_fd,743.226,602.791,577.468,24.0,38.733,4.1,0.15
2021-03-15 16:00:00,2021,3,15,16,452.31102983460426,219.0,398.0,0.4841801007596063,mixto,457.521,384.618,367.026,23.5,30.134,6.7,0.15
2021-03-15 17:00:00,2021,3,15,17,238.7087790977851,119.0,293.0,0.4985153895460737,mixto,225.143,184.542,174.04,22.0,25.617,5.7,0.15
2021-03-15 18:00:00,2021,3,15,18,32.0,32.0,0.0,1.0,alta_fd,30.385,22.294,17.54,20.0,20.517,5.1,0.15
2021-03-15 19:00:00,2021,3,15,19,0.0,0.0,0.0,,,0.0,0.0,0.0,17.8,0.0,5.7,0.15
2021-03-15 20:00:00,2021,3,15,20,0.0,0.0,0.0,,,0.0,0.0,0.0,17.0,17.0,2.1,0.15
2021-03-15 21:00:00,2021,3,15,21,0.0,0.0,0.0,,,0.0,0.0,0.0,16.0,16.0,1.5,0.15
2021-03-15 22:00:00,2021,3,15,22,0.0,0.0,0.0,,,0.0,0.0,0.0,14.9,14.9,2.1,0.15
2021-03-15 23:00:00,2021,3,15,23,0.0,0.0,0.0,,,0.0,0.0,0.0,15.0,15.0,1.5,0.15
2021-03-16 00:00:00,2021,3,16,0,0.0,0.0,0.0,,,0.0,0.0,0.0,11.0,11.0,1.0,0.15
2021-03-16 01:00:00,2021,3,16,1,0.0,0.0,0.0,,,0.0,0.0,0.0,9.5,9.5,1.0,0.15
2021-03-16 02:00:00,2021,3,16,2,0.0,0.0,0.0,,,0.0,0.0,0.0,9.0,9.0,1.0,0.15
2021-03-16 03:00:00,2021,3,16,3,0.0,0.0,0.0,,,0.0,0.0,0.0,9.0,9.0,0.0,0.15
2021-03-16 04:00:00,2021,3,16,4,0.0,0.0,0.0,,,0.0,0.0,0.0,7.6,7.6,0.5,0.15
2021-03-16 05:00:00,2021,3,16,5,0.0,0.0,0.0,,,0.0,0.0,0.0,7.0,7.0,1.0,0.15
2021-03-16 06:00:00,2021,3,16,6,1.0,1.0,0.0,,,0.97,0.0,0.0,6.0,6.041,0.0,0.15
2021-03-16 07:00:00,2021,3,16,7,58.715325474717986,57.0,38.0,0.9707857282430192,alta_fd,61.767,49.591,43.87,8.8,11.69,0.0,0.15
2021-03-16 08:00:00,2021,3,16,8,232.04955646895553,152.0,308.0,0.6550324952693247,mixto,284.344,240.982,228.479,13.0,23.061,1.0,0.15
2021-03-16 09:00:00,2021,3,16,9,440.74571948891537,182.0,565.0,0.41293651180786395,mixto,552.909,458.386,438.18,17.0,34.405,1.5,0.15
2021-03-16 10:00:00,2021,3,16,10,635.9514389249612,181.0,727.0,0.28461292627306567,baja_fd,788.746,624.412,598.323,19.4,44.175,1.5,0.15
2021-03-16 11:00:00,2021,3,16,11,787.8969241763673,154.0,843.0,0.1954570392072349,baja_fd,953.637,723.477,693.878,23.0,52.918,1.5,0.15
2021-03-16 12:00:00,2021,3,16,12,876.2810037880968,142.0,887.0,0.1620484746173256,baja_fd,1025.361,774.069,742.677,25.0,53.324,2.1,0.15
2021-03-16 13:00:00,2021,3,16,13,889.4358522723259,143.0,880.0,0.16077606904945912,baja_fd,1019.096,790.005,758.048,26.9,47.056,4.1,0.15
2021-03-16 14:00:00,2021,3,16,14,827.8520407641261,133.0,856.0,0.16065672783416468,baja_fd,919.763,722.838,693.261,28.0,45.002,4.6,0.15
2021-03-16 15:00:00,2021,3,16,15,689.9721253547125,145.0,756.0,0.21015341732168666,baja_fd,740.461,600.014,574.79,28.0,39.311,6.2,0.15
2021-03-16 16:00:00,2021,3,16,16,480.1164121453095,152.0,564.0,0.31658988560881873,mixto,488.325,406.769,388.392,26.8,33.889,6.7,0.15
2021-03-16 17:00:00,2021,3,16,17,232.9274326187449,117.0,287.0,0.5023023638074667,mixto,220.437,178.449,168.162,25.0,28.347,6.2,0.15
2021-03-16 18:00:00,2021,3,16,18,30.0,30.0,0.0,1.0,alta_fd,28.482,20.485,15.795,23.0,23.485,5.1,0.15
2021-03-16 19:00:00,2021,3,16,19,0.0,0.0,0.0,,,0.0,0.0,0.0,21.9,21.9,2.6,0.15
2021-03-16 20:00:00,2021,3,16,20,0.0,0.0,0.0,,,0.0,0.0,0.0,20.0,20.0,3.1,0.15
2021-03-16 21:00:00,2021,3,16,21,0.0,0.0,0.0,,,0.0,0.0,0.0,16.0,16.0,1.0,0.15
2021-03-16 22:00:00,2021,3,16,22,0.0,0.0,0.0,,,0.0,0.0,0.0,15.4,15.4,0.0,0.15
2021-03-16 23:00:00,2021,3,16,23,0.0,0.0,0.0,,,0.0,0.0,0.0,15.0,15.0,2.1,0.15
2021-03-17 00:00:00,2021,3,17,0,0.0,0.0,0.0,,,0.0,0.0,0.0,15.0,15.0,3.1,0.15
2021-03-17 01:00:00,2021,3,17,1,0.0,0.0,0.0,,,0.0,0.0,0.0,13.5,13.5,1.0,0.15
2021-03-17 02:00:00,2021,3,17,2,0.0,0.0,0.0,,,0.0,0.0,0.0,12.0,12.0,3.1,0.15
2021-03-17 03:00:00,2021,3,17,3,0.0,0.0,0.0,,,0.0,0.0,0.0,11.7,11.7,2.8,0.15
2021-03-17 04:00:00,2021,3,17,4,0.0,0.0,0.0,,,0.0,0.0,0.0,11.5,11.5,2.6,0.15
2021-03-17 05:00:00,2021,3,17,5,0.0,0.0,0.0,,,0.0,0.0,0.0,10.0,10.0,1.0,0.15
2021-03-17 06:00:00,2021,3,17,6,1.0,1.0,0.0,,,0.97,0.0,0.0,9.0,9.027,1.5,0.15
2021-03-17 07:00:00,2021,3,17,7,57.44122384766472,56.0,34.0,0.9749095901666914,alta_fd,60.182,48.014,42.349,10.5,13.317,0.0,0.15
2021-03-17 08:00:00,2021,3,17,8,228.88477142668927,152.0,299.0,0.6640896161529247,mixto,280.779,234.825,222.54,15.0,26.379,0.5,0.15
2021-03-17 09:00:00,2021,3,17,9,433.421136751361,169.0,581.0,0.38992099293244564,mixto,549.464,445.146,425.409,18.0,40.328,0.5,0.15
2021-03-17 10:00:00,2021,3,17,10,629.3034801865988,184.0,715.0,0.29238675105601036,baja_fd,781.982,613.814,588.101,21.7,46.263,1.5,0.15
2021-03-17 11:00:00,2021,3,17,11,777.4802511264655,162.0,822.0,0.20836542119916684,baja_fd,942.074,695.371,666.768,26.0,59.303,1.0,0.15
2021-03-17 12:00:00,2021,3,17,12,866.8645148582448,148.0,872.0,0.17073025537814512,baja_fd,1023.966,774.854,743.434,27.0,52.732,2.6,0.15
2021-03-17 13:00:00,2021,3,17,13,878.6594378907597,149.0,864.0,0.16957650891189152,baja_fd,1008.838,793.103,761.036,28.3,43.669,6.2,0.15
2021-03-17 14:00:00,2021,3,17,14,816.0559524253146,123.0,858.0,0.15072495903552272,baja_fd,909.278,741.417,711.182,26.0,35.95,9.8,0.15
2021-03-17 15:00:00,2021,3,17,15,676.0270670767161,140.0,748.0,0.20709229972904722,baja_fd,727.576,601.042,575.782,25.0,34.548,7.7,0.15
2021-03-17 16:00:00,2021,3,17,16,473.55743883483854,137.0,583.0,0.28929964723409435,baja_fd,485.41,411.113,392.582,23.2,29.901,7.2,0.15
2021-03-17 17:00:00,2021,3,17,17,225.40513870185669,120.0,264.0,0.5323747306343534,mixto,215.02,177.664,167.406,20.0,23.266,6.2,0.15
2021-03-17 18:00:00,2021,3,17,18,27.0,27.0,0.0,1.0,alta_fd,25.616,18.509,13.89,18.0,18.434,5.1,0.15
2021-03-17 19:00:00,2021,3,17,19,0.0,0.0,0.0,,,0.0,0.0,0.0,16.5,16.5,6.7,0.15
2021-03-17 20:00:00,2021,3,17,20,0.0,0.0,0.0,,,0.0,0.0,0.0,15.0,15.0,4.6,0.15
2021-03-17 21:00:00,2021,3,17,21,0.0,0.0,0.0,,,0.0,0.0,0.0,14.0,14.0,3.6,0.15
2021-03-17 22:00:00,2021,3,17,22,0.0,0.0,0.0,,,0.0,0.0,0.0,13.3,13.3,2.6,0.15
2021-03-17 23:00:00,2021,3,17,23,0.0,0.0,0.0,,,0.0,0.0,0.0,13.0,13.0,2.6,0.15
2021-03-18 00:00:00,2021,3,18,0,0.0,0.0,0.0,,,0.0,0.0,0.0,13.0,13.0,1.5,0.15
2021-03-18 01:00:00,2021,3,18,1,0.0,0.0,0.0,,,0.0,0.0,0.0,12.1,12.1,2.1,0.15
2021-03-18 02:00:00,2021,3,18,2,0.0,0.0,0.0,,,0.0,0.0,0.0,11.0,11.0,0.5,0.15
2021-03-18 03:00:00,2021,3,18,3,0.0,0.0,0.0,,,0.0,0.0,0.0,10.0,10.0,1.0,0.15
2021-03-18 04:00:00,2021,3,18,4,0.0,0.0,0.0,,,0.0,0.0,0.0,11.0,11.0,1.0,0.15
2021-03-18 05:00:00,2021,3,18,5,0.0,0.0,0.0,,,0.0,0.0,0.0,12.0,12.0,2.1,0.15
2021-03-18 06:00:00,2021,3,18,6,0.0,0.0,0.0,,,0.0,0.0,0.0,13.0,0.0,1.0,0.15
2021-03-18 07:00:00,2021,3,18,7,18.0,18.0,0.0,1.0,alta_fd,17.016,13.265,8.831,12.0,12.532,1.5,0.15
2021-03-18 08:00:00,2021,3,18,8,77.0,77.0,0.0,1.0,alta_fd,73.173,61.291,55.155,13.0,15.593,1.0,0.15
2021-03-18 09:00:00,2021,3,18,9,144.0,144.0,0.0,1.0,alta_fd,138.129,115.888,107.818,13.0,17.878,1.0,0.15
2021-03-18 10:00:00,2021,3,18,10,202.23957652472942,201.0,2.0,0.9938707519762936,alta_fd,195.666,163.354,153.602,13.9,19.395,2.0,0.15
2021-03-18 11:00:00,2021,3,18,11,661.2447892940443,410.0,337.0,0.6200426931722558,mixto,749.428,591.417,566.497,15.0,41.42,1.0,0.15
2021-03-18 12:00:00,2021,3,18,12,847.293003271797,239.0,741.0,0.28207479476061825,baja_fd,996.826,784.146,752.397,18.7,42.86,2.8,0.15
2021-03-18 13:00:00,2021,3,18,13,871.7109263998814,131.0,881.0,0.15027917631022805,baja_fd,997.357,793.946,761.85,22.4,40.822,4.6,0.15
2021-03-18 14:00:00,2021,3,18,14,806.7580024139822,126.0,847.0,0.1561806633748691,baja_fd,901.214,727.309,697.574,23.0,38.626,5.1,0.15
2021-03-18 15:00:00,2021,3,18,15,669.5437158978312,141.0,742.0,0.21059117821892281,baja_fd,722.621,596.784,571.674,23.0,34.679,5.7,0.15
2021-03-18 16:00:00,2021,3,18,16,466.1955385188014,138.0,573.0,0.29601312882241265,baja_fd,479.433,406.268,387.909,22.0,29.768,5.7,0.15
2021-03-18 17:00:00,2021,3,18,17,219.00872441203555,118.0,256.0,0.5387913212900086,mixto,209.729,172.422,162.349,21.0,24.185,6.2,0.15
2021-03-18 18:00:00,2021,3,18,18,25.0,25.0,0.0,1.0,alta_fd,23.695,16.949,12.385,18.5,18.911,4.9,0.15
2021-03-18 19:00:00,2021,3,18,19,0.0,0.0,0.0,,,0.0,0.0,0.0,16.0,16.0,3.6,0.15
2021-03-18 20:00:00,2021,3,18,20,0.0,0.0,0.0,,,0.0,0.0,0.0,15.0,15.0,1.5,0.15
2021-03-18 21:00:00,2021,3,18,21,0.0,0.0,0.0,,,0.0,0.0,0.0,14.0,14.0,2.6,0.15
2021-03-18 22:00:00,2021,3,18,22,0.0,0.0,0.0,,,0.0,0.0,0.0,13.4,13.4,3.1,0.15
2021-03-18 23:00:00,2021,3,18,23,0.0,0.0,0.0,,,0.0,0.0,0.0,13.0,13.0,0.0,0.15
2021-03-19 00:00:00,2021,3,19,0,0.0,0.0,0.0,,,0.0,0.0,0.0,11.0,11.0,1.5,0.15
2021-03-19 01:00:00,2021,3,19,1,0.0,0.0,0.0,,,0.0,0.0,0.0,11.0,11.0,0.0,0.15
2021-03-19 02:00:00,2021,3,19,2,0.0,0.0,0.0,,,0.0,0.0,0.0,10.0,10.0,0.0,0.15
2021-03-19 03:00:00,2021,3,19,3,0.0,0.0,0.0,,,0.0,0.0,0.0,11.0,11.0,2.6,0.15
2021-03-19 04:00:00,2021,3,19,4,0.0,0.0,0.0,,,0.0,0.0,0.0,12.0,12.0,3.1,0.15
2021-03-19 05:00:00,2021,3,19,5,0.0,0.0,0.0,,,0.0,0.0,0.0,13.0,13.0,1.5,0.15
2021-03-19 06:00:00,2021,3,19,6,1.0,1.0,0.0,,,0.97,0.0,0.0,13.0,13.031,1.0,0.15
2021-03-19 07:00:00,2021,3,19,7,17.0,17.0,0.0,1.0,alta_fd,16.069,12.456,8.051,12.5,12.903,2.6,0.15
2021-03-19 08:00:00,2021,3,19,8,76.0,76.0,0.0,1.0,alta_fd,72.215,60.66,54.547,13.0,14.82,2.6,0.15
2021-03-19 09:00:00,2021,3,19,9,143.0,143.0,0.0,1.0,alta_fd,137.187,115.381,107.329,14.1,17.261,3.1,0.15
2021-03-19 10:00:00,2021,3,19,10,201.23350350760634,200.0,2.0,0.993870287570878,alta_fd,194.733,162.562,152.838,15.3,19.431,3.6,0.15
2021-03-19 11:00:00,2021,3,19,11,657.404869861758,408.0,336.0,0.6206221138669021,mixto,746.503,608.824,583.288,16.0,33.17,3.1,0.15
2021-03-19 12:00:00,2021,3,19,12,840.6013122623337,239.0,736.0,0.28432027943993166,baja_fd,991.206,800.557,768.227,18.0,36.29,4.6,0.15
2021-03-19 13:00:00,2021,3,19,13,862.8366964068631,133.0,872.0,0.1541427254471859,baja_fd,989.464,799.463,767.171,20.0,37.141,5.1,0.15
2021-03-19 14:00:00,2021,3,19,14,800.7104821886759,125.0,845.0,0.15611135707668375,baja_fd,896.81,723.608,694.004,21.0,38.759,4.1,0.15
2021-03-19 15:00:00,2021,3,19,15,662.0824571894326,141.0,736.0,0.2129644102013378,baja_fd,716.586,588.394,563.581,22.0,36.214,4.1,0.15
2021-03-19 16:00:00,2021,3,19,16,457.49497222939453,141.0,557.0,0.3082001083266563,mixto,469.247,395.08,377.117,23.2,31.371,5.1,0.15
2021-03-19 17:00:00,2021,3,19,17,213.46024671529278,116.0,250.0,0.5434267119287907,mixto,205.151,167.899,157.986,22.0,24.953,6.7,0.15
2021-03-19 18:00:00,2021,3,19,18,23.0,23.0,0.0,1.0,alta_fd,21.779,15.329,10.822,20.0,20.49,3.1,0.15
2021-03-19 19:00:00,2021,3,19,19,0.0,0.0,0.0,,,0.0,0.0,0.0,18.4,18.4,2.1,0.15
2021-03-19 20:00:00,2021,3,19,20,0.0,0.0,0.0,,,0.0,0.0,0.0,18.0,18.0,2.1,0.15
2021-03-19 21:00:00,2021,3,19,21,0.0,0.0,0.0,,,0.0,0.0,0.0,17.0,17.0,1.0,0.15
2021-03-19 22:00:00,2021,3,19,22,0.0,0.0,0.0,,,0.0,0.0,0.0,14.7,14.7,1.0,0.15
2021-03-19 23:00:00,2021,3,19,23,0.0,0.0,0.0,,,0.0,0.0,0.0,13.0,13.0,0.5,0.15
2021-03-20 00:00:00,2021,3,20,0,0.0,0.0,0.0,,,0.0,0.0,0.0,12.0,12.0,0.0,0.15
2021-03-20 01:00:00,2021,3,20,1,0.0,0.0,0.0,,,0.0,0.0,0.0,11.6,11.6,1.0,0.15
2021-03-20 02:00:00,2021,3,20,2,0.0,0.0,0.0,,,0.0,0.0,0.0,11.0,11.0,2.1,0.15
2021-03-20 03:00:00,2021,3,20,3,0.0,0.0,0.0,,,0.0,0.0,0.0,10.0,10.0,1.0,0.15
2021-03-20 04:00:00,2021,3,20,4,0.0,0.0,0.0,,,0.0,0.0,0.0,10.2,10.2,0.5,0.15
2021-03-20 05:00:00,2021,3,20,5,0.0,0.0,0.0,,,0.0,0.0,0.0,9.0,9.0,0.5,0.15
2021-03-20 06:00:00,2021,3,20,6,1.0,1.0,0.0,,,0.97,0.0,0.0,7.0,7.031,1.0,0.15
2021-03-20 07:00:00,2021,3,20,7,52.92317343822161,52.0,27.0,0.9825563476593245,alta_fd,55.271,44.193,38.664,10.3,12.015,1.5,0.15
2021-03-20 08:00:00,2021,3,20,8,220.16509714210974,148.0,290.0,0.6722228087973027,mixto,273.399,229.703,217.6,14.0,25.08,0.5,0.15
2021-03-20 09:00:00,2021,3,20,9,422.6166643858094,169.0,568.0,0.3998895790008859,mixto,541.122,444.116,424.416,18.0,37.202,1.0,0.15
2021-03-20 10:00:00,2021,3,20,10,611.428551030332,153.0,747.0,0.2502336532080098,baja_fd,773.93,610.123,584.54,21.3,45.621,1.5,0.15
2021-03-20 11:00:00,2021,3,20,11,760.272530281703,141.0,838.0,0.18545981129655628,baja_fd,932.545,681.774,653.653,24.0,61.769,0.5,0.15
2021-03-20 12:00:00,2021,3,20,12,847.6219198472522,129.0,883.0,0.1521904955257018,baja_fd,1003.727,745.443,715.066,26.0,57.481,1.5,0.15
2021-03-20 13:00:00,2021,3,20,13,863.163136833168,145.0,862.0,0.1679867846673642,baja_fd,998.784,760.825,729.902,28.5,51.529,3.1,0.15
2021-03-20 14:00:00,2021,3,20,14,799.3253327680889,143.0,825.0,0.17890087319613215,baja_fd,896.819,697.492,668.813,30.0,47.758,4.1,0.15
2021-03-20 15:00:00,2021,3,20,15,667.7178704965404,140.0,750.0,0.20966939209802887,baja_fd,724.468,573.525,549.239,31.0,45.372,4.1,0.15
2021-03-20 16:00:00,2021,3,20,16,457.9949525673232,148.0,550.0,0.32314766608316425,mixto,471.362,384.604,367.012,31.0,39.207,5.1,0.15
2021-03-20 17:00:00,2021,3,20,17,210.5088102720324,110.0,261.0,0.5225434501190295,mixto,202.185,159.452,149.839,30.0,33.245,5.7,0.15
2021-03-20 18:00:00,2021,3,20,18,21.0,21.0,0.0,1.0,alta_fd,19.881,13.162,8.732,27.0,27.444,3.1,0.15
2021-03-20 19:00:00,2021,3,20,19,0.0,0.0,0.0,,,0.0,0.0,0.0,24.8,24.8,3.6,0.15
2021-03-20 20:00:00,2021,3,20,20,0.0,0.0,0.0,,,0.0,0.0,0.0,22.0,22.0,2.6,0.15
2021-03-20 21:00:00,2021,3,20,21,0.0,0.0,0.0,,,0.0,0.0,0.0,20.0,20.0,2.6,0.15
2021-03-20 22:00:00,2021,3,20,22,0.0,0.0,0.0,,,0.0,0.0,0.0,17.5,17.5,0.5,0.15
2021-03-20 23:00:00,2021,3,20,23,0.0,0.0,0.0,,,0.0,0.0,0.0,15.0,15.0,0.5,0.15
2021-03-21 00:00:00,2021,3,21,0,0.0,0.0,0.0,,,0.0,0.0,0.0,13.0,13.0,0.5,0.15
2021-03-21 01:00:00,2021,3,21,1,0.0,0.0,0.0,,,0.0,0.0,0.0,12.2,12.2,0.0,0.15
2021-03-21 02:00:00,2021,3,21,2,0.0,0.0,0.0,,,0.0,0.0,0.0,11.0,11.0,0.5,0.15
2021-03-21 03:00:00,2021,3,21,3,0.0,0.0,0.0,,,0.0,0.0,0.0,10.0,10.0,0.0,0.15
2021-03-21 04:00:00,2021,3,21,4,0.0,0.0,0.0,,,0.0,0.0,0.0,9.5,9.5,0.0,0.15
2021-03-21 05:00:00,2021,3,21,5,0.0,0.0,0.0,,,0.0,0.0,0.0,9.0,9.0,0.5,0.15
2021-03-21 06:00:00,2021,3,21,6,1.0,1.0,0.0,,,0.97,0.0,0.0,8.0,8.041,0.0,0.15
2021-03-21 07:00:00,2021,3,21,7,50.78693918932947,50.0,25.0,0.984505087294278,alta_fd,53.008,42.234,36.774,10.2,12.322,0.5,0.15
2021-03-21 08:00:00,2021,3,21,8,218.10048079300364,146.0,293.0,0.6694162226013922,mixto,272.705,226.516,214.526,15.0,27.922,0.0,0.15
2021-03-21 09:00:00,2021,3,21,9,420.296460338653,163.0,580.0,0.3878214912128051,mixto,542.27,445.532,425.782,20.0,37.079,1.5,0.15
2021-03-21 10:00:00,2021,3,21,10,616.4723523750715,175.0,723.0,0.28387323344798965,baja_fd,777.716,596.547,571.445,24.5,52.036,1.0,0.15
2021-03-21 11:00:00,2021,3,21,11,763.8139458307086,151.0,833.0,0.1976921223083659,baja_fd,937.855,719.403,689.948,27.0,50.588,2.6,0.15
2021-03-21 12:00:00,2021,3,21,12,849.5927434798001,139.0,877.0,0.1636078004040825,baja_fd,1015.014,763.182,732.176,29.0,54.514,2.6,0.15
2021-03-21 13:00:00,2021,3,21,13,860.6307959249355,140.0,869.0,0.16267138087888136,baja_fd,998.744,781.281,749.634,29.1,45.201,5.7,0.15
2021-03-21 14:00:00,2021,3,21,14,792.9443362834396,144.0,820.0,0.1816016502178873,baja_fd,891.885,715.32,686.01,28.0,40.263,7.2,0.15
2021-03-21 15:00:00,2021,3,21,15,653.4221238473169,136.0,740.0,0.2081349789615919,baja_fd,711.081,580.679,556.139,28.0,37.795,7.2,0.15
2021-03-21 16:00:00,2021,3,21,16,447.80959725740723,137.0,556.0,0.30593359507936246,mixto,461.97,386.966,369.29,26.1,32.81,6.7,0.15
2021-03-21 17:00:00,2021,3,21,17,199.4732444332108,112.0,230.0,0.5614788104451809,mixto,193.393,156.438,146.932,24.0,27.106,5.7,0.15
2021-03-21 18:00:00,2021,3,21,18,17.0,17.0,0.0,1.0,alta_fd,16.082,10.788,6.442,21.0,21.269,5.1,0.15
2021-03-21 19:00:00,2021,3,21,19,0.0,0.0,0.0,,,0.0,0.0,0.0,17.8,17.8,5.1,0.15
2021-03-21 20:00:00,2021,3,21,20,0.0,0.0,0.0,,,0.0,0.0,0.0,16.0,16.0,3.6,0.15
2021-03-21 21:00:00,2021,3,21,21,0.0,0.0,0.0,,,0.0,0.0,0.0,15.0,15.0,4.1,0.15
2021-03-21 22:00:00,2021,3,21,22,0.0,0.0,0.0,,,0.0,0.0,0.0,13.8,13.8,24.2,0.15
2021-03-21 23:00:00,2021,3,21,23,0.0,0.0,0.0,,,0.0,0.0,0.0,13.0,13.0,3.1,0.15
2021-03-22 00:00:00,2021,3,22,0,0.0,0.0,0.0,,,0.0,0.0,0.0,12.0,12.0,2.1,0.15
2021-03-22 01:00:00,2021,3,22,1,0.0,0.0,0.0,,,0.0,0.0,0.0,12.0,12.0,2.1,0.15
2021-03-22 02:00:00,2021,3,22,2,0.0,0.0,0.0,,,0.0,0.0,0.0,12.0,12.0,2.6,0.15
2021-03-22 03:00:00,2021,3,22,3,0.0,0.0,0.0,,,0.0,0.0,0.0,11.0,11.0,2.1,0.15
2021-03-22 04:00:00,2021,3,22,4,0.0,0.0,0.0,,,0.0,0.0,0.0,10.7,10.7,1.5,0.15
2021-03-22 05:00:00,2021,3,22,5,0.0,0.0,0.0,,,0.0,0.0,0.0,11.0,11.0,1.5,0.15
2021-03-22 06:00:00,2021,3,22,6,0.0,0.0,0.0,,,0.0,0.0,0.0,11.0,0.0,1.0,0.15
2021-03-22 07:00:00,2021,3,22,7,16.0,16.0,0.0,1.0,alta_fd,15.123,11.718,7.339,11.0,11.472,1.5,0.15
2021-03-22 08:00:00,2021,3,22,8,135.0023353037793,126.0,37.0,0.9333171883025398,alta_fd,139.671,119.143,110.958,12.0,16.948,1.0,0.15
2021-03-22 09:00:00,2021,3,22,9,332.8709208104607,239.0,213.0,0.7179960310684167,alta_fd,379.639,321.958,306.587,12.0,25.444,1.0,0.15
2021-03-22 10:00:00,2021,3,22,10,542.4814510521991,277.0,437.0,0.5106165371419239,mixto,652.268,522.142,499.677,14.0,40.412,0.5,0.15
2021-03-22 11:00:00,2021,3,22,11,710.3640770771215,249.0,630.0,0.35052448179043694,mixto,858.566,702.916,674.045,18.0,33.852,4.6,0.15
2021-03-22 12:00:00,2021,3,22,12,819.1673127181225,215.0,749.0,0.26246164447968157,baja_fd,976.183,796.34,764.159,20.0,34.094,6.7,0.15
2021-03-22 13:00:00,2021,3,22,13,843.5044407679698,137.0,856.0,0.16241763928980404,baja_fd,981.604,804.885,772.401,20.0,33.485,7.2,0.15
2021-03-22 14:00:00,2021,3,22,14,780.4897055382972,146.0,806.0,0.18706204446259161,baja_fd,880.053,727.793,698.041,21.0,32.532,7.7,0.15
2021-03-22 15:00:00,2021,3,22,15,644.105231665106,139.0,727.0,0.21580324637429932,baja_fd,703.013,585.052,560.358,20.0,33.023,4.6,0.15
2021-03-22 16:00:00,2021,3,22,16,440.5742815608686,139.0,544.0,0.3154973084392265,mixto,456.1,385.86,368.224,21.2,30.272,4.1,0.15
2021-03-22 17:00:00,2021,3,22,17,197.87287528889226,110.0,234.0,0.5559124758226776,mixto,192.23,158.428,148.85,19.0,22.086,5.7,0.15
2021-03-22 18:00:00,2021,3,22,18,19.0,19.0,0.0,1.0,alta_fd,17.981,12.268,7.87,17.0,17.4,3.1,0.15
2021-03-22 19:00:00,2021,3,22,19,0.0,0.0,0.0,,,0.0,0.0,0.0,15.9,15.9,3.1,0.15
2021-03-22 20:00:00,2021,3,22,20,0.0,0.0,0.0,,,0.0,0.0,0.0,15.0,15.0,2.1,0.15
2021-03-22 21:00:00,2021,3,22,21,0.0,0.0,0.0,,,0.0,0.0,0.0,14.0,14.0,3.1,0.15
2021-03-22 22:00:00,2021,3,22,22,0.0,0.0,0.0,,,0.0,0.0,0.0,13.2,13.2,1.5,0.15
2021-03-22 23:00:00,2021,3,22,23,0.0,0.0,0.0,,,0.0,0.0,0.0,13.0,13.0,1.0,0.15
2021-03-23 00:00:00,2021,3,23,0,0.0,0.0,0.0,,,0.0,0.0,0.0,12.0,12.0,1.5,0.15
2021-03-23 01:00:00,2021,3,23,1,0.0,0.0,0.0,,,0.0,0.0,0.0,12.0,12.0,2.1,0.15
2021-03-23 02:00:00,2021,3,23,2,0.0,0.0,0.0,,,0.0,0.0,0.0,13.0,13.0,2.6,0.15
2021-03-23 03:00:00,2021,3,23,3,0.0,0.0,0.0,,,0.0,0.0,0.0,14.0,14.0,0.5,0.15
2021-03-23 04:00:00,2021,3,23,4,0.0,0.0,0.0,,,0.0,0.0,0.0,13.4,13.4,3.6,0.15
2021-03-23 05:00:00,2021,3,23,5,0.0,0.0,0.0,,,0.0,0.0,0.0,13.0,13.0,2.6,0.15
2021-03-23 06:00:00,2021,3,23,6,0.0,0.0,0.0,,,0.0,0.0,0.0,14.0,0.0,1.5,0.15
2021-03-23 07:00:00,2021,3,23,7,15.0,15.0,0.0,1.0,alta_fd,14.176,10.766,6.421,14.3,14.742,1.5,0.15
2021-03-23 08:00:00,2021,3,23,8,72.0,72.0,0.0,1.0,alta_fd,68.377,56.979,50.996,14.6,16.324,2.6,0.15
2021-03-23 09:00:00,2021,3,23,9,139.0,139.0,0.0,1.0,alta_fd,133.412,111.833,103.906,15.0,18.074,3.1,0.15
2021-03-23 10:00:00,2021,3,23,10,196.20876959183764,195.0,2.0,0.9938393702057652,alta_fd,190.003,156.283,146.782,15.5,23.164,0.5,0.15
2021-03-23 11:00:00,2021,3,23,11,313.01842934346615,305.0,11.0,0.9743835231673603,alta_fd,309.012,252.89,239.966,17.0,26.642,1.5,0.15
2021-03-23 12:00:00,2021,3,23,12,414.07440448058776,394.0,25.0,0.9515198131945176,alta_fd,414.602,337.288,321.373,19.0,29.363,2.6,0.15
2021-03-23 13:00:00,2021,3,23,13,474.56980313166895,399.0,92.0,0.8407614588349563,alta_fd,497.966,408.746,390.299,19.7,28.856,4.6,0.15
2021-03-23 14:00:00,2021,3,23,14,429.4218005563415,366.0,81.0,0.8523088476780294,alta_fd,445.783,367.578,350.59,21.0,28.16,5.7,0.15
2021-03-23 15:00:00,2021,3,23,15,342.70227046188444,293.0,72.0,0.8549695326065476,alta_fd,350.615,291.683,277.384,21.0,26.643,5.7,0.15
2021-03-23 16:00:00,2021,3,23,16,224.94108960498218,209.0,29.0,0.9291321579664424,alta_fd,220.601,184.091,173.604,21.1,25.18,4.6,0.15
2021-03-23 17:00:00,2021,3,23,17,97.37071366701637,97.0,1.0,0.9961927600912517,alta_fd,93.886,77.434,70.727,20.0,22.005,3.6,0.15
2021-03-23 18:00:00,2021,3,23,18,10.0,10.0,0.0,,,9.447,5.963,1.788,19.0,19.156,5.1,0.15
2021-03-23 19:00:00,2021,3,23,19,0.0,0.0,0.0,,,0.0,0.0,0.0,17.4,17.4,7.7,0.15
2021-03-23 20:00:00,2021,3,23,20,0.0,0.0,0.0,,,0.0,0.0,0.0,17.0,17.0,6.7,0.15
2021-03-23 21:00:00,2021,3,23,21,0.0,0.0,0.0,,,0.0,0.0,0.0,16.0,16.0,7.7,0.15
2021-03-23 22:00:00,2021,3,23,22,0.0,0.0,0.0,,,0.0,0.0,0.0,15.3,15.3,2.1,0.15
2021-03-23 23:00:00,2021,3,23,23,0.0,0.0,0.0,,,0.0,0.0,0.0,15.0,15.0,1.0,0.15
2021-03-24 00:00:00,2021,3,24,0,0.0,0.0,0.0,,,0.0,0.0,0.0,15.0,15.0,1.5,0.15
2021-03-24 01:00:00,2021,3,24,1,0.0,0.0,0.0,,,0.0,0.0,0.0,14.2,14.2,3.1,0.15
2021-03-24 02:00:00,2021,3,24,2,0.0,0.0,0.0,,,0.0,0.0,0.0,14.0,14.0,3.1,0.15
2021-03-24 03:00:00,2021,3,24,3,0.0,0.0,0.0,,,0.0,0.0,0.0,14.1,14.1,3.1,0.15
2021-03-24 04:00:00,2021,3,24,4,0.0,0.0,0.0,,,0.0,0.0,0.0,14.3,14.3,1.0,0.15
2021-03-24 05:00:00,2021,3,24,5,0.0,0.0,0.0,,,0.0,0.0,0.0,14.0,14.0,0.5,0.15
2021-03-24 06:00:00,2021,3,24,6,0.0,0.0,0.0,,,0.0,0.0,0.0,14.0,0.0,3.1,0.15
2021-03-24 07:00:00,2021,3,24,7,15.0,15.0,0.0,1.0,alta_fd,14.176,10.745,6.401,14.5,14.8,3.6,0.15
2021-03-24 08:00:00,2021,3,24,8,156.34937581587963,134.0,94.0,0.8570549086029052,alta_fd,175.261,149.003,139.759,15.0,19.415,2.6,0.15
2021-03-24 09:00:00,2021,3,24,9,382.6779171546708,237.0,335.0,0.619319770950382,mixto,460.229,388.171,370.453,17.0,28.602,2.6,0.15
2021-03-24 10:00:00,2021,3,24,10,589.8056130717885,199.0,650.0,0.33739929832742815,mixto,743.25,608.338,582.818,18.9,36.065,3.1,0.15
2021-03-24 11:00:00,2021,3,24,11,734.4353750242133,154.0,800.0,0.20968488887796677,baja_fd,908.457,692.897,664.381,20.0,52.128,1.0,0.15
2021-03-24 12:00:00,2021,3,24,12,823.401714747649,152.0,840.0,0.18460005277810723,baja_fd,989.759,772.025,740.706,21.0,45.88,2.6,0.15
2021-03-24 13:00:00,2021,3,24,13,836.9122491844771,147.0,844.0,0.17564565477831523,baja_fd,978.046,773.959,742.571,23.2,42.552,4.1,0.15
2021-03-24 14:00:00,2021,3,24,14,773.7702061914979,143.0,810.0,0.18480939025017123,baja_fd,877.128,712.883,683.659,23.0,37.156,5.7,0.15
2021-03-24 15:00:00,2021,3,24,15,634.9813835012961,146.0,713.0,0.22992800071547606,baja_fd,696.889,569.137,545.007,23.0,37.885,3.6,0.15
2021-03-24 16:00:00,2021,3,24,16,429.49355650624796,151.0,511.0,0.3515768693442631,mixto,447.88,376.866,359.549,23.2,31.517,4.6,0.15
2021-03-24 17:00:00,2021,3,24,17,184.78668958631974,116.0,188.0,0.6277508421179476,mixto,179.656,145.673,136.547,23.0,26.101,5.1,0.15
2021-03-24 18:00:00,2021,3,24,18,17.0,17.0,0.0,1.0,alta_fd,16.085,10.193,5.868,21.0,21.325,3.6,0.15
2021-03-24 19:00:00,2021,3,24,19,0.0,0.0,0.0,,,0.0,0.0,0.0,20.0,20.0,4.1,0.15
2021-03-24 20:00:00,2021,3,24,20,0.0,0.0,0.0,,,0.0,0.0,0.0,18.4,18.4,3.4,0.15
2021-03-24 21:00:00,2021,3,24,21,0.0,0.0,0.0,,,0.0,0.0,0.0,16.9,16.9,2.7,0.15
2021-03-24 22:00:00,2021,3,24,22,0.0,0.0,0.0,,,0.0,0.0,0.0,15.3,15.3,2.0,0.15
2021-03-24 23:00:00,2021,3,24,23,0.0,0.0,0.0,,,0.0,0.0,0.0,14.1,14.1,1.5,0.15
2021-03-25 00:00:00,2021,3,25,0,0.0,0.0,0.0,,,0.0,0.0,0.0,12.8,12.8,1.0,0.15
2021-03-25 01:00:00,2021,3,25,1,0.0,0.0,0.0,,,0.0,0.0,0.0,11.6,11.6,0.5,0.15
2021-03-25 02:00:00,2021,3,25,2,0.0,0.0,0.0,,,0.0,0.0,0.0,9.0,9.0,1.0,0.15
2021-03-25 03:00:00,2021,3,25,3,0.0,0.0,0.0,,,0.0,0.0,0.0,8.0,8.0,0.5,0.15
2021-03-25 04:00:00,2021,3,25,4,0.0,0.0,0.0,,,0.0,0.0,0.0,8.1,8.1,1.0,0.15
2021-03-25 05:00:00,2021,3,25,5,0.0,0.0,0.0,,,0.0,0.0,0.0,8.0,8.0,0.5,0.15
2021-03-25 06:00:00,2021,3,25,6,0.0,0.0,0.0,,,0.0,0.0,0.0,6.0,0.0,1.5,0.15
2021-03-25 07:00:00,2021,3,25,7,44.45558650193708,44.0,22.0,0.9897518728739024,alta_fd,46.766,37.139,31.859,8.7,10.332,1.0,0.15
2021-03-25 08:00:00,2021,3,25,8,208.21023203835375,145.0,269.0,0.6964114999559196,mixto,262.431,221.023,209.228,17.0,24.261,2.1,0.15
2021-03-25 09:00:00,2021,3,25,9,406.6242878305575,160.0,571.0,0.3934836279791355,mixto,532.984,447.496,427.676,17.0,31.792,2.1,0.15
2021-03-25 10:00:00,2021,3,25,10,598.0338725298868,174.0,709.0,0.2909534191832994,baja_fd,763.838,627.205,601.017,20.2,35.559,4.0,0.15
2021-03-25 11:00:00,2021,3,25,11,744.2988884994274,150.0,823.0,0.2015319414253235,baja_fd,924.322,708.461,679.394,22.0,51.012,1.5,0.15
2021-03-25 12:00:00,2021,3,25,12,835.099560565506,135.0,880.0,0.16165737161756114,baja_fd,1001.193,734.852,704.849,25.0,60.394,1.0,0.15
2021-03-25 13:00:00,2021,3,25,13,839.4209292539264,135.0,866.0,0.16082515374019493,baja_fd,984.51,754.706,724.0,27.7,50.408,3.1,0.15
2021-03-25 14:00:00,2021,3,25,14,780.9208404326563,118.0,856.0,0.15110366363717997,baja_fd,888.708,695.986,667.361,29.0,46.607,4.1,0.15
2021-03-25 15:00:00,2021,3,25,15,635.126758387495,163.0,693.0,0.2566416826994284,baja_fd,698.433,566.146,542.122,29.0,39.674,6.2,0.15
2021-03-25 16:00:00,2021,3,25,16,427.48596122827485,146.0,521.0,0.3415316834744824,mixto,446.943,366.646,349.691,29.7,38.001,4.6,0.15
2021-03-25 17:00:00,2021,3,25,17,179.04536259791803,122.0,158.0,0.6813915659685377,mixto,176.05,140.142,131.213,28.0,31.041,5.1,0.15
2021-03-25 18:00:00,2021,3,25,18,16.0,16.0,0.0,1.0,alta_fd,15.136,9.24,4.949,25.0,25.36,2.6,0.15
2021-03-25 19:00:00,2021,3,25,19,0.0,0.0,0.0,,,0.0,0.0,0.0,20.9,20.9,2.6,0.15
2021-03-25 20:00:00,2021,3,25,20,0.0,0.0,0.0,,,0.0,0.0,0.0,20.0,20.0,4.6,0.15
2021-03-25 21:00:00,2021,3,25,21,0.0,0.0,0.0,,,0.0,0.0,0.0,17.0,17.0,1.5,0.15
2021-03-25 22:00:00,2021,3,25,22,0.0,0.0,0.0,,,0.0,0.0,0.0,13.9,13.9,1.0,0.15
2021-03-25 23:00:00,2021,3,25,23,0.0,0.0,0.0,,,0.0,0.0,0.0,12.0,12.0,0.0,0.15
2021-03-26 00:00:00,2021,3,26,0,0.0,0.0,0.0,,,0.0,0.0,0.0,12.0,12.0,0.5,0.15
2021-03-26 01:00:00,2021,3,26,1,0.0,0.0,0.0,,,0.0,0.0,0.0,10.3,10.3,0.0,0.15
2021-03-26 02:00:00,2021,3,26,2,0.0,0.0,0.0,,,0.0,0.0,0.0,9.0,9.0,0.0,0.15
2021-03-26 03:00:00,2021,3,26,3,0.0,0.0,0.0,,,0.0,0.0,0.0,9.0,9.0,0.0,0.15
2021-03-26 04:00:00,2021,3,26,4,0.0,0.0,0.0,,,0.0,0.0,0.0,7.4,7.4,1.0,0.15
2021-03-26 05:00:00,2021,3,26,5,0.0,0.0,0.0,,,0.0,0.0,0.0,5.0,5.0,1.5,0.15
2021-03-26 06:00:00,2021,3,26,6,0.0,0.0,0.0,,,0.0,0.0,0.0,6.0,0.0,1.5,0.15
2021-03-26 07:00:00,2021,3,26,7,43.3607295085653,43.0,20.0,0.9916807324818177,alta_fd,45.5,36.027,30.787,9.1,10.688,1.0,0.15
2021-03-26 08:00:00,2021,3,26,8,206.3912966705024,143.0,273.0,0.6928586733397739,mixto,262.119,221.591,209.775,14.0,23.276,1.0,0.15
2021-03-26 09:00:00,2021,3,26,9,405.94223287798434,155.0,585.0,0.38182772681991173,mixto,536.247,427.985,408.856,19.0,44.496,0.0,0.15
2021-03-26 10:00:00,2021,3,26,10,605.0812351038289,219.0,649.0,0.3619348730297688,mixto,761.776,591.603,566.676,22.0,48.967,1.0,0.15
2021-03-26 11:00:00,2021,3,26,11,747.2387362599362,191.0,774.0,0.2556077338227796,baja_fd,927.096,710.921,681.767,25.0,50.628,2.1,0.15
2021-03-26 12:00:00,2021,3,26,12,828.6316854009457,135.0,876.0,0.16291918638698719,baja_fd,1003.591,778.562,747.011,26.0,47.377,3.6,0.15
2021-03-26 13:00:00,2021,3,26,13,837.8217661019703,128.0,877.0,0.15277712417944184,baja_fd,978.566,768.382,737.191,27.8,44.76,5.1,0.15
2021-03-26 14:00:00,2021,3,26,14,769.7413065992866,129.0,832.0,0.16758877157044016,baja_fd,877.91,702.902,674.032,27.0,41.172,5.7,0.15
2021-03-26 15:00:00,2021,3,26,15,624.5049722046047,142.0,713.0,0.22738009514754828,baja_fd,689.316,564.149,540.196,27.0,37.537,6.2,0.15
2021-03-26 16:00:00,2021,3,26,16,415.62987216088044,150.0,496.0,0.3608980250147626,mixto,436.218,366.753,349.794,25.4,31.737,6.7,0.15
2021-03-26 17:00:00,2021,3,26,17,173.6905141856872,111.0,176.0,0.6390677148973911,mixto,170.023,136.806,127.995,24.0,27.128,4.6,0.15
2021-03-26 18:00:00,2021,3,26,18,15.0,15.0,0.0,1.0,alta_fd,14.189,8.298,4.041,20.0,20.279,3.6,0.15
2021-03-26 19:00:00,2021,3,26,19,0.0,0.0,0.0,,,0.0,0.0,0.0,18.0,18.0,4.6,0.15
2021-03-26 20:00:00,2021,3,26,20,0.0,0.0,0.0,,,0.0,0.0,0.0,16.0,16.0,3.1,0.15
2021-03-26 21:00:00,2021,3,26,21,0.0,0.0,0.0,,,0.0,0.0,0.0,16.0,16.0,3.1,0.15
2021-03-26 22:00:00,2021,3,26,22,0.0,0.0,0.0,,,0.0,0.0,0.0,14.3,14.3,2.1,0.15
2021-03-26 23:00:00,2021,3,26,23,0.0,0.0,0.0,,,0.0,0.0,0.0,13.0,13.0,1.0,0.15
2021-03-27 00:00:00,2021,3,27,0,0.0,0.0,0.0,,,0.0,0.0,0.0,12.0,12.0,1.5,0.15
2021-03-27 01:00:00,2021,3,27,1,0.0,0.0,0.0,,,0.0,0.0,0.0,10.5,10.5,0.0,0.15
2021-03-27 02:00:00,2021,3,27,2,0.0,0.0,0.0,,,0.0,0.0,0.0,8.0,8.0,0.5,0.15
2021-03-27 03:00:00,2021,3,27,3,0.0,0.0,0.0,,,0.0,0.0,0.0,8.0,8.0,0.5,0.15
2021-03-27 04:00:00,2021,3,27,4,0.0,0.0,0.0,,,0.0,0.0,0.0,8.0,8.0,0.0,0.15
2021-03-27 05:00:00,2021,3,27,5,0.0,0.0,0.0,,,0.0,0.0,0.0,8.0,8.0,0.5,0.15
2021-03-27 06:00:00,2021,3,27,6,0.0,0.0,0.0,,,0.0,0.0,0.0,6.0,0.0,1.0,0.15
2021-03-27 07:00:00,2021,3,27,7,42.24594790339235,42.0,16.0,0.9941781894927585,alta_fd,43.898,35.035,29.83,7.4,8.933,1.0,0.15
2021-03-27 08:00:00,2021,3,27,8,202.33741279236844,142.0,263.0,0.7017980414018411,alta_fd,257.137,219.145,207.416,12.0,21.1,1.0,0.15
2021-03-27 09:00:00,2021,3,27,9,398.98223754822584,160.0,561.0,0.4010203586585993,mixto,526.426,424.271,405.274,17.0,42.027,0.0,0.15
2021-03-27 10:00:00,2021,3,27,10,589.1338201923712,172.0,705.0,0.29195404185730917,baja_fd,757.578,602.871,577.545,19.7,43.511,1.5,0.15
2021-03-27 11:00:00,2021,3,27,11,733.2817795235145,159.0,803.0,0.216833425348872,baja_fd,913.785,698.589,669.872,23.0,51.682,1.5,0.15
2021-03-27 12:00:00,2021,3,27,12,815.1355035161723,139.0,858.0,0.17052379561485048,baja_fd,989.317,783.844,752.106,24.0,42.279,4.6,0.15
2021-03-27 13:00:00,2021,3,27,13,825.9477329170395,135.0,858.0,0.16344859925120683,baja_fd,973.721,759.897,729.008,25.5,46.245,3.6,0.15
2021-03-27 14:00:00,2021,3,27,14,758.3409075822814,135.0,814.0,0.1780201999525553,baja_fd,866.894,699.613,670.86,26.0,39.229,6.2,0.15
2021-03-27 15:00:00,2021,3,27,15,607.5512440124985,172.0,648.0,0.28310369157348253,baja_fd,671.553,554.947,531.319,26.0,34.816,7.7,0.15
2021-03-27 16:00:00,2021,3,27,16,381.13182380839737,172.0,394.0,0.45128742670008015,mixto,402.34,339.343,323.355,24.2,30.042,6.7,0.15
2021-03-27 17:00:00,2021,3,27,17,158.1872862882828,109.0,140.0,0.6890566401231312,mixto,156.268,127.126,118.658,22.0,24.373,6.2,0.15
2021-03-27 18:00:00,2021,3,27,18,14.0,14.0,0.0,1.0,alta_fd,13.24,7.474,3.246,22.0,22.185,6.2,0.15
2021-03-27 19:00:00,2021,3,27,19,0.0,0.0,0.0,,,0.0,0.0,0.0,17.9,17.9,3.1,0.15
2021-03-27 20:00:00,2021,3,27,20,0.0,0.0,0.0,,,0.0,0.0,0.0,16.0,16.0,3.6,0.15
2021-03-27 21:00:00,2021,3,27,21,0.0,0.0,0.0,,,0.0,0.0,0.0,15.4,15.4,3.1,0.15
2021-03-27 22:00:00,2021,3,27,22,0.0,0.0,0.0,,,0.0,0.0,0.0,14.9,14.9,1.5,0.15
2021-03-27 23:00:00,2021,3,27,23,0.0,0.0,0.0,,,0.0,0.0,0.0,12.0,12.0,2.6,0.15
2021-03-28 00:00:00,2021,3,28,0,0.0,0.0,0.0,,,0.0,0.0,0.0,12.0,12.0,2.1,0.15
2021-03-28 01:00:00,2021,3,28,1,0.0,0.0,0.0,,,0.0,0.0,0.0,12.1,12.1,1.0,0.15
2021-03-28 02:00:00,2021,3,28,2,0.0,0.0,0.0,,,0.0,0.0,0.0,9.0,9.0,1.5,0.15
2021-03-28 03:00:00,2021,3,28,3,0.0,0.0,0.0,,,0.0,0.0,0.0,9.0,9.0,0.5,0.15
2021-03-28 04:00:00,2021,3,28,4,0.0,0.0,0.0,,,0.0,0.0,0.0,8.7,8.7,1.5,0.15
2021-03-28 05:00:00,2021,3,28,5,0.0,0.0,0.0,,,0.0,0.0,0.0,8.0,8.0,1.0,0.15
2021-03-28 06:00:00,2021,3,28,6,0.0,0.0,0.0,,,0.0,0.0,0.0,7.0,0.0,1.0,0.15
2021-03-28 07:00:00,2021,3,28,7,24.0,24.0,0.0,1.0,alta_fd,22.713,17.947,13.347,7.9,8.697,1.0,0.15
2021-03-28 08:00:00,2021,3,28,8,127.71960437041093,125.0,12.0,0.978706445390141,alta_fd,126.307,107.292,99.527,13.0,17.477,1.0,0.15
2021-03-28 09:00:00,2021,3,28,9,251.49916834610238,246.0,13.0,0.9781344471941368,alta_fd,250.743,209.362,197.979,16.0,24.862,1.0,0.15
2021-03-28 10:00:00,2021,3,28,10,354.13757344723854,300.0,92.0,0.8471284113677808,alta_fd,378.474,302.294,287.619,19.1,36.981,0.0,0.15
2021-03-28 11:00:00,2021,3,28,11,429.4543780413004,359.0,99.0,0.8359444410308822,alta_fd,458.309,364.929,348.034,21.0,37.14,1.0,0.15
2021-03-28 12:00:00,2021,3,28,12,467.1117241504504,413.0,69.0,0.8841567844419556,alta_fd,493.496,394.587,376.642,24.0,35.324,3.1,0.15
2021-03-28 13:00:00,2021,3,28,13,611.3651082297393,367.0,305.0,0.60029595254901,mixto,688.098,563.164,539.245,24.9,32.288,10.0,0.15
2021-03-28 14:00:00,2021,3,28,14,509.9611449609873,379.0,172.0,0.7431938761314727,alta_fd,549.752,445.486,425.737,25.0,34.5,5.1,0.15
2021-03-28 15:00:00,2021,3,28,15,368.42230007160276,301.0,101.0,0.8169972337220107,alta_fd,381.392,310.182,295.228,26.0,33.54,4.1,0.15
2021-03-28 16:00:00,2021,3,28,16,209.98893488810893,190.0,38.0,0.9048095800916373,alta_fd,211.848,173.833,163.71,25.7,29.621,4.6,0.15
2021-03-28 17:00:00,2021,3,28,17,84.0,84.0,0.0,1.0,alta_fd,81.056,65.238,58.963,24.0,26.043,2.6,0.15
2021-03-28 18:00:00,2021,3,28,18,8.0,8.0,0.0,,,7.556,4.042,0.0,22.0,22.173,2.6,0.15
2021-03-28 19:00:00,2021,3,28,19,0.0,0.0,0.0,,,0.0,0.0,0.0,20.4,20.4,1.0,0.15
2021-03-28 20:00:00,2021,3,28,20,0.0,0.0,0.0,,,0.0,0.0,0.0,19.0,19.0,1.5,0.15
2021-03-28 21:00:00,2021,3,28,21,0.0,0.0,0.0,,,0.0,0.0,0.0,19.0,19.0,1.5,0.15
2021-03-28 22:00:00,2021,3,28,22,0.0,0.0,0.0,,,0.0,0.0,0.0,15.4,15.4,0.5,0.15
2021-03-28 23:00:00,2021,3,28,23,0.0,0.0,0.0,,,0.0,0.0,0.0,13.0,13.0,0.0,0.15
2021-03-29 00:00:00,2021,3,29,0,0.0,0.0,0.0,,,0.0,0.0,0.0,13.0,13.0,1.5,0.15
2021-03-29 01:00:00,2021,3,29,1,0.0,0.0,0.0,,,0.0,0.0,0.0,12.4,12.4,2.1,0.15
2021-03-29 02:00:00,2021,3,29,2,0.0,0.0,0.0,,,0.0,0.0,0.0,14.0,14.0,1.0,0.15
2021-03-29 03:00:00,2021,3,29,3,0.0,0.0,0.0,,,0.0,0.0,0.0,10.0,10.0,0.5,0.15
2021-03-29 04:00:00,2021,3,29,4,0.0,0.0,0.0,,,0.0,0.0,0.0,10.1,10.1,1.0,0.15
2021-03-29 05:00:00,2021,3,29,5,0.0,0.0,0.0,,,0.0,0.0,0.0,10.0,10.0,0.0,0.15
2021-03-29 06:00:00,2021,3,29,6,0.0,0.0,0.0,,,0.0,0.0,0.0,9.0,0.0,0.0,0.15
2021-03-29 07:00:00,2021,3,29,7,23.0,23.0,0.0,1.0,alta_fd,21.765,17.019,12.452,9.3,10.063,1.0,0.15
2021-03-29 08:00:00,2021,3,29,8,198.7079087434302,147.0,231.0,0.7397793119035087,alta_fd,249.721,211.328,199.876,14.0,22.839,1.0,0.15
2021-03-29 09:00:00,2021,3,29,9,390.39072581345505,164.0,539.0,0.4200919467496931,mixto,516.62,424.314,405.315,19.0,37.342,1.0,0.15
2021-03-29 10:00:00,2021,3,29,10,567.0356027568275,165.0,687.0,0.29098701950600453,baja_fd,734.873,564.992,541.008,22.1,51.914,0.5,0.15
2021-03-29 11:00:00,2021,3,29,11,672.0858879884127,255.0,589.0,0.37941579276902837,mixto,821.31,639.568,612.942,24.0,46.69,2.1,0.15
2021-03-29 12:00:00,2021,3,29,12,646.1095657300384,348.0,382.0,0.5386083389847282,mixto,745.455,579.414,554.919,25.0,45.555,2.1,0.15
2021-03-29 13:00:00,2021,3,29,13,457.25676921669424,364.0,117.0,0.7960516377342031,alta_fd,495.846,395.2,377.233,27.2,36.971,4.1,0.15
2021-03-29 14:00:00,2021,3,29,14,508.1578898975954,356.0,201.0,0.7005696597011247,alta_fd,549.811,441.641,422.028,27.2,37.074,4.8,0.15
2021-03-29 15:00:00,2021,3,29,15,467.5303841808761,266.0,304.0,0.5689469797049406,mixto,506.751,413.659,395.038,27.3,35.672,5.5,0.15
2021-03-29 16:00:00,2021,3,29,16,335.90640541454854,191.0,278.0,0.5686107705040135,mixto,352.878,292.989,278.644,27.3,32.701,6.2,0.15
2021-03-29 17:00:00,2021,3,29,17,150.3097378136406,110.0,118.0,0.7318221799866482,alta_fd,150.289,120.683,112.443,24.6,27.443,4.4,0.15
2021-03-29 18:00:00,2021,3,29,18,12.0,12.0,0.0,1.0,alta_fd,11.345,6.019,1.842,22.0,22.256,2.6,0.15
2021-03-29 19:00:00,2021,3,29,19,0.0,0.0,0.0,,,0.0,0.0,0.0,19.5,19.5,3.1,0.15
2021-03-29 20:00:00,2021,3,29,20,0.0,0.0,0.0,,,0.0,0.0,0.0,18.0,18.0,3.1,0.15
2021-03-29 21:00:00,2021,3,29,21,0.0,0.0,0.0,,,0.0,0.0,0.0,17.0,17.0,2.6,0.15
2021-03-29 22:00:00,2021,3,29,22,0.0,0.0,0.0,,,0.0,0.0,0.0,16.8,16.8,3.1,0.15
2021-03-29 23:00:00,2021,3,29,23,0.0,0.0,0.0,,,0.0,0.0,0.0,13.0,13.0,1.5,0.15
2021-03-30 00:00:00,2021,3,30,0,0.0,0.0,0.0,,,0.0,0.0,0.0,12.0,12.0,1.5,0.15
2021-03-30 01:00:00,2021,3,30,1,0.0,0.0,0.0,,,0.0,0.0,0.0,11.2,11.2,0.5,0.15
2021-03-30 02:00:00,2021,3,30,2,0.0,0.0,0.0,,,0.0,0.0,0.0,11.0,11.0,0.5,0.15
2021-03-30 03:00:00,2021,3,30,3,0.0,0.0,0.0,,,0.0,0.0,0.0,9.0,9.0,1.0,0.15
2021-03-30 04:00:00,2021,3,30,4,0.0,0.0,0.0,,,0.0,0.0,0.0,8.9,8.9,0.5,0.15
2021-03-30 05:00:00,2021,3,30,5,0.0,0.0,0.0,,,0.0,0.0,0.0,7.0,7.0,1.0,0.15
2021-03-30 06:00:00,2021,3,30,6,0.0,0.0,0.0,,,0.0,0.0,0.0,7.0,0.0,0.5,0.15
2021-03-30 07:00:00,2021,3,30,7,37.0,37.0,0.0,1.0,alta_fd,35.51,28.414,23.444,7.8,9.044,1.0,0.15
2021-03-30 08:00:00,2021,3,30,8,187.42041199889354,141.0,210.0,0.752319336491654,alta_fd,230.991,196.319,185.399,13.0,21.176,1.0,0.15
2021-03-30 09:00:00,2021,3,30,9,374.2392837652004,187.0,449.0,0.4996803064568837,mixto,484.795,398.152,380.08,17.0,36.704,0.5,0.15
2021-03-30 10:00:00,2021,3,30,10,550.3265067080465,200.0,602.0,0.36342061950888715,mixto,703.625,574.488,550.168,19.2,36.921,2.6,0.15
2021-03-30 11:00:00,2021,3,30,11,703.7871691176488,212.0,698.0,0.30122742968700095,mixto,877.099,691.464,662.999,22.0,44.057,2.6,0.15
2021-03-30 12:00:00,2021,3,30,12,792.4352028575671,165.0,808.0,0.20821891733860443,baja_fd,965.278,752.723,722.088,24.0,46.262,3.1,0.15
2021-03-30 13:00:00,2021,3,30,13,808.352108307356,132.0,853.0,0.16329517625233958,baja_fd,960.699,771.056,739.771,24.9,39.549,6.2,0.15
2021-03-30 14:00:00,2021,3,30,14,720.8709731323172,176.0,724.0,0.24414910096219794,baja_fd,831.595,674.955,647.075,25.0,37.688,6.2,0.15
2021-03-30 15:00:00,2021,3,30,15,527.5988133135675,234.0,446.0,0.44351881409734506,mixto,582.399,484.786,463.645,24.0,32.016,7.2,0.15
2021-03-30 16:00:00,2021,3,30,16,278.86373900204944,189.0,174.0,0.6777503617944783,mixto,289.162,245.909,233.232,21.0,24.799,7.7,0.15
2021-03-30 17:00:00,2021,3,30,17,106.4287672411099,97.0,28.0,0.9114077191202504,alta_fd,105.734,87.792,80.718,18.0,19.385,7.7,0.15
2021-03-30 18:00:00,2021,3,30,18,9.0,9.0,0.0,,,8.503,4.564,0.439,17.0,17.132,5.1,0.15
2021-03-30 19:00:00,2021,3,30,19,0.0,0.0,0.0,,,0.0,0.0,0.0,15.0,15.0,4.1,0.15
2021-03-30 20:00:00,2021,3,30,20,0.0,0.0,0.0,,,0.0,0.0,0.0,14.0,14.0,2.6,0.15
2021-03-30 21:00:00,2021,3,30,21,0.0,0.0,0.0,,,0.0,0.0,0.0,14.0,14.0,2.6,0.15
2021-03-30 22:00:00,2021,3,30,22,0.0,0.0,0.0,,,0.0,0.0,0.0,13.0,13.0,1.0,0.15
2021-03-30 23:00:00,2021,3,30,23,0.0,0.0,0.0,,,0.0,0.0,0.0,13.0,13.0,2.1,0.15
2021-03-31 00:00:00,2021,3,31,0,0.0,0.0,0.0,,,0.0,0.0,0.0,13.0,13.0,3.1,0.15
2021-03-31 01:00:00,2021,3,31,1,0.0,0.0,0.0,,,0.0,0.0,0.0,12.1,12.1,0.5,0.15
2021-03-31 02:00:00,2021,3,31,2,0.0,0.0,0.0,,,0.0,0.0,0.0,12.0,12.0,0.5,0.15
2021-03-31 03:00:00,2021,3,31,3,0.0,0.0,0.0,,,0.0,0.0,0.0,12.0,12.0,0.5,0.15
2021-03-31 04:00:00,2021,3,31,4,0.0,0.0,0.0,,,0.0,0.0,0.0,11.9,11.9,2.1,0.15
2021-03-31 05:00:00,2021,3,31,5,0.0,0.0,0.0,,,0.0,0.0,0.0,12.0,12.0,2.6,0.15
2021-03-31 06:00:00,2021,3,31,6,0.0,0.0,0.0,,,0.0,0.0,0.0,11.0,0.0,2.6,0.15
2021-03-31 07:00:00,2021,3,31,7,11.0,11.0,0.0,1.0,alta_fd,10.391,7.744,3.507,11.5,11.864,1.0,0.15
2021-03-31 08:00:00,2021,3,31,8,65.0,65.0,0.0,1.0,alta_fd,61.648,51.276,45.496,14.0,15.939,1.5,0.15
2021-03-31 09:00:00,2021,3,31,9,130.0,130.0,0.0,1.0,alta_fd,124.847,103.338,95.713,16.0,21.053,0.5,0.15
2021-03-31 10:00:00,2021,3,31,10,185.57865131386276,185.0,1.0,0.9968819079685836,alta_fd,179.723,148.138,138.925,17.0,22.62,1.5,0.15
2021-03-31 11:00:00,2021,3,31,11,223.1029494523389,221.0,3.0,0.9905740849347752,alta_fd,217.34,175.438,165.258,19.0,27.756,0.5,0.15
2021-03-31 12:00:00,2021,3,31,12,242.09056216216928,239.0,4.0,0.9872338593683012,alta_fd,236.434,191.205,180.466,19.0,27.311,1.0,0.15
2021-03-31 13:00:00,2021,3,31,13,238.1549158663193,235.0,4.0,0.9867526737592508,alta_fd,232.385,188.014,177.389,20.0,27.25,1.5,0.15
2021-03-31 14:00:00,2021,3,31,14,211.2444298670106,209.0,3.0,0.989375199770126,alta_fd,205.306,166.551,156.686,21.0,26.65,2.1,0.15
2021-03-31 15:00:00,2021,3,31,15,165.0,165.0,0.0,1.0,alta_fd,159.24,130.425,121.84,21.0,24.144,4.1,0.15
2021-03-31 16:00:00,2021,3,31,16,104.0,104.0,0.0,1.0,alta_fd,99.491,81.797,74.935,20.2,21.926,5.1,0.15
2021-03-31 17:00:00,2021,3,31,17,40.0,40.0,0.0,1.0,alta_fd,37.878,30.421,25.379,18.0,18.579,6.2,0.15
2021-03-31 18:00:00,2021,3,31,18,3.0,3.0,0.0,,,2.83,1.434,0.0,17.0,17.05,4.1,0.15
2021-03-31 19:00:00,2021,3,31,19,0.0,0.0,0.0,,,0.0,0.0,0.0,16.2,16.2,3.1,0.15
2021-03-31 20:00:00,2021,3,31,20,0.0,0.0,0.0,,,0.0,0.0,0.0,15.6,15.6,3.6,0.15
2021-03-31 21:00:00,2021,3,31,21,0.0,0.0,0.0,,,0.0,0.0,0.0,14.9,14.9,3.1,0.15
2021-03-31 22:00:00,2021,3,31,22,0.0,0.0,0.0,,,0.0,0.0,0.0,14.1,14.1,3.1,0.15
2021-03-31 23:00:00,2021,3,31,23,0.0,0.0,0.0,,,0.0,0.0,0.0,13.2,13.2,1.5,0.15
2021-04-01 00:00:00,2021,4,1,0,0.0,0.0,0.0,,,0.0,0.0,0.0,12.2,12.2,1.5,0.15
2021-04-01 01:00:00,2021,4,1,1,0.0,0.0,0.0,,,0.0,0.0,0.0,11.1,11.1,0.5,0.15
2021-04-01 02:00:00,2021,4,1,2,0.0,0.0,0.0,,,0.0,0.0,0.0,10.1,10.1,0.0,0.15
2021-04-01 03:00:00,2021,4,1,3,0.0,0.0,0.0,,,0.0,0.0,0.0,9.2,9.2,0.0,0.15
2021-04-01 04:00:00,2021,4,1,4,0.0,0.0,0.0,,,0.0,0.0,0.0,8.5,8.5,0.0,0.15
2021-04-01 05:00:00,2021,4,1,5,0.0,0.0,0.0,,,0.0,0.0,0.0,7.8,7.8,2.1,0.15
2021-04-01 06:00:00,2021,4,1,6,0.0,0.0,0.0,,,0.0,0.0,0.0,9.0,0.0,2.1,0.15
2021-04-01 07:00:00,2021,4,1,7,37.01709621987829,37.0,8.0,0.999538153404126,alta_fd,36.98,28.811,23.827,9.8,11.526,0.0,0.15
2021-04-01 08:00:00,2021,4,1,8,192.17068257393993,134.0,270.0,0.6972967895268932,mixto,252.16,210.692,199.263,13.9,25.849,0.0,0.15
2021-04-01 09:00:00,2021,4,1,9,384.3723229859994,153.0,563.0,0.398051552753378,mixto,519.105,417.74,398.974,18.0,42.689,0.0,0.15
2021-04-01 10:00:00,2021,4,1,10,569.6187774427394,164.0,705.0,0.287911857007709,baja_fd,746.179,599.084,573.893,21.0,41.669,2.1,0.15
2021-04-01 11:00:00,2021,4,1,11,707.0598045989487,138.0,816.0,0.1951744380070862,baja_fd,898.029,698.959,670.228,23.0,47.844,2.1,0.15
2021-04-01 12:00:00,2021,4,1,12,788.1876808603396,134.0,851.0,0.17001026944969938,baja_fd,970.127,753.058,722.411,25.3,47.682,3.1,0.15
2021-04-01 13:00:00,2021,4,1,13,795.7084191633043,132.0,846.0,0.16588991246165194,baja_fd,950.688,742.587,712.311,27.6,46.423,4.1,0.15
2021-04-01 14:00:00,2021,4,1,14,727.896349665579,127.0,808.0,0.1744753907041136,baja_fd,843.882,694.51,665.937,18.0,34.726,4.1,0.15
2021-04-01 15:00:00,2021,4,1,15,590.5637034440753,122.0,722.0,0.20658228619286126,baja_fd,663.741,547.557,524.192,23.0,36.182,4.1,0.15
2021-04-01 16:00:00,2021,4,1,16,387.56969866715065,124.0,520.0,0.31994245274188127,mixto,414.279,342.862,326.75,28.0,36.248,4.1,0.15
2021-04-01 17:00:00,2021,4,1,17,151.13369352388645,89.0,190.0,0.5888825841865215,mixto,152.477,119.609,111.408,26.0,29.223,3.6,0.15
2021-04-01 18:00:00,2021,4,1,18,11.0,11.0,0.0,1.0,alta_fd,10.399,5.467,1.31,22.9,23.115,3.1,0.15
2021-04-01 19:00:00,2021,4,1,19,0.0,0.0,0.0,,,0.0,0.0,0.0,19.9,19.9,2.6,0.15
2021-04-01 20:00:00,2021,4,1,20,0.0,0.0,0.0,,,0.0,0.0,0.0,19.0,19.0,3.1,0.15
2021-04-01 21:00:00,2021,4,1,21,0.0,0.0,0.0,,,0.0,0.0,0.0,16.7,16.7,1.5,0.15
2021-04-01 22:00:00,2021,4,1,22,0.0,0.0,0.0,,,0.0,0.0,0.0,14.4,14.4,0.0,0.15
2021-04-01 23:00:00,2021,4,1,23,0.0,0.0,0.0,,,0.0,0.0,0.0,14.0,14.0,0.0,0.15
2021-04-02 00:00:00,2021,4,2,0,0.0,0.0,0.0,,,0.0,0.0,0.0,12.0,12.0,1.0,0.15
2021-04-02 01:00:00,2021,4,2,1,0.0,0.0,0.0,,,0.0,0.0,0.0,11.9,11.9,0.0,0.15
2021-04-02 02:00:00,2021,4,2,2,0.0,0.0,0.0,,,0.0,0.0,0.0,12.0,12.0,0.0,0.15
2021-04-02 03:00:00,2021,4,2,3,0.0,0.0,0.0,,,0.0,0.0,0.0,10.0,10.0,1.0,0.15
2021-04-02 04:00:00,2021,4,2,4,0.0,0.0,0.0,,,0.0,0.0,0.0,10.1,10.1,0.0,0.15
2021-04-02 05:00:00,2021,4,2,5,0.0,0.0,0.0,,,0.0,0.0,0.0,10.0,10.0,0.0,0.15
2021-04-02 06:00:00,2021,4,2,6,0.0,0.0,0.0,,,0.0,0.0,0.0,10.4,0.0,0.0,0.15
2021-04-02 07:00:00,2021,4,2,7,36.0,36.0,4.0,1.0,alta_fd,35.371,27.444,22.508,10.8,12.452,0.0,0.15
2021-04-02 08:00:00,2021,4,2,8,185.067223578731,120.0,306.0,0.648413034353162,mixto,251.846,211.627,200.165,14.5,24.143,0.7,0.15
2021-04-02 09:00:00,2021,4,2,9,379.98684733419987,154.0,554.0,0.40527718546151786,mixto,514.342,427.211,408.11,18.3,34.885,1.4,0.15
2021-04-02 10:00:00,2021,4,2,10,560.0078714389966,139.0,736.0,0.24821079682831154,baja_fd,742.861,594.905,569.861,22.0,42.584,2.1,0.15
2021-04-02 11:00:00,2021,4,2,11,700.5493274618946,140.0,808.0,0.1998431723676376,baja_fd,891.843,712.03,682.837,24.0,41.666,4.1,0.15
2021-04-02 12:00:00,2021,4,2,12,779.0162632309737,119.0,863.0,0.15275675953984186,baja_fd,956.307,705.662,676.694,26.0,59.827,1.0,0.15
2021-04-02 13:00:00,2021,4,2,13,785.156982491255,118.0,855.0,0.15028841700623133,baja_fd,934.968,724.583,694.945,27.0,48.58,3.1,0.15
2021-04-02 14:00:00,2021,4,2,14,719.626518537843,129.0,799.0,0.17925965299625943,baja_fd,836.423,658.572,631.273,28.0,45.847,3.6,0.15
2021-04-02 15:00:00,2021,4,2,15,581.4581356967356,124.0,710.0,0.21325696965511762,baja_fd,655.517,540.156,517.053,27.0,36.508,6.7,0.15
2021-04-02 16:00:00,2021,4,2,16,379.04855730528163,124.0,508.0,0.32713486863407776,mixto,406.656,343.59,327.451,24.8,31.037,6.2,0.15
2021-04-02 17:00:00,2021,4,2,17,145.3125190544579,87.0,181.0,0.5987095989120905,mixto,147.344,117.767,109.63,22.0,24.228,6.2,0.15
2021-04-02 18:00:00,2021,4,2,18,10.0,10.0,0.0,,,9.451,5.047,0.905,19.0,19.157,4.6,0.15
2021-04-02 19:00:00,2021,4,2,19,0.0,0.0,0.0,,,0.0,0.0,0.0,16.9,16.9,3.6,0.15
2021-04-02 20:00:00,2021,4,2,20,0.0,0.0,0.0,,,0.0,0.0,0.0,16.0,16.0,4.6,0.15
2021-04-02 21:00:00,2021,4,2,21,0.0,0.0,0.0,,,0.0,0.0,0.0,14.0,14.0,4.1,0.15
2021-04-02 22:00:00,2021,4,2,22,0.0,0.0,0.0,,,0.0,0.0,0.0,13.0,13.0,4.1,0.15
2021-04-02 23:00:00,2021,4,2,23,0.0,0.0,0.0,,,0.0,0.0,0.0,13.0,13.0,3.6,0.15
2021-04-03 00:00:00,2021,4,3,0,0.0,0.0,0.0,,,0.0,0.0,0.0,13.0,13.0,2.6,0.15
2021-04-03 01:00:00,2021,4,3,1,0.0,0.0,0.0,,,0.0,0.0,0.0,12.9,12.9,2.1,0.15
2021-04-03 02:00:00,2021,4,3,2,0.0,0.0,0.0,,,0.0,0.0,0.0,13.0,13.0,1.5,0.15
2021-04-03 03:00:00,2021,4,3,3,0.0,0.0,0.0,,,0.0,0.0,0.0,13.0,13.0,1.5,0.15
2021-04-03 04:00:00,2021,4,3,4,0.0,0.0,0.0,,,0.0,0.0,0.0,12.5,12.5,1.5,0.15
2021-04-03 05:00:00,2021,4,3,5,0.0,0.0,0.0,,,0.0,0.0,0.0,12.0,12.0,1.0,0.15
2021-04-03 06:00:00,2021,4,3,6,0.0,0.0,0.0,,,0.0,0.0,0.0,12.0,0.0,0.5,0.15
2021-04-03 07:00:00,2021,4,3,7,11.0,11.0,0.0,1.0,alta_fd,10.391,7.63,3.396,12.3,12.663,1.0,0.15
2021-04-03 08:00:00,2021,4,3,8,64.0,64.0,0.0,1.0,alta_fd,60.707,50.573,44.817,13.0,15.465,0.5,0.15
2021-04-03 09:00:00,2021,4,3,9,128.0,128.0,0.0,1.0,alta_fd,122.992,103.108,95.491,13.0,17.979,0.5,0.15
2021-04-03 10:00:00,2021,4,3,10,182.56867920177814,182.0,1.0,0.9968851217839527,alta_fd,176.906,147.603,138.409,13.4,19.635,1.0,0.15
2021-04-03 11:00:00,2021,4,3,11,412.2079966948911,357.0,80.0,0.8660676232932107,alta_fd,440.429,360.046,343.325,15.0,30.513,1.0,0.15
2021-04-03 12:00:00,2021,4,3,12,589.0774261642537,373.0,284.0,0.6331935046786119,mixto,678.053,556.522,532.838,16.0,31.596,3.1,0.15
2021-04-03 13:00:00,2021,4,3,13,676.4760976392713,290.0,498.0,0.4286921607607806,mixto,793.264,648.382,621.444,18.4,34.08,4.1,0.15
2021-04-03 14:00:00,2021,4,3,14,652.8907370868048,215.0,596.0,0.32930471790628996,mixto,756.693,625.06,598.948,20.0,33.121,5.1,0.15
2021-04-03 15:00:00,2021,4,3,15,544.262559464892,172.0,582.0,0.3160239428725484,mixto,609.877,511.656,489.562,20.0,31.303,4.6,0.15
2021-04-03 16:00:00,2021,4,3,16,363.22229570761925,131.0,467.0,0.3606606795565497,mixto,391.369,334.774,318.948,20.3,27.574,4.6,0.15
2021-04-03 17:00:00,2021,4,3,17,138.99378471164292,86.0,167.0,0.6187327021738127,mixto,141.854,114.542,106.52,19.0,21.439,5.1,0.15
2021-04-03 18:00:00,2021,4,3,18,9.0,9.0,0.0,,,8.504,4.565,0.439,17.0,17.132,5.1,0.15
2021-04-03 19:00:00,2021,4,3,19,0.0,0.0,0.0,,,0.0,0.0,0.0,15.8,15.8,3.1,0.15
2021-04-03 20:00:00,2021,4,3,20,0.0,0.0,0.0,,,0.0,0.0,0.0,15.0,15.0,1.0,0.15
2021-04-03 21:00:00,2021,4,3,21,0.0,0.0,0.0,,,0.0,0.0,0.0,16.0,16.0,1.5,0.15
2021-04-03 22:00:00,2021,4,3,22,0.0,0.0,0.0,,,0.0,0.0,0.0,15.8,15.8,1.0,0.15
2021-04-03 23:00:00,2021,4,3,23,0.0,0.0,0.0,,,0.0,0.0,0.0,16.0,16.0,1.5,0.15
2021-04-04 00:00:00,2021,4,4,0,0.0,0.0,0.0,,,0.0,0.0,0.0,16.0,16.0,1.5,0.15
2021-04-04 01:00:00,2021,4,4,1,0.0,0.0,0.0,,,0.0,0.0,0.0,16.0,16.0,1.5,0.15
2021-04-04 02:00:00,2021,4,4,2,0.0,0.0,0.0,,,0.0,0.0,0.0,15.8,15.8,1.5,0.15
2021-04-04 03:00:00,2021,4,4,3,0.0,0.0,0.0,,,0.0,0.0,0.0,15.6,15.6,1.5,0.15
2021-04-04 04:00:00,2021,4,4,4,0.0,0.0,0.0,,,0.0,0.0,0.0,15.4,15.4,1.5,0.15
2021-04-04 05:00:00,2021,4,4,5,0.0,0.0,0.0,,,0.0,0.0,0.0,15.2,15.2,1.8,0.15
2021-04-04 06:00:00,2021,4,4,6,0.0,0.0,0.0,,,0.0,0.0,0.0,15.0,0.0,2.1,0.15
2021-04-04 07:00:00,2021,4,4,7,10.0,10.0,0.0,,,9.445,6.783,2.579,15.0,15.257,2.1,0.15
2021-04-04 08:00:00,2021,4,4,8,63.0,63.0,0.0,1.0,alta_fd,59.741,49.394,43.68,15.5,17.093,2.3,0.15
2021-04-04 09:00:00,2021,4,4,9,127.0,127.0,0.0,1.0,alta_fd,122.042,101.856,94.283,16.0,19.069,2.6,0.15
2021-04-04 10:00:00,2021,4,4,10,180.56531934854698,180.0,1.0,0.9968691698351235,alta_fd,174.963,144.401,135.321,17.5,22.321,2.1,0.15
2021-04-04 11:00:00,2021,4,4,11,218.05929185897352,216.0,3.0,0.9905562755825817,alta_fd,212.582,174.913,164.752,18.2,23.08,3.1,0.15
2021-04-04 12:00:00,2021,4,4,12,236.02743580902649,233.0,4.0,0.9871733733044661,alta_fd,230.66,189.424,178.749,19.0,23.539,4.1,0.15
2021-04-04 13:00:00,2021,4,4,13,231.08717864045968,228.0,4.0,0.986640632082566,alta_fd,225.602,184.972,174.454,19.2,23.98,3.6,0.15
2021-04-04 14:00:00,2021,4,4,14,203.46042442252096,202.0,2.0,0.9928220712865116,alta_fd,197.689,161.955,152.252,20.0,24.194,3.6,0.15
2021-04-04 15:00:00,2021,4,4,15,158.0,158.0,0.0,1.0,alta_fd,152.505,125.987,117.559,19.0,22.012,4.1,0.15
2021-04-04 16:00:00,2021,4,4,16,99.0,99.0,0.0,1.0,alta_fd,94.715,78.101,71.37,19.2,21.077,4.1,0.15
2021-04-04 17:00:00,2021,4,4,17,36.0,36.0,0.0,1.0,alta_fd,34.083,27.156,22.23,18.1,18.731,4.6,0.15
2021-04-04 18:00:00,2021,4,4,18,3.0,3.0,0.0,,,2.83,1.434,0.0,17.0,17.044,5.1,0.15
2021-04-04 19:00:00,2021,4,4,19,0.0,0.0,0.0,,,0.0,0.0,0.0,16.2,16.2,4.1,0.15
2021-04-04 20:00:00,2021,4,4,20,0.0,0.0,0.0,,,0.0,0.0,0.0,15.5,15.5,3.6,0.15
2021-04-04 21:00:00,2021,4,4,21,0.0,0.0,0.0,,,0.0,0.0,0.0,14.8,14.8,3.1,0.15
2021-04-04 22:00:00,2021,4,4,22,0.0,0.0,0.0,,,0.0,0.0,0.0,14.1,14.1,2.6,0.15
2021-04-04 23:00:00,2021,4,4,23,0.0,0.0,0.0,,,0.0,0.0,0.0,14.0,14.0,2.3,0.15
2021-04-05 00:00:00,2021,4,5,0,0.0,0.0,0.0,,,0.0,0.0,0.0,14.0,14.0,2.1,0.15
2021-04-05 01:00:00,2021,4,5,1,0.0,0.0,0.0,,,0.0,0.0,0.0,13.0,13.0,2.6,0.15
2021-04-05 02:00:00,2021,4,5,2,0.0,0.0,0.0,,,0.0,0.0,0.0,12.9,12.9,2.4,0.15
2021-04-05 03:00:00,2021,4,5,3,0.0,0.0,0.0,,,0.0,0.0,0.0,12.8,12.8,2.3,0.15
2021-04-05 04:00:00,2021,4,5,4,0.0,0.0,0.0,,,0.0,0.0,0.0,12.7,12.7,2.1,0.15
2021-04-05 05:00:00,2021,4,5,5,0.0,0.0,0.0,,,0.0,0.0,0.0,12.8,12.8,1.5,0.15
2021-04-05 06:00:00,2021,4,5,6,0.0,0.0,0.0,,,0.0,0.0,0.0,13.0,0.0,1.0,0.15
2021-04-05 07:00:00,2021,4,5,7,18.0,18.0,0.0,1.0,alta_fd,17.025,12.598,8.188,13.0,13.793,0.0,0.15
2021-04-05 08:00:00,2021,4,5,8,145.84717310361611,124.0,107.0,0.850205028738576,alta_fd,172.082,143.97,134.905,15.0,23.16,0.0,0.15
2021-04-05 09:00:00,2021,4,5,9,339.01142245917805,219.0,301.0,0.6459959325599739,mixto,420.885,349.091,332.758,16.0,33.097,0.5,0.15
2021-04-05 10:00:00,2021,4,5,10,527.4976584656949,210.0,565.0,0.3981060325666963,mixto,679.186,543.189,519.978,18.2,42.255,1.0,0.15
2021-04-05 11:00:00,2021,4,5,11,642.1834258845089,238.0,592.0,0.3706106237048887,mixto,800.952,648.764,621.812,19.0,37.475,3.1,0.15
2021-04-05 12:00:00,2021,4,5,12,693.1501094575681,325.0,489.0,0.4688739070593701,mixto,828.549,670.284,642.57,20.0,36.373,4.1,0.15
2021-04-05 13:00:00,2021,4,5,13,670.8764097702806,271.0,521.0,0.40394921635833786,mixto,792.454,642.453,615.725,19.6,36.467,3.6,0.15
2021-04-05 14:00:00,2021,4,5,14,681.0684040841495,168.0,707.0,0.24667125797138395,baja_fd,798.552,651.704,624.648,21.0,36.825,4.1,0.15
2021-04-05 15:00:00,2021,4,5,15,564.3264639992997,120.0,705.0,0.2126428719106622,baja_fd,642.129,533.354,510.492,22.0,34.757,4.1,0.15
2021-04-05 16:00:00,2021,4,5,16,362.37476470921183,120.0,497.0,0.33114888697145944,mixto,392.84,335.332,319.486,21.2,28.505,4.6,0.15
2021-04-05 17:00:00,2021,4,5,17,128.537835510655,87.0,135.0,0.6768435119073422,mixto,130.174,104.447,96.783,20.0,22.557,4.1,0.15
2021-04-05 18:00:00,2021,4,5,18,8.0,8.0,0.0,,,7.558,4.033,0.0,17.0,17.125,4.6,0.15
2021-04-05 19:00:00,2021,4,5,19,0.0,0.0,0.0,,,0.0,0.0,0.0,16.1,16.1,4.1,0.15
2021-04-05 20:00:00,2021,4,5,20,0.0,0.0,0.0,,,0.0,0.0,0.0,14.0,14.0,1.0,0.15
2021-04-05 21:00:00,2021,4,5,21,0.0,0.0,0.0,,,0.0,0.0,0.0,14.0,14.0,2.1,0.15
2021-04-05 22:00:00,2021,4,5,22,0.0,0.0,0.0,,,0.0,0.0,0.0,12.1,12.1,1.0,0.15
2021-04-05 23:00:00,2021,4,5,23,0.0,0.0,0.0,,,0.0,0.0,0.0,9.0,9.0,1.0,0.15
2021-04-06 00:00:00,2021,4,6,0,0.0,0.0,0.0,,,0.0,0.0,0.0,9.0,9.0,0.0,0.15
2021-04-06 01:00:00,2021,4,6,1,0.0,0.0,0.0,,,0.0,0.0,0.0,7.7,7.7,0.0,0.15
2021-04-06 02:00:00,2021,4,6,2,0.0,0.0,0.0,,,0.0,0.0,0.0,8.0,8.0,0.0,0.15
2021-04-06 03:00:00,2021,4,6,3,0.0,0.0,0.0,,,0.0,0.0,0.0,7.1,7.1,0.5,0.15
2021-04-06 04:00:00,2021,4,6,4,0.0,0.0,0.0,,,0.0,0.0,0.0,6.3,6.3,0.0,0.15
2021-04-06 05:00:00,2021,4,6,5,0.0,0.0,0.0,,,0.0,0.0,0.0,6.6,6.6,0.7,0.15
2021-04-06 06:00:00,2021,4,6,6,0.0,0.0,0.0,,,0.0,0.0,0.0,6.9,0.0,1.5,0.15
2021-04-06 07:00:00,2021,4,6,7,31.0,31.0,0.0,1.0,alta_fd,29.845,23.064,18.283,7.2,8.387,0.5,0.15
2021-04-06 08:00:00,2021,4,6,8,178.34407096642983,127.0,255.0,0.7121066560373939,alta_fd,239.141,203.518,192.343,11.0,20.691,0.5,0.15
2021-04-06 09:00:00,2021,4,6,9,367.1710005061376,148.0,554.0,0.4030819421903829,mixto,506.657,422.408,403.477,14.7,34.184,0.7,0.15
2021-04-06 10:00:00,2021,4,6,10,544.2101036852969,132.0,738.0,0.24255337985480016,baja_fd,733.565,583.56,558.918,18.5,44.508,1.0,0.15
2021-04-06 11:00:00,2021,4,6,11,681.3031143502899,134.0,806.0,0.19668191320068487,baja_fd,878.698,685.595,657.338,20.0,47.603,1.5,0.15
2021-04-06 12:00:00,2021,4,6,12,758.5089825649303,113.0,862.0,0.14897648227959767,baja_fd,942.286,732.018,702.116,22.0,48.066,2.1,0.15
2021-04-06 13:00:00,2021,4,6,13,767.5301542663542,131.0,834.0,0.1706773333553477,baja_fd,929.281,730.519,700.67,23.8,45.252,3.1,0.15
2021-04-06 14:00:00,2021,4,6,14,695.5354538059067,146.0,762.0,0.20991021981856034,baja_fd,819.23,660.528,633.159,23.9,40.14,4.1,0.15
2021-04-06 15:00:00,2021,4,6,15,543.2169531652817,161.0,611.0,0.29638250253764337,baja_fd,617.83,512.213,490.1,24.0,34.743,5.1,0.15
2021-04-06 16:00:00,2021,4,6,16,327.77270249507853,152.0,364.0,0.46373599400725646,mixto,351.186,296.079,281.624,24.1,30.219,5.1,0.15
2021-04-06 17:00:00,2021,4,6,17,116.65001617498311,80.0,121.0,0.685812163797684,mixto,118.383,93.62,86.339,23.0,24.894,5.7,0.15
2021-04-06 18:00:00,2021,4,6,18,7.0,7.0,0.0,,,6.612,3.448,0.0,20.0,20.127,3.6,0.15
2021-04-06 19:00:00,2021,4,6,19,0.0,0.0,0.0,,,0.0,0.0,0.0,17.9,17.9,4.6,0.15
2021-04-06 20:00:00,2021,4,6,20,0.0,0.0,0.0,,,0.0,0.0,0.0,16.0,16.0,2.6,0.15
2021-04-06 21:00:00,2021,4,6,21,0.0,0.0,0.0,,,0.0,0.0,0.0,15.0,15.0,1.5,0.15
2021-04-06 22:00:00,2021,4,6,22,0.0,0.0,0.0,,,0.0,0.0,0.0,14.0,14.0,3.1,0.15
2021-04-06 23:00:00,2021,4,6,23,0.0,0.0,0.0,,,0.0,0.0,0.0,14.0,14.0,2.1,0.15
2021-04-07 00:00:00,2021,4,7,0,0.0,0.0,0.0,,,0.0,0.0,0.0,13.0,13.0,2.6,0.15
2021-04-07 01:00:00,2021,4,7,1,0.0,0.0,0.0,,,0.0,0.0,0.0,12.4,12.4,0.5,0.15
2021-04-07 02:00:00,2021,4,7,2,0.0,0.0,0.0,,,0.0,0.0,0.0,12.0,12.0,2.1,0.15
2021-04-07 03:00:00,2021,4,7,3,0.0,0.0,0.0,,,0.0,0.0,0.0,12.0,12.0,1.0,0.15
2021-04-07 04:00:00,2021,4,7,4,0.0,0.0,0.0,,,0.0,0.0,0.0,12.0,12.0,1.1,0.15
2021-04-07 05:00:00,2021,4,7,5,0.0,0.0,0.0,,,0.0,0.0,0.0,12.0,12.0,1.2,0.15
2021-04-07 06:00:00,2021,4,7,6,0.0,0.0,0.0,,,0.0,0.0,0.0,12.0,0.0,1.4,0.15
2021-04-07 07:00:00,2021,4,7,7,22.0,22.0,0.0,1.0,alta_fd,20.826,15.428,10.918,12.0,12.64,1.5,0.15
2021-04-07 08:00:00,2021,4,7,8,149.97571358928747,120.0,151.0,0.8001295484989205,alta_fd,185.719,156.419,146.913,15.5,21.757,1.2,0.15
2021-04-07 09:00:00,2021,4,7,9,328.84627095395433,195.0,341.0,0.592982244969122,mixto,419.356,347.427,331.152,19.0,33.882,1.0,0.15
2021-04-07 10:00:00,2021,4,7,10,518.5454115409118,206.0,563.0,0.39726511008524695,mixto,672.25,548.687,525.281,20.4,37.337,2.6,0.15
2021-04-07 11:00:00,2021,4,7,11,669.7712866660163,193.0,706.0,0.2881580680484443,baja_fd,856.565,696.851,668.195,21.0,36.838,4.6,0.15
2021-04-07 12:00:00,2021,4,7,12,754.3471718642678,157.0,802.0,0.20812698165487328,baja_fd,939.432,750.079,719.537,23.2,41.039,4.4,0.15
2021-04-07 13:00:00,2021,4,7,13,763.4588471836158,129.0,836.0,0.1689678500365519,baja_fd,927.03,733.445,703.492,25.4,43.762,4.1,0.15
2021-04-07 14:00:00,2021,4,7,14,698.1999853172787,117.0,811.0,0.1675737646239457,baja_fd,823.592,664.54,637.029,26.0,40.302,5.1,0.15
2021-04-07 15:00:00,2021,4,7,15,554.158796085195,127.0,688.0,0.22917618721777958,baja_fd,634.188,524.249,501.709,25.0,36.034,5.1,0.15
2021-04-07 16:00:00,2021,4,7,16,349.9346364073047,130.0,460.0,0.3714979498305139,mixto,382.058,322.932,307.526,23.9,30.56,5.1,0.15
2021-04-07 17:00:00,2021,4,7,17,120.26470984773715,83.0,125.0,0.6901442668018185,mixto,122.787,97.55,90.13,21.4,23.81,4.1,0.15
2021-04-07 18:00:00,2021,4,7,18,6.0,6.0,0.0,,,5.666,2.946,0.0,19.0,19.117,3.1,0.15
2021-04-07 19:00:00,2021,4,7,19,0.0,0.0,0.0,,,0.0,0.0,0.0,16.2,16.2,2.6,0.15
2021-04-07 20:00:00,2021,4,7,20,0.0,0.0,0.0,,,0.0,0.0,0.0,15.0,15.0,2.1,0.15
2021-04-07 21:00:00,2021,4,7,21,0.0,0.0,0.0,,,0.0,0.0,0.0,14.0,14.0,2.1,0.15
2021-04-07 22:00:00,2021,4,7,22,0.0,0.0,0.0,,,0.0,0.0,0.0,13.4,13.4,1.5,0.15
2021-04-07 23:00:00,2021,4,7,23,0.0,0.0,0.0,,,0.0,0.0,0.0,12.0,12.0,0.5,0.15
2021-04-08 00:00:00,2021,4,8,0,0.0,0.0,0.0,,,0.0,0.0,0.0,10.0,10.0,0.0,0.15
2021-04-08 01:00:00,2021,4,8,1,0.0,0.0,0.0,,,0.0,0.0,0.0,9.2,9.2,0.5,0.15
2021-04-08 02:00:00,2021,4,8,2,0.0,0.0,0.0,,,0.0,0.0,0.0,9.0,9.0,0.5,0.15
2021-04-08 03:00:00,2021,4,8,3,0.0,0.0,0.0,,,0.0,0.0,0.0,8.0,8.0,0.0,0.15
2021-04-08 04:00:00,2021,4,8,4,0.0,0.0,0.0,,,0.0,0.0,0.0,7.4,7.4,0.0,0.15
2021-04-08 05:00:00,2021,4,8,5,0.0,0.0,0.0,,,0.0,0.0,0.0,6.0,6.0,0.0,0.15
2021-04-08 06:00:00,2021,4,8,6,0.0,0.0,0.0,,,0.0,0.0,0.0,6.0,6.0,0.0,0.15
2021-04-08 07:00:00,2021,4,8,7,28.0,28.0,0.0,1.0,alta_fd,26.858,20.482,15.793,6.0,6.824,1.5,0.15
2021-04-08 08:00:00,2021,4,8,8,173.3102576723716,124.0,252.0,0.715479866370123,alta_fd,234.877,200.794,189.715,11.0,19.31,1.0,0.15
2021-04-08 09:00:00,2021,4,8,9,359.99977996192973,147.0,547.0,0.4083335829137045,mixto,500.567,413.81,395.184,16.0,36.371,0.5,0.15
2021-04-08 10:00:00,2021,4,8,10,538.7912123130994,157.0,692.0,0.2913930227740333,baja_fd,723.336,565.981,541.962,19.0,48.367,0.5,0.15
2021-04-08 11:00:00,2021,4,8,11,664.0940095599587,104.0,834.0,0.15660433387874162,baja_fd,861.583,659.712,632.372,22.0,52.512,1.0,0.15
2021-04-08 12:00:00,2021,4,8,12,749.6247348266287,137.0,827.0,0.18275811033861497,baja_fd,939.671,736.893,706.819,24.0,45.689,3.1,0.15
2021-04-08 13:00:00,2021,4,8,13,758.0980247495872,128.0,835.0,0.16884360045955876,baja_fd,923.083,714.612,685.327,25.9,49.135,2.6,0.15
2021-04-08 14:00:00,2021,4,8,14,686.9934267940894,123.0,792.0,0.17904101437183975,baja_fd,812.165,639.185,612.573,26.0,46.467,2.6,0.15
2021-04-08 15:00:00,2021,4,8,15,550.8645045870124,122.0,696.0,0.22147006928947868,baja_fd,632.511,508.726,486.736,27.0,42.972,2.6,0.15
2021-04-08 16:00:00,2021,4,8,16,344.26518511760634,118.0,478.0,0.342759027345996,mixto,377.252,314.476,299.369,26.0,34.086,3.6,0.15
2021-04-08 17:00:00,2021,4,8,17,116.83127925272399,74.0,146.0,0.6333920202990043,mixto,121.824,94.711,87.391,24.0,27.032,2.6,0.15
2021-04-08 18:00:00,2021,4,8,18,6.0,6.0,0.0,,,5.666,2.898,0.0,22.0,22.133,2.4,0.15
2021-04-08 19:00:00,2021,4,8,19,0.0,0.0,0.0,,,0.0,0.0,0.0,20.0,20.0,2.3,0.15
2021-04-08 20:00:00,2021,4,8,20,0.0,0.0,0.0,,,0.0,0.0,0.0,18.0,18.0,2.1,0.15
2021-04-08 21:00:00,2021,4,8,21,0.0,0.0,0.0,,,0.0,0.0,0.0,16.4,16.4,1.8,0.15
2021-04-08 22:00:00,2021,4,8,22,0.0,0.0,0.0,,,0.0,0.0,0.0,14.8,14.8,1.5,0.15
2021-04-08 23:00:00,2021,4,8,23,0.0,0.0,0.0,,,0.0,0.0,0.0,15.0,15.0,2.1,0.15
2021-04-09 00:00:00,2021,4,9,0,0.0,0.0,0.0,,,0.0,0.0,0.0,13.3,13.3,1.8,0.15
2021-04-09 01:00:00,2021,4,9,1,0.0,0.0,0.0,,,0.0,0.0,0.0,11.6,11.6,1.5,0.15
2021-04-09 02:00:00,2021,4,9,2,0.0,0.0,0.0,,,0.0,0.0,0.0,10.9,10.9,1.5,0.15
2021-04-09 03:00:00,2021,4,9,3,0.0,0.0,0.0,,,0.0,0.0,0.0,10.1,10.1,1.5,0.15
2021-04-09 04:00:00,2021,4,9,4,0.0,0.0,0.0,,,0.0,0.0,0.0,9.4,9.4,1.5,0.15
2021-04-09 05:00:00,2021,4,9,5,0.0,0.0,0.0,,,0.0,0.0,0.0,9.0,9.0,1.5,0.15
2021-04-09 06:00:00,2021,4,9,6,0.0,0.0,0.0,,,0.0,0.0,0.0,7.0,7.0,2.1,0.15
2021-04-09 07:00:00,2021,4,9,7,27.0,27.0,0.0,1.0,alta_fd,25.882,19.205,14.56,9.4,10.422,0.5,0.15
2021-04-09 08:00:00,2021,4,9,8,170.62965343107405,123.0,247.0,0.7208594609827648,alta_fd,231.88,196.675,185.742,13.0,21.203,1.0,0.15
2021-04-09 09:00:00,2021,4,9,9,356.2907775275031,145.0,547.0,0.4069709606469032,mixto,498.022,415.397,396.715,16.5,34.197,1.0,0.15
2021-04-09 10:00:00,2021,4,9,10,530.0564062779815,132.0,726.0,0.24903010026214878,baja_fd,721.613,571.886,547.658,20.0,45.589,1.0,0.15
2021-04-09 11:00:00,2021,4,9,11,666.5912529455646,133.0,799.0,0.19952257010918367,baja_fd,867.445,650.451,623.439,22.0,57.175,0.5,0.15
2021-04-09 12:00:00,2021,4,9,12,744.2185658683093,132.0,831.0,0.1773672494262359,baja_fd,936.241,710.676,681.531,24.2,53.598,1.5,0.15
2021-04-09 13:00:00,2021,4,9,13,749.2361590495582,131.0,824.0,0.17484473809456788,baja_fd,914.352,706.918,677.905,26.5,49.517,2.6,0.15
2021-04-09 14:00:00,2021,4,9,14,678.2788350291534,120.0,789.0,0.17691839078959648,baja_fd,804.356,623.322,597.272,28.0,50.283,2.1,0.15
2021-04-09 15:00:00,2021,4,9,15,539.830359367091,113.0,698.0,0.20932501857154476,baja_fd,622.14,499.148,477.497,28.0,43.713,2.6,0.15
2021-04-09 16:00:00,2021,4,9,16,338.65367473020524,117.0,473.0,0.3454856944730047,mixto,372.448,307.107,292.261,27.2,36.623,2.6,0.15
2021-04-09 17:00:00,2021,4,9,17,111.6773192794986,73.0,134.0,0.6536689855287485,mixto,114.136,87.24,80.186,27.0,30.121,2.1,0.15
2021-04-09 18:00:00,2021,4,9,18,5.0,5.0,0.0,,,4.849,2.436,0.0,24.0,24.137,1.5,0.15
2021-04-09 19:00:00,2021,4,9,19,0.0,0.0,0.0,,,0.0,0.0,0.0,19.7,19.7,1.5,0.15
2021-04-09 20:00:00,2021,4,9,20,0.0,0.0,0.0,,,0.0,0.0,0.0,18.0,18.0,1.0,0.15
2021-04-09 21:00:00,2021,4,9,21,0.0,0.0,0.0,,,0.0,0.0,0.0,16.5,16.5,0.7,0.15
2021-04-09 22:00:00,2021,4,9,22,0.0,0.0,0.0,,,0.0,0.0,0.0,15.1,15.1,0.5,0.15
2021-04-09 23:00:00,2021,4,9,23,0.0,0.0,0.0,,,0.0,0.0,0.0,14.0,14.0,0.0,0.15
2021-04-10 00:00:00,2021,4,10,0,0.0,0.0,0.0,,,0.0,0.0,0.0,12.3,12.3,0.5,0.15
2021-04-10 01:00:00,2021,4,10,1,0.0,0.0,0.0,,,0.0,0.0,0.0,10.7,10.7,1.0,0.15
2021-04-10 02:00:00,2021,4,10,2,0.0,0.0,0.0,,,0.0,0.0,0.0,10.0,10.0,0.8,0.15
2021-04-10 03:00:00,2021,4,10,3,0.0,0.0,0.0,,,0.0,0.0,0.0,8.7,8.7,0.7,0.15
2021-04-10 04:00:00,2021,4,10,4,0.0,0.0,0.0,,,0.0,0.0,0.0,7.5,7.5,0.5,0.15
2021-04-10 05:00:00,2021,4,10,5,0.0,0.0,0.0,,,0.0,0.0,0.0,8.0,8.0,0.0,0.15
2021-04-10 06:00:00,2021,4,10,6,0.0,0.0,0.0,,,0.0,0.0,0.0,6.0,6.0,0.5,0.15
2021-04-10 07:00:00,2021,4,10,7,26.0,26.0,0.0,1.0,alta_fd,24.902,18.325,13.712,8.3,9.28,0.5,0.15
2021-04-10 08:00:00,2021,4,10,8,164.19609346500474,111.0,280.0,0.6760209555391008,mixto,231.996,194.817,183.951,14.0,23.397,0.5,0.15
2021-04-10 09:00:00,2021,4,10,9,352.06359881104356,149.0,530.0,0.4232189879987279,mixto,491.588,411.047,392.518,18.0,33.502,1.5,0.15
2021-04-10 10:00:00,2021,4,10,10,526.0993275830624,130.0,727.0,0.2471016273623257,baja_fd,719.247,545.231,521.948,22.0,56.156,0.0,0.15
2021-04-10 11:00:00,2021,4,10,11,661.9118570946841,130.0,801.0,0.19640077240889184,baja_fd,864.576,640.402,613.746,25.0,60.062,0.5,0.15
2021-04-10 12:00:00,2021,4,10,12,737.3059001602129,127.0,833.0,0.17224872332149185,baja_fd,930.861,699.893,671.13,26.7,55.932,1.5,0.15
2021-04-10 13:00:00,2021,4,10,13,742.9239367626226,129.0,823.0,0.17363823349417504,baja_fd,909.298,697.773,669.085,28.5,51.391,2.6,0.15
2021-04-10 14:00:00,2021,4,10,14,674.5915965671137,122.0,786.0,0.18085016270709278,baja_fd,802.015,628.207,601.984,28.6,47.776,2.9,0.15
2021-04-10 15:00:00,2021,4,10,15,533.7918868040497,126.0,672.0,0.23604704963650655,baja_fd,616.579,496.922,475.35,28.7,42.525,3.3,0.15
2021-04-10 16:00:00,2021,4,10,16,330.6450582942073,127.0,439.0,0.38409768062220867,mixto,364.866,300.379,285.772,28.8,36.617,3.6,0.15
2021-04-10 17:00:00,2021,4,10,17,106.3810748411631,76.0,107.0,0.7144127854834623,alta_fd,109.948,84.978,78.004,25.9,28.413,3.1,0.15
2021-04-10 18:00:00,2021,4,10,18,5.0,5.0,0.0,,,4.849,2.45,0.0,23.0,23.11,2.6,0.15
2021-04-10 19:00:00,2021,4,10,19,0.0,0.0,0.0,,,0.0,0.0,0.0,21.0,21.0,2.6,0.15
2021-04-10 20:00:00,2021,4,10,20,0.0,0.0,0.0,,,0.0,0.0,0.0,17.0,17.0,0.0,0.15
2021-04-10 21:00:00,2021,4,10,21,0.0,0.0,0.0,,,0.0,0.0,0.0,15.0,15.0,1.5,0.15
2021-04-10 22:00:00,2021,4,10,22,0.0,0.0,0.0,,,0.0,0.0,0.0,12.8,12.8,0.0,0.15
2021-04-10 23:00:00,2021,4,10,23,0.0,0.0,0.0,,,0.0,0.0,0.0,13.0,13.0,0.0,0.15
2021-04-11 00:00:00,2021,4,11,0,0.0,0.0,0.0,,,0.0,0.0,0.0,10.9,10.9,0.0,0.15
2021-04-11 01:00:00,2021,4,11,1,0.0,0.0,0.0,,,0.0,0.0,0.0,8.9,8.9,0.0,0.15
2021-04-11 02:00:00,2021,4,11,2,0.0,0.0,0.0,,,0.0,0.0,0.0,8.0,8.0,0.0,0.15
2021-04-11 03:00:00,2021,4,11,3,0.0,0.0,0.0,,,0.0,0.0,0.0,7.9,7.9,0.0,0.15
2021-04-11 04:00:00,2021,4,11,4,0.0,0.0,0.0,,,0.0,0.0,0.0,7.8,7.8,0.0,0.15
2021-04-11 05:00:00,2021,4,11,5,0.0,0.0,0.0,,,0.0,0.0,0.0,7.0,7.0,0.0,0.15
2021-04-11 06:00:00,2021,4,11,6,0.0,0.0,0.0,,,0.0,0.0,0.0,7.0,7.0,0.0,0.15
2021-04-11 07:00:00,2021,4,11,7,25.0,25.0,0.0,1.0,alta_fd,23.839,17.589,13.002,8.0,9.098,0.0,0.15
2021-04-11 08:00:00,2021,4,11,8,168.17001624948716,127.0,220.0,0.7551881294438971,alta_fd,225.713,188.726,178.075,14.0,24.694,0.0,0.15
2021-04-11 09:00:00,2021,4,11,9,348.6787885722549,145.0,536.0,0.41585552305529017,mixto,490.51,403.043,384.798,18.0,37.965,0.5,0.15
2021-04-11 10:00:00,2021,4,11,10,525.9308275817178,154.0,687.0,0.29281417236579815,baja_fd,713.656,548.506,525.107,23.8,52.78,0.5,0.15
2021-04-11 11:00:00,2021,4,11,11,660.0029311076005,143.0,783.0,0.2166657044386469,baja_fd,861.358,647.917,620.995,26.0,56.498,1.0,0.15
2021-04-11 12:00:00,2021,4,11,12,734.1839428352492,128.0,832.0,0.174343229989059,baja_fd,929.301,692.109,663.621,29.0,58.185,1.5,0.15
2021-04-11 13:00:00,2021,4,11,13,738.8418201442895,127.0,825.0,0.17189064903662057,baja_fd,906.961,699.007,670.275,29.5,50.445,3.1,0.15
2021-04-11 14:00:00,2021,4,11,14,668.4259716620385,118.0,788.0,0.1765341339244995,baja_fd,797.267,623.068,597.027,30.0,48.434,3.1,0.15
2021-04-11 15:00:00,2021,4,11,15,526.6921469506763,113.0,687.0,0.21454658220028908,baja_fd,610.868,497.68,476.082,27.0,40.072,3.6,0.15
2021-04-11 16:00:00,2021,4,11,16,326.2205213195388,115.0,460.0,0.35252227399684477,mixto,361.433,300.83,286.207,25.6,33.986,3.1,0.15
2021-04-11 17:00:00,2021,4,11,17,103.51154273390775,70.0,120.0,0.6762530839671254,mixto,106.808,82.937,76.035,22.8,25.364,2.8,0.15
2021-04-11 18:00:00,2021,4,11,18,4.0,4.0,0.0,,,3.879,1.969,0.0,20.0,20.088,2.6,0.15
2021-04-11 19:00:00,2021,4,11,19,0.0,0.0,0.0,,,0.0,0.0,0.0,17.3,17.3,2.6,0.15
2021-04-11 20:00:00,2021,4,11,20,0.0,0.0,0.0,,,0.0,0.0,0.0,16.0,16.0,2.1,0.15
2021-04-11 21:00:00,2021,4,11,21,0.0,0.0,0.0,,,0.0,0.0,0.0,14.0,14.0,2.1,0.15
2021-04-11 22:00:00,2021,4,11,22,0.0,0.0,0.0,,,0.0,0.0,0.0,13.2,13.2,1.5,0.15
2021-04-11 23:00:00,2021,4,11,23,0.0,0.0,0.0,,,0.0,0.0,0.0,12.0,12.0,1.5,0.15
2021-04-12 00:00:00,2021,4,12,0,0.0,0.0,0.0,,,0.0,0.0,0.0,11.4,11.4,1.5,0.15
2021-04-12 01:00:00,2021,4,12,1,0.0,0.0,0.0,,,0.0,0.0,0.0,10.8,10.8,1.5,0.15
2021-04-12 02:00:00,2021,4,12,2,0.0,0.0,0.0,,,0.0,0.0,0.0,10.9,10.9,1.0,0.15
2021-04-12 03:00:00,2021,4,12,3,0.0,0.0,0.0,,,0.0,0.0,0.0,10.9,10.9,0.7,0.15
2021-04-12 04:00:00,2021,4,12,4,0.0,0.0,0.0,,,0.0,0.0,0.0,11.0,11.0,0.5,0.15
2021-04-12 05:00:00,2021,4,12,5,0.0,0.0,0.0,,,0.0,0.0,0.0,10.8,10.8,0.3,0.15
2021-04-12 06:00:00,2021,4,12,6,0.0,0.0,0.0,,,0.0,0.0,0.0,10.7,10.7,0.2,0.15
2021-04-12 07:00:00,2021,4,12,7,7.0,7.0,0.0,,,6.609,4.498,0.375,10.5,10.803,0.0,0.15
2021-04-12 08:00:00,2021,4,12,8,56.0,56.0,0.0,1.0,alta_fd,53.078,44.426,38.889,10.7,13.061,0.2,0.15
2021-04-12 09:00:00,2021,4,12,9,118.0,118.0,0.0,1.0,alta_fd,113.421,95.938,88.575,11.0,15.595,0.5,0.15
2021-04-12 10:00:00,2021,4,12,10,170.53791764177086,170.0,1.0,0.9968457592938317,alta_fd,165.413,138.58,129.706,12.8,18.634,1.0,0.15
2021-04-12 11:00:00,2021,4,12,11,273.87800290492896,266.0,12.0,0.9712353572708662,alta_fd,272.522,226.705,214.709,14.2,22.912,1.4,0.15
2021-04-12 12:00:00,2021,4,12,12,360.7458465573777,318.0,59.0,0.8815070305997859,alta_fd,383.129,316.438,301.261,15.5,26.957,1.7,0.15
2021-04-12 13:00:00,2021,4,12,13,410.03420290068414,354.0,76.0,0.8633426126301557,alta_fd,437.726,360.169,343.443,16.9,28.955,2.1,0.15
2021-04-12 14:00:00,2021,4,12,14,360.43661837236033,307.0,77.0,0.8517447571956855,alta_fd,381.545,316.45,301.273,17.4,27.521,2.3,0.15
2021-04-12 15:00:00,2021,4,12,15,274.49846496539794,250.0,41.0,0.910751905412345,alta_fd,286.018,239.443,226.995,18.0,25.19,2.6,0.15
2021-04-12 16:00:00,2021,4,12,16,163.0897595057826,154.0,20.0,0.9442652957897071,alta_fd,161.933,136.68,127.874,17.2,21.282,2.6,0.15
2021-04-12 17:00:00,2021,4,12,17,66.37310826513867,65.0,5.0,0.9793122802136438,alta_fd,65.138,52.696,46.865,17.0,19.3,1.0,0.15
2021-04-12 18:00:00,2021,4,12,18,3.0,3.0,0.0,,,2.91,1.487,0.0,16.0,16.092,1.0,0.15
2021-04-12 19:00:00,2021,4,12,19,0.0,0.0,0.0,,,0.0,0.0,0.0,14.5,14.5,1.0,0.15
2021-04-12 20:00:00,2021,4,12,20,0.0,0.0,0.0,,,0.0,0.0,0.0,12.0,12.0,0.0,0.15
2021-04-12 21:00:00,2021,4,12,21,0.0,0.0,0.0,,,0.0,0.0,0.0,13.0,13.0,1.0,0.15
2021-04-12 22:00:00,2021,4,12,22,0.0,0.0,0.0,,,0.0,0.0,0.0,12.5,12.5,1.0,0.15
2021-04-12 23:00:00,2021,4,12,23,0.0,0.0,0.0,,,0.0,0.0,0.0,10.0,10.0,1.0,0.15
2021-04-13 00:00:00,2021,4,13,0,0.0,0.0,0.0,,,0.0,0.0,0.0,9.0,9.0,1.0,0.15
2021-04-13 01:00:00,2021,4,13,1,0.0,0.0,0.0,,,0.0,0.0,0.0,8.5,8.5,1.0,0.15
2021-04-13 02:00:00,2021,4,13,2,0.0,0.0,0.0,,,0.0,0.0,0.0,8.0,8.0,1.0,0.15
2021-04-13 03:00:00,2021,4,13,3,0.0,0.0,0.0,,,0.0,0.0,0.0,7.7,7.7,0.7,0.15
2021-04-13 04:00:00,2021,4,13,4,0.0,0.0,0.0,,,0.0,0.0,0.0,7.5,7.5,0.5,0.15
2021-04-13 05:00:00,2021,4,13,5,0.0,0.0,0.0,,,0.0,0.0,0.0,6.7,6.7,0.2,0.15
2021-04-13 06:00:00,2021,4,13,6,0.0,0.0,0.0,,,0.0,0.0,0.0,6.0,6.0,0.0,0.15
2021-04-13 07:00:00,2021,4,13,7,22.0,22.0,0.0,1.0,alta_fd,20.833,14.907,10.415,7.2,8.151,0.0,0.15
2021-04-13 08:00:00,2021,4,13,8,162.82604389439356,124.0,214.0,0.761548933046758,alta_fd,220.276,189.043,178.381,10.0,17.793,1.0,0.15
2021-04-13 09:00:00,2021,4,13,9,340.5843643405359,150.0,510.0,0.44041951335740515,mixto,479.324,403.149,384.901,15.0,32.034,1.0,0.15
2021-04-13 10:00:00,2021,4,13,10,512.1266946345293,130.0,715.0,0.2538434363254045,baja_fd,707.113,555.991,532.327,19.0,47.725,0.5,0.15
2021-04-13 11:00:00,2021,4,13,11,647.2500377943473,129.0,794.0,0.1993047392312205,baja_fd,853.069,663.637,636.158,22.0,48.811,1.5,0.15
2021-04-13 12:00:00,2021,4,13,12,718.7016008191127,133.0,813.0,0.1850559395560248,baja_fd,913.701,694.118,665.559,25.0,53.697,1.5,0.15
2021-04-13 13:00:00,2021,4,13,13,717.0366207854847,138.0,790.0,0.1924587894113784,baja_fd,883.296,668.436,640.787,27.1,54.848,1.5,0.15
2021-04-13 14:00:00,2021,4,13,14,627.1808808875612,168.0,666.0,0.2678653082700052,baja_fd,750.614,589.458,564.608,28.0,46.913,2.6,0.15
2021-04-13 15:00:00,2021,4,13,15,472.88773161483806,180.0,494.0,0.38064002926303037,mixto,543.698,441.847,422.227,27.0,39.586,3.1,0.15
2021-04-13 16:00:00,2021,4,13,16,265.85415985474066,148.0,262.0,0.5566961979487751,mixto,290.973,241.224,228.713,25.7,32.443,3.1,0.15
2021-04-13 17:00:00,2021,4,13,17,84.74085964420341,68.0,62.0,0.8024464264996567,alta_fd,88.972,69.165,62.751,23.3,26.07,1.5,0.15
2021-04-13 18:00:00,2021,4,13,18,3.0,3.0,0.0,,,2.91,1.445,0.0,21.0,21.082,1.5,0.15
2021-04-13 19:00:00,2021,4,13,19,0.0,0.0,0.0,,,0.0,0.0,0.0,17.3,17.3,2.1,0.15
2021-04-13 20:00:00,2021,4,13,20,0.0,0.0,0.0,,,0.0,0.0,0.0,17.0,17.0,1.5,0.15
2021-04-13 21:00:00,2021,4,13,21,0.0,0.0,0.0,,,0.0,0.0,0.0,15.0,15.0,2.1,0.15
2021-04-13 22:00:00,2021,4,13,22,0.0,0.0,0.0,,,0.0,0.0,0.0,13.9,13.9,1.0,0.15
2021-04-13 23:00:00,2021,4,13,23,0.0,0.0,0.0,,,0.0,0.0,0.0,11.0,11.0,0.5,0.15
2021-04-14 00:00:00,2021,4,14,0,0.0,0.0,0.0,,,0.0,0.0,0.0,10.0,10.0,0.0,0.15
2021-04-14 01:00:00,2021,4,14,1,0.0,0.0,0.0,,,0.0,0.0,0.0,8.3,8.3,0.0,0.15
2021-04-14 02:00:00,2021,4,14,2,0.0,0.0,0.0,,,0.0,0.0,0.0,7.6,7.6,0.0,0.15
2021-04-14 03:00:00,2021,4,14,3,0.0,0.0,0.0,,,0.0,0.0,0.0,7.0,7.0,0.0,0.15
2021-04-14 04:00:00,2021,4,14,4,0.0,0.0,0.0,,,0.0,0.0,0.0,6.4,6.4,0.5,0.15
2021-04-14 05:00:00,2021,4,14,5,0.0,0.0,0.0,,,0.0,0.0,0.0,5.7,5.7,0.5,0.15
2021-04-14 06:00:00,2021,4,14,6,0.0,0.0,0.0,,,0.0,0.0,0.0,5.0,5.0,0.5,0.15
2021-04-14 07:00:00,2021,4,14,7,22.0,22.0,0.0,1.0,alta_fd,20.833,15.066,10.568,6.1,6.915,0.5,0.15
2021-04-14 08:00:00,2021,4,14,8,160.214939258355,122.0,214.0,0.761477054291851,alta_fd,218.179,186.458,175.887,11.0,18.718,1.0,0.15
2021-04-14 09:00:00,2021,4,14,9,339.0129082328984,143.0,529.0,0.4218128470251654,mixto,482.78,403.605,385.34,15.2,33.774,0.7,0.15
2021-04-14 10:00:00,2021,4,14,10,513.5845239745897,152.0,681.0,0.29595907373470703,baja_fd,704.104,552.397,528.86,19.5,48.098,0.5,0.15
2021-04-14 11:00:00,2021,4,14,11,644.851289574833,140.0,778.0,0.21710431887684614,baja_fd,849.515,644.385,617.588,22.2,54.765,0.7,0.15
2021-04-14 12:00:00,2021,4,14,12,715.675262944368,129.0,819.0,0.18024934866307882,baja_fd,913.061,683.19,655.018,25.0,57.319,1.0,0.15
2021-04-14 13:00:00,2021,4,14,13,705.8258759772717,163.0,745.0,0.23093514356400383,baja_fd,872.523,673.47,645.643,25.9,50.042,2.1,0.15
2021-04-14 14:00:00,2021,4,14,14,620.7509743673095,168.0,661.0,0.2706399295969391,baja_fd,744.802,590.257,565.378,26.0,44.768,2.6,0.15
2021-04-14 15:00:00,2021,4,14,15,462.84192652025285,184.0,474.0,0.39754393337559624,mixto,533.14,433.366,414.047,26.0,39.455,2.6,0.15
2021-04-14 16:00:00,2021,4,14,16,258.74231836564104,147.0,251.0,0.5681328084579784,mixto,284.015,236.705,224.354,24.3,30.881,3.1,0.15
2021-04-14 17:00:00,2021,4,14,17,87.68607554681043,63.0,93.0,0.718472113241834,alta_fd,91.685,71.293,64.803,21.0,23.09,3.1,0.15
2021-04-14 18:00:00,2021,4,14,18,3.0,3.0,0.0,,,2.91,1.471,0.0,18.0,18.056,3.6,0.15
2021-04-14 19:00:00,2021,4,14,19,0.0,0.0,0.0,,,0.0,0.0,0.0,15.8,15.8,2.1,0.15
2021-04-14 20:00:00,2021,4,14,20,0.0,0.0,0.0,,,0.0,0.0,0.0,15.0,15.0,1.5,0.15
2021-04-14 21:00:00,2021,4,14,21,0.0,0.0,0.0,,,0.0,0.0,0.0,14.0,14.0,1.5,0.15
2021-04-14 22:00:00,2021,4,14,22,0.0,0.0,0.0,,,0.0,0.0,0.0,12.8,12.8,0.5,0.15
2021-04-14 23:00:00,2021,4,14,23,0.0,0.0,0.0,,,0.0,0.0,0.0,11.8,11.8,0.3,0.15
2021-04-15 00:00:00,2021,4,15,0,0.0,0.0,0.0,,,0.0,0.0,0.0,10.8,10.8,0.2,0.15
2021-04-15 01:00:00,2021,4,15,1,0.0,0.0,0.0,,,0.0,0.0,0.0,9.8,9.8,0.0,0.15
2021-04-15 02:00:00,2021,4,15,2,0.0,0.0,0.0,,,0.0,0.0,0.0,9.0,9.0,0.5,0.15
2021-04-15 03:00:00,2021,4,15,3,0.0,0.0,0.0,,,0.0,0.0,0.0,9.0,9.0,0.0,0.15
2021-04-15 04:00:00,2021,4,15,4,0.0,0.0,0.0,,,0.0,0.0,0.0,10.1,10.1,1.0,0.15
2021-04-15 05:00:00,2021,4,15,5,0.0,0.0,0.0,,,0.0,0.0,0.0,10.0,10.0,0.5,0.15
2021-04-15 06:00:00,2021,4,15,6,0.0,0.0,0.0,,,0.0,0.0,0.0,9.7,9.7,0.2,0.15
2021-04-15 07:00:00,2021,4,15,7,6.0,6.0,0.0,,,5.664,3.736,0.0,9.5,9.757,0.0,0.15
2021-04-15 08:00:00,2021,4,15,8,87.0,87.0,0.0,1.0,alta_fd,84.378,71.629,65.127,10.7,14.126,0.5,0.15
2021-04-15 09:00:00,2021,4,15,9,234.00228527854634,198.0,98.0,0.846145582571167,alta_fd,262.221,224.532,212.613,12.0,21.292,1.0,0.15
2021-04-15 10:00:00,2021,4,15,10,399.4837412907714,275.0,236.0,0.6883884663527178,mixto,474.024,389.819,372.043,14.1,33.305,0.5,0.15
2021-04-15 11:00:00,2021,4,15,11,595.2591350508669,234.0,560.0,0.39310610492353704,mixto,759.767,598.396,573.229,16.7,45.016,0.8,0.15
2021-04-15 12:00:00,2021,4,15,12,700.4397786975749,157.0,763.0,0.2241448940720242,baja_fd,894.94,692.329,663.834,19.2,49.341,1.2,0.15
2021-04-15 13:00:00,2021,4,15,13,711.129169677445,123.0,812.0,0.17296435759454293,baja_fd,882.8,683.957,655.758,21.8,49.54,1.5,0.15
2021-04-15 14:00:00,2021,4,15,14,640.9445961289839,117.0,770.0,0.1825430789285489,baja_fd,773.192,616.802,590.982,21.9,43.764,2.0,0.15
2021-04-15 15:00:00,2021,4,15,15,501.89672224819236,112.0,668.0,0.2231534796607319,baja_fd,589.62,487.213,465.986,21.9,36.799,2.6,0.15
2021-04-15 16:00:00,2021,4,15,16,297.6235693878441,128.0,385.0,0.4300734658322659,mixto,334.202,281.666,267.722,22.0,29.749,3.1,0.15
2021-04-15 17:00:00,2021,4,15,17,85.48165134183085,62.0,90.0,0.7253018516461439,alta_fd,89.822,69.98,63.537,20.0,22.047,3.1,0.15
2021-04-15 18:00:00,2021,4,15,18,3.0,3.0,0.0,,,2.91,1.462,0.0,19.0,19.072,2.1,0.15
2021-04-15 19:00:00,2021,4,15,19,0.0,0.0,0.0,,,0.0,0.0,0.0,17.1,17.1,1.5,0.15
2021-04-15 20:00:00,2021,4,15,20,0.0,0.0,0.0,,,0.0,0.0,0.0,16.0,16.0,1.5,0.15
2021-04-15 21:00:00,2021,4,15,21,0.0,0.0,0.0,,,0.0,0.0,0.0,15.0,15.0,1.5,0.15
2021-04-15 22:00:00,2021,4,15,22,0.0,0.0,0.0,,,0.0,0.0,0.0,14.9,14.9,1.0,0.15
2021-04-15 23:00:00,2021,4,15,23,0.0,0.0,0.0,,,0.0,0.0,0.0,14.0,14.0,0.5,0.15
2021-04-16 00:00:00,2021,4,16,0,0.0,0.0,0.0,,,0.0,0.0,0.0,15.0,15.0,0.5,0.15
2021-04-16 01:00:00,2021,4,16,1,0.0,0.0,0.0,,,0.0,0.0,0.0,12.7,12.7,0.5,0.15
2021-04-16 02:00:00,2021,4,16,2,0.0,0.0,0.0,,,0.0,0.0,0.0,13.0,13.0,0.5,0.15
2021-04-16 03:00:00,2021,4,16,3,0.0,0.0,0.0,,,0.0,0.0,0.0,13.0,13.0,0.5,0.15
2021-04-16 04:00:00,2021,4,16,4,0.0,0.0,0.0,,,0.0,0.0,0.0,12.8,12.8,1.0,0.15
2021-04-16 05:00:00,2021,4,16,5,0.0,0.0,0.0,,,0.0,0.0,0.0,13.0,13.0,1.0,0.15
2021-04-16 06:00:00,2021,4,16,6,0.0,0.0,0.0,,,0.0,0.0,0.0,13.0,13.0,1.5,0.15
2021-04-16 07:00:00,2021,4,16,7,6.0,6.0,0.0,,,5.664,3.579,0.0,13.6,13.769,1.5,0.15
2021-04-16 08:00:00,2021,4,16,8,70.0,70.0,0.0,1.0,alta_fd,67.049,55.866,49.923,14.0,16.377,1.0,0.15
2021-04-16 09:00:00,2021,4,16,9,182.28404317492786,175.0,20.0,0.960040149164687,alta_fd,184.251,154.938,145.485,15.0,22.059,0.7,0.15
2021-04-16 10:00:00,2021,4,16,10,306.870541174851,266.0,78.0,0.8668150386205906,alta_fd,334.388,275.569,261.841,16.1,29.628,0.5,0.15
2021-04-16 11:00:00,2021,4,16,11,375.3039144635895,324.0,80.0,0.8633003481007743,alta_fd,406.885,329.469,313.831,17.0,33.43,0.5,0.15
2021-04-16 12:00:00,2021,4,16,12,407.7765350197965,349.0,83.0,0.855860918978717,alta_fd,440.462,356.16,339.576,18.0,33.519,1.0,0.15
2021-04-16 13:00:00,2021,4,16,13,397.317964848357,339.0,81.0,0.8532209212573234,alta_fd,426.27,345.764,329.549,19.5,32.831,1.5,0.15
2021-04-16 14:00:00,2021,4,16,14,299.50184265246526,263.0,54.0,0.878124814427866,alta_fd,314.637,265.374,252.008,16.0,22.214,4.1,0.15
2021-04-16 15:00:00,2021,4,16,15,183.05372322739888,179.0,7.0,0.9778550080493958,alta_fd,179.833,152.121,142.768,15.0,18.829,3.6,0.15
2021-04-16 16:00:00,2021,4,16,16,79.0,79.0,0.0,1.0,alta_fd,75.345,62.832,56.642,15.1,16.999,2.6,0.15
2021-04-16 17:00:00,2021,4,16,17,22.0,22.0,0.0,1.0,alta_fd,20.807,16.441,11.895,12.0,12.442,3.6,0.15
2021-04-16 18:00:00,2021,4,16,18,1.0,1.0,0.0,,,0.97,0.0,0.0,12.0,12.022,2.6,0.15
2021-04-16 19:00:00,2021,4,16,19,0.0,0.0,0.0,,,0.0,0.0,0.0,10.5,10.5,1.0,0.15
2021-04-16 20:00:00,2021,4,16,20,0.0,0.0,0.0,,,0.0,0.0,0.0,9.0,9.0,1.0,0.15
2021-04-16 21:00:00,2021,4,16,21,0.0,0.0,0.0,,,0.0,0.0,0.0,9.0,9.0,0.0,0.15
2021-04-16 22:00:00,2021,4,16,22,0.0,0.0,0.0,,,0.0,0.0,0.0,6.8,6.8,0.0,0.15
2021-04-16 23:00:00,2021,4,16,23,0.0,0.0,0.0,,,0.0,0.0,0.0,7.0,7.0,1.0,0.15
2021-04-17 00:00:00,2021,4,17,0,0.0,0.0,0.0,,,0.0,0.0,0.0,6.0,6.0,0.0,0.15
2021-04-17 01:00:00,2021,4,17,1,0.0,0.0,0.0,,,0.0,0.0,0.0,5.4,5.4,1.0,0.15
2021-04-17 02:00:00,2021,4,17,2,0.0,0.0,0.0,,,0.0,0.0,0.0,7.0,7.0,1.0,0.15
2021-04-17 03:00:00,2021,4,17,3,0.0,0.0,0.0,,,0.0,0.0,0.0,7.0,7.0,0.0,0.15
2021-04-17 04:00:00,2021,4,17,4,0.0,0.0,0.0,,,0.0,0.0,0.0,7.3,7.3,0.0,0.15
2021-04-17 05:00:00,2021,4,17,5,0.0,0.0,0.0,,,0.0,0.0,0.0,7.1,7.1,1.0,0.15
2021-04-17 06:00:00,2021,4,17,6,0.0,0.0,0.0,,,0.0,0.0,0.0,7.0,7.0,0.5,0.15
2021-04-17 07:00:00,2021,4,17,7,6.0,6.0,0.0,,,5.664,3.695,0.0,8.7,8.919,0.5,0.15
2021-04-17 08:00:00,2021,4,17,8,52.0,52.0,0.0,1.0,alta_fd,49.277,41.289,35.862,10.0,12.001,0.5,0.15
2021-04-17 09:00:00,2021,4,17,9,112.0,112.0,0.0,1.0,alta_fd,107.635,91.067,83.877,11.0,15.362,0.5,0.15
2021-04-17 10:00:00,2021,4,17,10,164.0,164.0,0.0,1.0,alta_fd,158.912,132.486,123.828,13.4,19.821,0.5,0.15
2021-04-17 11:00:00,2021,4,17,11,372.3617696862468,322.0,79.0,0.8647504287868172,alta_fd,403.987,331.332,315.628,16.0,30.245,1.0,0.15
2021-04-17 12:00:00,2021,4,17,12,531.6890496098703,343.0,268.0,0.6451139068063901,mixto,626.746,492.437,471.024,18.0,43.333,0.5,0.15
2021-04-17 13:00:00,2021,4,17,13,609.4980605536313,276.0,466.0,0.45283162960239487,mixto,735.295,580.618,556.081,20.6,43.665,1.5,0.15
2021-04-17 14:00:00,2021,4,17,14,494.2337154481636,276.0,325.0,0.5584402507824207,mixto,569.72,461.156,440.852,22.0,37.754,2.1,0.15
2021-04-17 15:00:00,2021,4,17,15,326.2048502969843,236.0,157.0,0.7234717686911775,alta_fd,357.507,292.434,278.108,23.0,34.235,1.5,0.15
2021-04-17 16:00:00,2021,4,17,16,149.21796591092925,138.0,26.0,0.9248216135205499,alta_fd,153.429,126.974,118.512,21.7,25.953,2.1,0.15
2021-04-17 17:00:00,2021,4,17,17,45.0,45.0,0.0,1.0,alta_fd,43.385,34.012,28.844,20.0,21.196,2.1,0.15
2021-04-17 18:00:00,2021,4,17,18,1.0,1.0,0.0,,,0.97,0.0,0.0,18.0,18.027,1.5,0.15
2021-04-17 19:00:00,2021,4,17,19,0.0,0.0,0.0,,,0.0,0.0,0.0,16.6,16.6,1.0,0.15
2021-04-17 20:00:00,2021,4,17,20,0.0,0.0,0.0,,,0.0,0.0,0.0,16.0,16.0,1.5,0.15
2021-04-17 21:00:00,2021,4,17,21,0.0,0.0,0.0,,,0.0,0.0,0.0,16.0,16.0,1.5,0.15
2021-04-17 22:00:00,2021,4,17,22,0.0,0.0,0.0,,,0.0,0.0,0.0,14.4,14.4,1.0,0.15
2021-04-17 23:00:00,2021,4,17,23,0.0,0.0,0.0,,,0.0,0.0,0.0,12.9,12.9,0.0,0.15
2021-04-18 00:00:00,2021,4,18,0,0.0,0.0,0.0,,,0.0,0.0,0.0,11.3,11.3,0.0,0.15
2021-04-18 01:00:00,2021,4,18,1,0.0,0.0,0.0,,,0.0,0.0,0.0,9.8,9.8,0.0,0.15
2021-04-18 02:00:00,2021,4,18,2,0.0,0.0,0.0,,,0.0,0.0,0.0,9.4,9.4,0.2,0.15
2021-04-18 03:00:00,2021,4,18,3,0.0,0.0,0.0,,,0.0,0.0,0.0,9.0,9.0,0.5,0.15
2021-04-18 04:00:00,2021,4,18,4,0.0,0.0,0.0,,,0.0,0.0,0.0,8.6,8.6,1.0,0.15
2021-04-18 05:00:00,2021,4,18,5,0.0,0.0,0.0,,,0.0,0.0,0.0,8.0,8.0,0.5,0.15
2021-04-18 06:00:00,2021,4,18,6,0.0,0.0,0.0,,,0.0,0.0,0.0,8.0,8.0,1.0,0.15
2021-04-18 07:00:00,2021,4,18,7,11.0,11.0,0.0,1.0,alta_fd,10.395,6.788,2.584,9.0,9.348,1.0,0.15
2021-04-18 08:00:00,2021,4,18,8,120.03764739653683,107.0,78.0,0.8913870133303448,alta_fd,140.031,118.861,110.686,12.5,17.457,1.0,0.15
2021-04-18 09:00:00,2021,4,18,9,296.9162968278114,196.0,282.0,0.6601187004351766,mixto,383.929,323.323,307.903,16.0,29.629,1.0,0.15
2021-04-18 10:00:00,2021,4,18,10,472.7587987569603,191.0,545.0,0.40401151814033365,mixto,634.876,516.01,493.762,19.1,39.073,1.5,0.15
2021-04-18 11:00:00,2021,4,18,11,553.435081005939,248.0,482.0,0.4481103719504523,mixto,704.424,568.841,544.721,20.0,38.737,2.3,0.15
2021-04-18 12:00:00,2021,4,18,12,529.4948552175915,344.0,265.0,0.6496758119748606,mixto,624.834,506.999,485.071,21.0,35.387,3.1,0.15
2021-04-18 13:00:00,2021,4,18,13,392.31084002937865,329.0,89.0,0.8386207222195605,alta_fd,422.562,345.409,329.206,21.4,31.118,3.1,0.15
2021-04-18 14:00:00,2021,4,18,14,293.67255548915074,283.0,16.0,0.9636583150530557,alta_fd,295.067,241.276,228.764,21.0,29.134,2.1,0.15
2021-04-18 15:00:00,2021,4,18,15,178.99020747903148,175.0,7.0,0.9777071185332922,alta_fd,175.941,144.077,135.008,22.0,26.862,2.1,0.15
2021-04-18 16:00:00,2021,4,18,16,76.0,76.0,0.0,1.0,alta_fd,72.433,58.709,52.665,21.1,23.378,1.5,0.15
2021-04-18 17:00:00,2021,4,18,17,33.0,33.0,0.0,1.0,alta_fd,31.253,24.221,19.399,19.0,19.977,1.5,0.15
2021-04-18 18:00:00,2021,4,18,18,1.0,1.0,0.0,,,0.97,0.0,0.0,17.0,17.024,2.1,0.15
2021-04-18 19:00:00,2021,4,18,19,0.0,0.0,0.0,,,0.0,0.0,0.0,15.3,15.3,2.1,0.15
2021-04-18 20:00:00,2021,4,18,20,0.0,0.0,0.0,,,0.0,0.0,0.0,14.0,14.0,2.1,0.15
2021-04-18 21:00:00,2021,4,18,21,0.0,0.0,0.0,,,0.0,0.0,0.0,13.0,13.0,1.5,0.15
2021-04-18 22:00:00,2021,4,18,22,0.0,0.0,0.0,,,0.0,0.0,0.0,12.0,12.0,2.1,0.15
2021-04-18 23:00:00,2021,4,18,23,0.0,0.0,0.0,,,0.0,0.0,0.0,11.0,11.0,1.5,0.15
2021-04-19 00:00:00,2021,4,19,0,0.0,0.0,0.0,,,0.0,0.0,0.0,11.0,11.0,1.5,0.15
2021-04-19 01:00:00,2021,4,19,1,0.0,0.0,0.0,,,0.0,0.0,0.0,10.0,10.0,1.0,0.15
2021-04-19 02:00:00,2021,4,19,2,0.0,0.0,0.0,,,0.0,0.0,0.0,10.0,10.0,1.0,0.15
2021-04-19 03:00:00,2021,4,19,3,0.0,0.0,0.0,,,0.0,0.0,0.0,10.0,10.0,1.5,0.15
2021-04-19 04:00:00,2021,4,19,4,0.0,0.0,0.0,,,0.0,0.0,0.0,9.9,9.9,1.0,0.15
2021-04-19 05:00:00,2021,4,19,5,0.0,0.0,0.0,,,0.0,0.0,0.0,9.0,9.0,1.0,0.15
2021-04-19 06:00:00,2021,4,19,6,0.0,0.0,0.0,,,0.0,0.0,0.0,8.0,8.0,1.0,0.15
2021-04-19 07:00:00,2021,4,19,7,11.0,11.0,0.0,1.0,alta_fd,10.395,6.851,2.645,8.7,9.049,1.0,0.15
2021-04-19 08:00:00,2021,4,19,8,82.0,82.0,0.0,1.0,alta_fd,79.574,67.901,61.532,10.0,12.205,2.1,0.15
2021-04-19 09:00:00,2021,4,19,9,145.35468636723405,145.0,1.0,0.997559855990209,alta_fd,142.004,120.853,112.607,13.0,16.574,2.6,0.15
2021-04-19 10:00:00,2021,4,19,10,161.0,161.0,0.0,1.0,alta_fd,156.007,131.831,123.196,12.5,16.415,2.6,0.15
2021-04-19 11:00:00,2021,4,19,11,196.25975313756743,195.0,2.0,0.9935811947308197,alta_fd,191.498,160.05,150.416,14.0,19.273,2.1,0.15
2021-04-19 12:00:00,2021,4,19,12,211.69590388125008,211.0,1.0,0.9967127191953584,alta_fd,206.676,172.526,162.449,13.8,19.487,2.1,0.15
2021-04-19 13:00:00,2021,4,19,13,204.70706706719318,204.0,1.0,0.9965459567306434,alta_fd,199.652,166.861,156.985,13.7,19.195,2.1,0.15
2021-04-19 14:00:00,2021,4,19,14,177.6626014121624,177.0,1.0,0.9962704508045269,alta_fd,172.685,144.253,135.178,14.0,19.403,1.5,0.15
2021-04-19 15:00:00,2021,4,19,15,132.0,132.0,0.0,1.0,alta_fd,127.362,106.832,99.083,14.0,17.995,1.5,0.15
2021-04-19 16:00:00,2021,4,19,16,75.0,75.0,0.0,1.0,alta_fd,71.474,59.673,53.595,14.1,16.348,1.5,0.15
2021-04-19 17:00:00,2021,4,19,17,19.0,19.0,0.0,1.0,alta_fd,17.964,13.878,9.423,14.0,14.633,1.0,0.15
2021-04-19 18:00:00,2021,4,19,18,0.0,0.0,0.0,,,0.0,0.0,0.0,13.0,0.0,1.0,0.15
2021-04-19 19:00:00,2021,4,19,19,0.0,0.0,0.0,,,0.0,0.0,0.0,11.6,11.6,0.0,0.15
2021-04-19 20:00:00,2021,4,19,20,0.0,0.0,0.0,,,0.0,0.0,0.0,11.0,11.0,0.5,0.15
2021-04-19 21:00:00,2021,4,19,21,0.0,0.0,0.0,,,0.0,0.0,0.0,11.0,11.0,1.0,0.15
2021-04-19 22:00:00,2021,4,19,22,0.0,0.0,0.0,,,0.0,0.0,0.0,10.2,10.2,0.5,0.15
2021-04-19 23:00:00,2021,4,19,23,0.0,0.0,0.0,,,0.0,0.0,0.0,9.0,9.0,1.0,0.15
2021-04-20 00:00:00,2021,4,20,0,0.0,0.0,0.0,,,0.0,0.0,0.0,9.4,9.4,0.7,0.15
2021-04-20 01:00:00,2021,4,20,1,0.0,0.0,0.0,,,0.0,0.0,0.0,9.8,9.8,0.5,0.15
2021-04-20 02:00:00,2021,4,20,2,0.0,0.0,0.0,,,0.0,0.0,0.0,10.0,10.0,1.0,0.15
2021-04-20 03:00:00,2021,4,20,3,0.0,0.0,0.0,,,0.0,0.0,0.0,9.0,9.0,0.5,0.15
2021-04-20 04:00:00,2021,4,20,4,0.0,0.0,0.0,,,0.0,0.0,0.0,8.6,8.6,0.0,0.15
2021-04-20 05:00:00,2021,4,20,5,0.0,0.0,0.0,,,0.0,0.0,0.0,8.0,8.0,0.0,0.15
2021-04-20 06:00:00,2021,4,20,6,0.0,0.0,0.0,,,0.0,0.0,0.0,8.0,8.0,0.0,0.15
2021-04-20 07:00:00,2021,4,20,7,10.0,10.0,0.0,,,9.448,6.035,1.858,8.1,8.46,0.5,0.15
2021-04-20 08:00:00,2021,4,20,8,80.0,80.0,0.0,1.0,alta_fd,77.588,66.004,59.701,9.0,12.683,0.0,0.15
2021-04-20 09:00:00,2021,4,20,9,144.70302792854554,144.0,2.0,0.9951415810808555,alta_fd,141.672,120.523,112.289,11.0,16.743,0.5,0.15
2021-04-20 10:00:00,2021,4,20,10,160.0,160.0,0.0,1.0,alta_fd,155.06,129.581,121.026,11.9,19.227,0.0,0.15
2021-04-20 11:00:00,2021,4,20,11,194.25214785371517,193.0,2.0,0.993554007677392,alta_fd,189.535,157.54,147.994,13.0,20.646,0.5,0.15
2021-04-20 12:00:00,2021,4,20,12,209.0755063864462,207.0,3.0,0.9900729338298963,alta_fd,204.494,168.882,158.934,14.0,22.244,0.5,0.15
2021-04-20 13:00:00,2021,4,20,13,203.10837352206113,201.0,3.0,0.9896194652859444,alta_fd,198.452,163.162,153.417,15.4,23.403,0.5,0.15
2021-04-20 14:00:00,2021,4,20,14,206.63276284369687,204.0,4.0,0.987258734735651,alta_fd,202.824,167.919,158.005,16.0,23.152,1.0,0.15
2021-04-20 15:00:00,2021,4,20,15,174.24428601665005,172.0,4.0,0.9871198874410402,alta_fd,171.086,142.288,133.283,16.0,22.927,0.5,0.15
2021-04-20 16:00:00,2021,4,20,16,109.0,109.0,0.0,1.0,alta_fd,106.212,88.47,81.371,17.0,20.765,1.0,0.15
2021-04-20 17:00:00,2021,4,20,17,30.0,30.0,0.0,1.0,alta_fd,28.406,22.144,17.395,15.9,16.808,1.4,0.15
2021-04-20 18:00:00,2021,4,20,18,1.0,1.0,0.0,,,0.97,0.0,0.0,14.8,14.826,1.7,0.15
2021-04-20 19:00:00,2021,4,20,19,0.0,0.0,0.0,,,0.0,0.0,0.0,13.7,13.7,2.1,0.15
2021-04-20 20:00:00,2021,4,20,20,0.0,0.0,0.0,,,0.0,0.0,0.0,13.0,13.0,0.5,0.15
2021-04-20 21:00:00,2021,4,20,21,0.0,0.0,0.0,,,0.0,0.0,0.0,11.6,11.6,0.7,0.15
2021-04-20 22:00:00,2021,4,20,22,0.0,0.0,0.0,,,0.0,0.0,0.0,10.3,10.3,1.0,0.15
2021-04-20 23:00:00,2021,4,20,23,0.0,0.0,0.0,,,0.0,0.0,0.0,10.0,10.0,1.5,0.15
2021-04-21 00:00:00,2021,4,21,0,0.0,0.0,0.0,,,0.0,0.0,0.0,9.0,9.0,0.7,0.15
2021-04-21 01:00:00,2021,4,21,1,0.0,0.0,0.0,,,0.0,0.0,0.0,8.0,8.0,0.0,0.15
2021-04-21 02:00:00,2021,4,21,2,0.0,0.0,0.0,,,0.0,0.0,0.0,6.0,6.0,0.0,0.15
2021-04-21 03:00:00,2021,4,21,3,0.0,0.0,0.0,,,0.0,0.0,0.0,4.0,4.0,0.0,0.15
2021-04-21 04:00:00,2021,4,21,4,0.0,0.0,0.0,,,0.0,0.0,0.0,4.2,4.2,0.5,0.15
2021-04-21 05:00:00,2021,4,21,5,0.0,0.0,0.0,,,0.0,0.0,0.0,4.0,4.0,0.0,0.15
2021-04-21 06:00:00,2021,4,21,6,0.0,0.0,0.0,,,0.0,0.0,0.0,3.0,3.0,0.0,0.15
2021-04-21 07:00:00,2021,4,21,7,17.0,17.0,0.0,1.0,alta_fd,16.087,10.318,5.989,4.3,5.008,0.0,0.15
2021-04-21 08:00:00,2021,4,21,8,131.23001391217338,103.0,178.0,0.7848814225451007,alta_fd,183.544,158.155,148.587,6.0,14.69,0.0,0.15
2021-04-21 09:00:00,2021,4,21,9,273.1613919281732,223.0,144.0,0.8163671975234225,alta_fd,325.615,279.864,265.984,9.2,22.424,0.5,0.15
2021-04-21 10:00:00,2021,4,21,10,293.50693616465065,254.0,78.0,0.8653969249214329,alta_fd,321.958,269.818,256.294,12.5,25.531,0.5,0.15
2021-04-21 11:00:00,2021,4,21,11,310.84748379002156,276.0,56.0,0.887895236065153,alta_fd,333.558,271.919,258.321,15.0,30.751,0.0,0.15
2021-04-21 12:00:00,2021,4,21,12,277.5022182582453,272.0,8.0,0.9801723449535639,alta_fd,276.343,224.327,212.414,16.0,29.028,0.0,0.15
2021-04-21 13:00:00,2021,4,21,13,202.49266114147835,199.0,5.0,0.9827516655577059,alta_fd,198.258,160.759,151.099,17.6,26.95,0.0,0.15
2021-04-21 14:00:00,2021,4,21,14,174.0,174.0,0.0,1.0,alta_fd,168.983,138.073,129.217,18.0,24.824,0.5,0.15
2021-04-21 15:00:00,2021,4,21,15,130.0,130.0,0.0,1.0,alta_fd,125.471,102.295,94.706,19.0,24.939,0.0,0.15
2021-04-21 16:00:00,2021,4,21,16,72.0,72.0,0.0,1.0,alta_fd,68.555,56.071,50.121,18.7,20.857,1.5,0.15
2021-04-21 17:00:00,2021,4,21,17,23.0,23.0,0.0,1.0,alta_fd,21.759,16.64,12.087,17.0,17.765,1.0,0.15
2021-04-21 18:00:00,2021,4,21,18,0.0,0.0,0.0,,,0.0,0.0,0.0,16.0,0.0,2.1,0.15
2021-04-21 19:00:00,2021,4,21,19,0.0,0.0,0.0,,,0.0,0.0,0.0,15.8,15.8,1.0,0.15
2021-04-21 20:00:00,2021,4,21,20,0.0,0.0,0.0,,,0.0,0.0,0.0,15.0,15.0,2.6,0.15
2021-04-21 21:00:00,2021,4,21,21,0.0,0.0,0.0,,,0.0,0.0,0.0,13.0,13.0,2.1,0.15
2021-04-21 22:00:00,2021,4,21,22,0.0,0.0,0.0,,,0.0,0.0,0.0,11.4,11.4,2.1,0.15
2021-04-21 23:00:00,2021,4,21,23,0.0,0.0,0.0,,,0.0,0.0,0.0,10.0,10.0,1.5,0.15
2021-04-22 00:00:00,2021,4,22,0,0.0,0.0,0.0,,,0.0,0.0,0.0,10.0,10.0,1.0,0.15
2021-04-22 01:00:00,2021,4,22,1,0.0,0.0,0.0,,,0.0,0.0,0.0,9.7,9.7,1.0,0.15
2021-04-22 02:00:00,2021,4,22,2,0.0,0.0,0.0,,,0.0,0.0,0.0,9.0,9.0,0.0,0.15
2021-04-22 03:00:00,2021,4,22,3,0.0,0.0,0.0,,,0.0,0.0,0.0,10.0,10.0,1.0,0.15
2021-04-22 04:00:00,2021,4,22,4,0.0,0.0,0.0,,,0.0,0.0,0.0,8.8,8.8,0.5,0.15
2021-04-22 05:00:00,2021,4,22,5,0.0,0.0,0.0,,,0.0,0.0,0.0,8.0,8.0,0.0,0.15
2021-04-22 06:00:00,2021,4,22,6,0.0,0.0,0.0,,,0.0,0.0,0.0,8.0,8.0,0.5,0.15
2021-04-22 07:00:00,2021,4,22,7,15.0,15.0,0.0,1.0,alta_fd,14.188,9.013,4.73,7.5,8.126,0.0,0.15
2021-04-22 08:00:00,2021,4,22,8,130.96961727268302,102.0,186.0,0.778806582198623,alta_fd,185.577,157.474,147.93,11.0,18.513,0.5,0.15
2021-04-22 09:00:00,2021,4,22,9,305.47059434261604,146.0,462.0,0.47795107844732937,mixto,442.146,372.037,354.891,14.0,32.004,0.5,0.15
2021-04-22 10:00:00,2021,4,22,10,475.96121773415564,148.0,652.0,0.3109497044834107,mixto,669.572,534.156,511.266,17.3,44.51,0.5,0.15
2021-04-22 11:00:00,2021,4,22,11,603.3384001882289,137.0,754.0,0.22706991624809375,baja_fd,817.408,642.137,615.42,18.0,46.964,1.0,0.15
2021-04-22 12:00:00,2021,4,22,12,671.3012952616975,125.0,799.0,0.18620550992869822,baja_fd,875.737,681.101,653.004,19.3,48.818,1.2,0.15
2021-04-22 13:00:00,2021,4,22,13,671.1852691141377,122.0,791.0,0.1817679940458488,baja_fd,848.973,665.145,637.613,20.7,47.391,1.5,0.15
2021-04-22 14:00:00,2021,4,22,14,588.5606753619222,132.0,703.0,0.2242759421852803,baja_fd,725.358,589.989,565.12,21.0,39.296,2.6,0.15
2021-04-22 15:00:00,2021,4,22,15,429.78037390690844,152.0,503.0,0.35366901149591257,mixto,508.416,429.117,409.948,20.0,30.881,3.6,0.15
2021-04-22 16:00:00,2021,4,22,16,221.68742692445997,130.0,224.0,0.5864112448934576,mixto,249.28,212.88,201.373,17.6,23.373,3.1,0.15
2021-04-22 17:00:00,2021,4,22,17,49.99521179302906,47.0,13.0,0.9400900269124035,alta_fd,51.35,40.38,34.985,16.0,17.407,2.1,0.15
2021-04-22 18:00:00,2021,4,22,18,1.0,1.0,0.0,,,0.97,0.0,0.0,16.0,16.024,2.1,0.15
2021-04-22 19:00:00,2021,4,22,19,0.0,0.0,0.0,,,0.0,0.0,0.0,13.9,13.9,1.0,0.15
2021-04-22 20:00:00,2021,4,22,20,0.0,0.0,0.0,,,0.0,0.0,0.0,14.0,14.0,1.5,0.15
2021-04-22 21:00:00,2021,4,22,21,0.0,0.0,0.0,,,0.0,0.0,0.0,13.0,13.0,1.0,0.15
2021-04-22 22:00:00,2021,4,22,22,0.0,0.0,0.0,,,0.0,0.0,0.0,13.1,13.1,1.0,0.15
2021-04-22 23:00:00,2021,4,22,23,0.0,0.0,0.0,,,0.0,0.0,0.0,13.0,13.0,0.5,0.15
2021-04-23 00:00:00,2021,4,23,0,0.0,0.0,0.0,,,0.0,0.0,0.0,13.0,13.0,0.5,0.15
2021-04-23 01:00:00,2021,4,23,1,0.0,0.0,0.0,,,0.0,0.0,0.0,13.4,13.4,1.0,0.15
2021-04-23 02:00:00,2021,4,23,2,0.0,0.0,0.0,,,0.0,0.0,0.0,13.0,13.0,1.0,0.15
2021-04-23 03:00:00,2021,4,23,3,0.0,0.0,0.0,,,0.0,0.0,0.0,13.0,13.0,0.5,0.15
2021-04-23 04:00:00,2021,4,23,4,0.0,0.0,0.0,,,0.0,0.0,0.0,12.5,12.5,0.5,0.15
2021-04-23 05:00:00,2021,4,23,5,0.0,0.0,0.0,,,0.0,0.0,0.0,13.0,13.0,0.5,0.15
2021-04-23 06:00:00,2021,4,23,6,0.0,0.0,0.0,,,0.0,0.0,0.0,13.0,13.0,1.0,0.15
2021-04-23 07:00:00,2021,4,23,7,5.0,5.0,0.0,,,4.719,2.666,0.0,12.0,12.153,1.0,0.15
2021-04-23 08:00:00,2021,4,23,8,47.0,47.0,0.0,1.0,alta_fd,44.527,36.674,31.411,13.0,14.807,0.5,0.15
2021-04-23 09:00:00,2021,4,23,9,105.0,105.0,0.0,1.0,alta_fd,100.866,84.313,77.362,14.0,18.089,0.5,0.15
2021-04-23 10:00:00,2021,4,23,10,156.0,156.0,0.0,1.0,alta_fd,151.199,125.239,116.838,15.3,21.412,0.5,0.15
2021-04-23 11:00:00,2021,4,23,11,190.22940780054998,189.0,2.0,0.9935372358313864,alta_fd,185.674,152.603,143.232,16.0,23.492,0.5,0.15
2021-04-23 12:00:00,2021,4,23,12,205.03909815044872,203.0,3.0,0.9900550764764263,alta_fd,200.629,165.051,155.239,17.0,23.269,1.5,0.15
2021-04-23 13:00:00,2021,4,23,13,197.380147487281,196.0,2.0,0.9930076681730622,alta_fd,192.689,158.773,149.184,17.5,22.806,2.1,0.15
2021-04-23 14:00:00,2021,4,23,14,170.64511689328754,170.0,1.0,0.9962195408516087,alta_fd,165.865,137.021,128.202,18.0,22.161,2.6,0.15
2021-04-23 15:00:00,2021,4,23,15,126.0,126.0,0.0,1.0,alta_fd,121.554,100.947,93.407,17.0,20.36,2.1,0.15
2021-04-23 16:00:00,2021,4,23,16,69.0,69.0,0.0,1.0,alta_fd,65.632,54.171,48.288,16.3,18.365,1.5,0.15
2021-04-23 17:00:00,2021,4,23,17,16.0,16.0,0.0,1.0,alta_fd,15.124,11.377,7.01,16.0,16.471,1.5,0.15
2021-04-23 18:00:00,2021,4,23,18,0.0,0.0,0.0,,,0.0,0.0,0.0,15.0,0.0,1.0,0.15
2021-04-23 19:00:00,2021,4,23,19,0.0,0.0,0.0,,,0.0,0.0,0.0,14.4,14.4,1.0,0.15
2021-04-23 20:00:00,2021,4,23,20,0.0,0.0,0.0,,,0.0,0.0,0.0,14.0,14.0,0.5,0.15
2021-04-23 21:00:00,2021,4,23,21,0.0,0.0,0.0,,,0.0,0.0,0.0,14.0,14.0,1.0,0.15
2021-04-23 22:00:00,2021,4,23,22,0.0,0.0,0.0,,,0.0,0.0,0.0,12.5,12.5,0.5,0.15
2021-04-23 23:00:00,2021,4,23,23,0.0,0.0,0.0,,,0.0,0.0,0.0,12.0,12.0,0.0,0.15
2021-04-24 00:00:00,2021,4,24,0,0.0,0.0,0.0,,,0.0,0.0,0.0,12.4,12.4,0.0,0.15
2021-04-24 01:00:00,2021,4,24,1,0.0,0.0,0.0,,,0.0,0.0,0.0,12.9,12.9,0.0,0.15
2021-04-24 02:00:00,2021,4,24,2,0.0,0.0,0.0,,,0.0,0.0,0.0,13.0,13.0,0.5,0.15
2021-04-24 03:00:00,2021,4,24,3,0.0,0.0,0.0,,,0.0,0.0,0.0,12.9,12.9,0.5,0.15
2021-04-24 04:00:00,2021,4,24,4,0.0,0.0,0.0,,,0.0,0.0,0.0,12.8,12.8,0.5,0.15
2021-04-24 05:00:00,2021,4,24,5,0.0,0.0,0.0,,,0.0,0.0,0.0,11.9,11.9,0.5,0.15
2021-04-24 06:00:00,2021,4,24,6,0.0,0.0,0.0,,,0.0,0.0,0.0,11.0,11.0,0.5,0.15
2021-04-24 07:00:00,2021,4,24,7,15.0,15.0,0.0,1.0,alta_fd,14.19,8.067,3.817,10.1,10.616,0.5,0.15
2021-04-24 08:00:00,2021,4,24,8,122.1662617844216,89.0,221.0,0.7285153748671804,alta_fd,184.38,155.332,145.864,13.0,19.512,1.0,0.15
2021-04-24 09:00:00,2021,4,24,9,290.55584899441425,154.0,403.0,0.5300185851807119,mixto,415.078,352.762,336.299,14.6,28.989,1.1,0.15
2021-04-24 10:00:00,2021,4,24,10,446.31882942305145,173.0,551.0,0.38761528440024384,mixto,614.784,505.131,483.269,16.1,36.854,1.2,0.15
2021-04-24 11:00:00,2021,4,24,11,562.440187166216,169.0,644.0,0.3004763952794433,mixto,755.989,604.166,578.795,17.7,42.585,1.3,0.15
2021-04-24 12:00:00,2021,4,24,12,624.3295057731345,175.0,665.0,0.2803007040061159,baja_fd,811.534,639.755,613.123,19.2,45.281,1.4,0.15
2021-04-24 13:00:00,2021,4,24,13,621.3080074854304,170.0,658.0,0.27361630294775574,baja_fd,785.653,619.645,593.725,20.8,45.489,1.5,0.15
2021-04-24 14:00:00,2021,4,24,14,551.2384142360486,177.0,584.0,0.3210951839147515,mixto,676.074,548.68,525.275,20.3,39.415,2.0,0.15
2021-04-24 15:00:00,2021,4,24,15,419.243997861496,148.0,499.0,0.35301638366900173,mixto,499.026,419.033,400.222,19.7,32.31,2.6,0.15
2021-04-24 16:00:00,2021,4,24,16,234.01794263890184,121.0,282.0,0.5170543704279436,mixto,265.465,225.381,213.431,19.2,25.349,3.1,0.15
2021-04-24 17:00:00,2021,4,24,17,50.22002426290568,44.0,28.0,0.8761445388727138,alta_fd,51.955,39.99,34.61,17.0,18.289,2.6,0.15
2021-04-24 18:00:00,2021,4,24,18,0.0,0.0,0.0,,,0.0,0.0,0.0,15.7,0.0,1.8,0.15
2021-04-24 19:00:00,2021,4,24,19,0.0,0.0,0.0,,,0.0,0.0,0.0,14.5,14.5,1.0,0.15
2021-04-24 20:00:00,2021,4,24,20,0.0,0.0,0.0,,,0.0,0.0,0.0,14.0,14.0,1.4,0.15
2021-04-24 21:00:00,2021,4,24,21,0.0,0.0,0.0,,,0.0,0.0,0.0,13.4,13.4,1.7,0.15
2021-04-24 22:00:00,2021,4,24,22,0.0,0.0,0.0,,,0.0,0.0,0.0,12.9,12.9,2.1,0.15
2021-04-24 23:00:00,2021,4,24,23,0.0,0.0,0.0,,,0.0,0.0,0.0,12.4,12.4,1.8,0.15
2021-04-25 00:00:00,2021,4,25,0,0.0,0.0,0.0,,,0.0,0.0,0.0,12.0,12.0,1.5,0.15
2021-04-25 01:00:00,2021,4,25,1,0.0,0.0,0.0,,,0.0,0.0,0.0,11.9,11.9,1.0,0.15
2021-04-25 02:00:00,2021,4,25,2,0.0,0.0,0.0,,,0.0,0.0,0.0,11.8,11.8,1.0,0.15
2021-04-25 03:00:00,2021,4,25,3,0.0,0.0,0.0,,,0.0,0.0,0.0,11.7,11.7,1.0,0.15
2021-04-25 04:00:00,2021,4,25,4,0.0,0.0,0.0,,,0.0,0.0,0.0,11.6,11.6,1.0,0.15
2021-04-25 05:00:00,2021,4,25,5,0.0,0.0,0.0,,,0.0,0.0,0.0,11.8,11.8,1.2,0.15
2021-04-25 06:00:00,2021,4,25,6,0.0,0.0,0.0,,,0.0,0.0,0.0,12.0,12.0,1.5,0.15
2021-04-25 07:00:00,2021,4,25,7,5.0,5.0,0.0,,,4.719,2.565,0.0,11.9,12.034,1.5,0.15
2021-04-25 08:00:00,2021,4,25,8,45.0,45.0,0.0,1.0,alta_fd,42.627,35.252,30.039,12.0,13.341,1.5,0.15
2021-04-25 09:00:00,2021,4,25,9,103.0,103.0,0.0,1.0,alta_fd,98.94,83.822,76.889,12.0,14.738,2.1,0.15
2021-04-25 10:00:00,2021,4,25,10,153.0,153.0,0.0,1.0,alta_fd,148.281,124.036,115.678,14.3,18.945,1.5,0.15
2021-04-25 11:00:00,2021,4,25,11,248.2502018572199,244.0,7.0,0.9828793619283162,alta_fd,247.047,204.945,193.719,15.0,23.707,1.0,0.15
2021-04-25 12:00:00,2021,4,25,12,327.41865140520474,316.0,17.0,0.965125226201383,alta_fd,331.941,271.638,258.049,17.0,28.692,1.0,0.15
2021-04-25 13:00:00,2021,4,25,13,369.40130332412707,321.0,71.0,0.8689736530743697,alta_fd,398.852,324.813,309.34,18.0,32.065,1.0,0.15
2021-04-25 14:00:00,2021,4,25,14,361.1114184453212,293.0,107.0,0.8113839248325112,alta_fd,392.116,321.68,306.318,18.0,31.853,1.0,0.15
2021-04-25 15:00:00,2021,4,25,15,294.637605508998,231.0,118.0,0.7840139740510668,alta_fd,318.659,266.814,253.396,18.0,28.018,1.5,0.15
2021-04-25 16:00:00,2021,4,25,16,177.76161524216624,127.0,128.0,0.7144399527816326,alta_fd,195.253,165.37,155.547,17.6,23.016,2.1,0.15
2021-04-25 17:00:00,2021,4,25,17,36.0,36.0,0.0,1.0,alta_fd,34.836,27.031,22.11,16.0,16.797,3.1,0.15
2021-04-25 18:00:00,2021,4,25,18,0.0,0.0,0.0,,,0.0,0.0,0.0,15.0,0.0,3.1,0.15
2021-04-25 19:00:00,2021,4,25,19,0.0,0.0,0.0,,,0.0,0.0,0.0,13.5,13.5,1.5,0.15
2021-04-25 20:00:00,2021,4,25,20,0.0,0.0,0.0,,,0.0,0.0,0.0,13.0,13.0,2.1,0.15
2021-04-25 21:00:00,2021,4,25,21,0.0,0.0,0.0,,,0.0,0.0,0.0,11.0,11.0,1.5,0.15
2021-04-25 22:00:00,2021,4,25,22,0.0,0.0,0.0,,,0.0,0.0,0.0,11.0,11.0,1.5,0.15
2021-04-25 23:00:00,2021,4,25,23,0.0,0.0,0.0,,,0.0,0.0,0.0,9.0,9.0,1.0,0.15
2021-04-26 00:00:00,2021,4,26,0,0.0,0.0,0.0,,,0.0,0.0,0.0,8.0,8.0,0.5,0.15
2021-04-26 01:00:00,2021,4,26,1,0.0,0.0,0.0,,,0.0,0.0,0.0,6.5,6.5,0.0,0.15
2021-04-26 02:00:00,2021,4,26,2,0.0,0.0,0.0,,,0.0,0.0,0.0,5.7,5.7,0.0,0.15
2021-04-26 03:00:00,2021,4,26,3,0.0,0.0,0.0,,,0.0,0.0,0.0,5.0,5.0,0.0,0.15
2021-04-26 04:00:00,2021,4,26,4,0.0,0.0,0.0,,,0.0,0.0,0.0,5.0,5.0,0.0,0.15
2021-04-26 05:00:00,2021,4,26,5,0.0,0.0,0.0,,,0.0,0.0,0.0,3.0,3.0,0.0,0.15
2021-04-26 06:00:00,2021,4,26,6,0.0,0.0,0.0,,,0.0,0.0,0.0,2.7,2.7,0.0,0.15
2021-04-26 07:00:00,2021,4,26,7,15.0,15.0,0.0,1.0,alta_fd,14.191,8.356,4.096,2.5,3.104,0.0,0.15
2021-04-26 08:00:00,2021,4,26,8,129.7061850125521,104.0,178.0,0.8018121879842165,alta_fd,185.071,157.902,148.344,8.0,16.757,0.0,0.15
2021-04-26 09:00:00,2021,4,26,9,295.62028171351733,136.0,480.0,0.4600496258636146,mixto,439.67,369.104,352.062,12.0,32.941,0.0,0.15
2021-04-26 10:00:00,2021,4,26,10,459.47210059548246,144.0,645.0,0.3134031420261947,mixto,655.595,539.555,516.473,13.8,37.069,1.0,0.15
2021-04-26 11:00:00,2021,4,26,11,583.9650167112734,132.0,749.0,0.22604093776607861,baja_fd,801.327,628.825,602.58,15.0,47.53,0.5,0.15
2021-04-26 12:00:00,2021,4,26,12,651.1624111218615,119.0,797.0,0.1827501065286918,baja_fd,859.772,685.723,657.461,16.0,43.031,1.5,0.15
2021-04-26 13:00:00,2021,4,26,13,652.3098109356796,115.0,793.0,0.1762965972181882,baja_fd,834.96,674.753,646.881,17.0,40.134,2.1,0.15
2021-04-26 14:00:00,2021,4,26,14,581.7162220394343,110.0,746.0,0.18909563775676028,baja_fd,724.433,586.973,562.21,18.0,40.813,1.5,0.15
2021-04-26 15:00:00,2021,4,26,15,441.2542562900524,117.0,606.0,0.2651532497016678,baja_fd,536.102,443.367,423.693,18.0,37.06,1.0,0.15
2021-04-26 16:00:00,2021,4,26,16,245.70522680844977,106.0,356.0,0.4314112539520249,mixto,287.895,242.455,229.9,17.7,27.921,1.0,0.15
2021-04-26 17:00:00,2021,4,26,17,48.77892637887654,40.0,41.0,0.8200262484112768,alta_fd,53.527,40.691,35.286,16.0,17.452,2.1,0.15
2021-04-26 18:00:00,2021,4,26,18,0.0,0.0,0.0,,,0.0,0.0,0.0,14.0,0.0,1.5,0.15
2021-04-26 19:00:00,2021,4,26,19,0.0,0.0,0.0,,,0.0,0.0,0.0,11.6,11.6,1.0,0.15
2021-04-26 20:00:00,2021,4,26,20,0.0,0.0,0.0,,,0.0,0.0,0.0,10.0,10.0,1.0,0.15
2021-04-26 21:00:00,2021,4,26,21,0.0,0.0,0.0,,,0.0,0.0,0.0,9.0,9.0,1.0,0.15
2021-04-26 22:00:00,2021,4,26,22,0.0,0.0,0.0,,,0.0,0.0,0.0,9.4,9.4,1.5,0.15
2021-04-26 23:00:00,2021,4,26,23,0.0,0.0,0.0,,,0.0,0.0,0.0,7.0,7.0,0.0,0.15
2021-04-27 00:00:00,2021,4,27,0,0.0,0.0,0.0,,,0.0,0.0,0.0,5.0,5.0,0.5,0.15
2021-04-27 01:00:00,2021,4,27,1,0.0,0.0,0.0,,,0.0,0.0,0.0,4.8,4.8,0.5,0.15
2021-04-27 02:00:00,2021,4,27,2,0.0,0.0,0.0,,,0.0,0.0,0.0,5.0,5.0,0.0,0.15
2021-04-27 03:00:00,2021,4,27,3,0.0,0.0,0.0,,,0.0,0.0,0.0,4.0,4.0,0.0,0.15
2021-04-27 04:00:00,2021,4,27,4,0.0,0.0,0.0,,,0.0,0.0,0.0,2.5,2.5,0.0,0.15
2021-04-27 05:00:00,2021,4,27,5,0.0,0.0,0.0,,,0.0,0.0,0.0,1.0,1.0,0.0,0.15
2021-04-27 06:00:00,2021,4,27,6,0.0,0.0,0.0,,,0.0,0.0,0.0,1.0,1.0,0.0,0.15
2021-04-27 07:00:00,2021,4,27,7,15.0,15.0,0.0,1.0,alta_fd,14.192,8.318,4.06,3.5,4.104,0.0,0.15
2021-04-27 08:00:00,2021,4,27,8,127.20425733978773,102.0,178.0,0.8018599544788648,alta_fd,182.857,157.899,148.34,6.0,13.399,0.5,0.15
2021-04-27 09:00:00,2021,4,27,9,293.09960794214305,134.0,483.0,0.45718246073686725,mixto,438.637,374.304,357.077,11.0,28.87,0.5,0.15
2021-04-27 10:00:00,2021,4,27,10,457.61455815830743,140.0,654.0,0.3059343229014325,mixto,656.803,523.862,501.336,13.7,44.921,0.0,0.15
2021-04-27 11:00:00,2021,4,27,11,582.5666428086786,128.0,758.0,0.21971735179152135,baja_fd,802.813,627.47,601.273,16.0,48.594,0.5,0.15
2021-04-27 12:00:00,2021,4,27,12,648.6548892009037,115.0,804.0,0.1772899609862985,baja_fd,859.625,641.86,615.153,18.0,58.787,0.0,0.15
2021-04-27 13:00:00,2021,4,27,13,650.4560770369704,109.0,804.0,0.16757472771494253,baja_fd,835.766,659.608,632.272,19.8,46.089,1.5,0.15
2021-04-27 14:00:00,2021,4,27,14,578.7966591427069,119.0,732.0,0.20559897525369028,baja_fd,724.568,585.904,561.18,19.9,41.272,1.8,0.15
2021-04-27 15:00:00,2021,4,27,15,436.8550903652784,130.0,578.0,0.29758151585529174,baja_fd,530.474,442.535,422.891,20.0,34.743,2.1,0.15
2021-04-27 16:00:00,2021,4,27,16,242.2493247717255,104.0,356.0,0.42930976215516997,mixto,285.006,240.044,227.575,19.8,27.709,2.1,0.15
2021-04-27 17:00:00,2021,4,27,17,46.35702860731478,39.0,35.0,0.8412963723444108,alta_fd,48.323,36.332,31.081,17.0,18.31,2.1,0.15
2021-04-27 18:00:00,2021,4,27,18,0.0,0.0,0.0,,,0.0,0.0,0.0,15.0,0.0,1.5,0.15
2021-04-27 19:00:00,2021,4,27,19,0.0,0.0,0.0,,,0.0,0.0,0.0,13.5,13.5,1.5,0.15
2021-04-27 20:00:00,2021,4,27,20,0.0,0.0,0.0,,,0.0,0.0,0.0,12.0,12.0,1.5,0.15
2021-04-27 21:00:00,2021,4,27,21,0.0,0.0,0.0,,,0.0,0.0,0.0,11.0,11.0,1.0,0.15
2021-04-27 22:00:00,2021,4,27,22,0.0,0.0,0.0,,,0.0,0.0,0.0,8.5,8.5,0.0,0.15
2021-04-27 23:00:00,2021,4,27,23,0.0,0.0,0.0,,,0.0,0.0,0.0,8.0,8.0,0.5,0.15
2021-04-28 00:00:00,2021,4,28,0,0.0,0.0,0.0,,,0.0,0.0,0.0,5.0,5.0,0.5,0.15
2021-04-28 01:00:00,2021,4,28,1,0.0,0.0,0.0,,,0.0,0.0,0.0,4.7,4.7,0.0,0.15
2021-04-28 02:00:00,2021,4,28,2,0.0,0.0,0.0,,,0.0,0.0,0.0,4.3,4.3,0.0,0.15
2021-04-28 03:00:00,2021,4,28,3,0.0,0.0,0.0,,,0.0,0.0,0.0,4.0,4.0,0.0,0.15
2021-04-28 04:00:00,2021,4,28,4,0.0,0.0,0.0,,,0.0,0.0,0.0,3.7,3.7,0.0,0.15
2021-04-28 05:00:00,2021,4,28,5,0.0,0.0,0.0,,,0.0,0.0,0.0,3.0,3.0,0.5,0.15
2021-04-28 06:00:00,2021,4,28,6,0.0,0.0,0.0,,,0.0,0.0,0.0,2.0,2.0,0.0,0.15
2021-04-28 07:00:00,2021,4,28,7,14.0,14.0,0.0,1.0,alta_fd,13.243,7.786,3.546,2.2,2.763,0.0,0.15
2021-04-28 08:00:00,2021,4,28,8,125.42587614615425,101.0,176.0,0.8052564837761894,alta_fd,181.025,156.02,146.528,5.9,13.676,0.3,0.15
2021-04-28 09:00:00,2021,4,28,9,290.25861377083294,133.0,482.0,0.45821206913434487,mixto,436.353,375.996,358.71,9.6,26.401,0.7,0.15
2021-04-28 10:00:00,2021,4,28,10,451.5756605402233,142.0,642.0,0.3144545032168571,mixto,648.925,535.903,512.95,13.3,36.336,1.0,0.15
2021-04-28 11:00:00,2021,4,28,11,568.7899376718678,123.0,748.0,0.21624855127264594,baja_fd,783.658,631.595,605.252,14.8,41.241,1.2,0.15
2021-04-28 12:00:00,2021,4,28,12,624.6656826928227,143.0,730.0,0.22892245238053166,baja_fd,827.434,658.676,631.373,16.2,43.437,1.3,0.15
2021-04-28 13:00:00,2021,4,28,13,604.3893830273012,178.0,637.0,0.2945121224804167,baja_fd,769.675,616.5,590.692,17.7,41.891,1.5,0.15
2021-04-28 14:00:00,2021,4,28,14,545.4640537457777,138.0,653.0,0.2529955898144612,baja_fd,682.285,560.916,537.077,18.0,36.923,2.1,0.15
2021-04-28 15:00:00,2021,4,28,15,415.2889077876,134.0,534.0,0.32266693737106616,mixto,501.413,426.332,407.262,17.0,29.677,2.6,0.15
2021-04-28 16:00:00,2021,4,28,16,229.74727964412102,106.0,322.0,0.461376518425786,mixto,271.068,231.725,219.551,15.9,23.421,2.1,0.15
2021-04-28 17:00:00,2021,4,28,17,42.364985767657885,37.0,26.0,0.873362738817356,alta_fd,44.045,33.294,28.151,15.0,16.356,1.5,0.15
2021-04-28 18:00:00,2021,4,28,18,0.0,0.0,0.0,,,0.0,0.0,0.0,13.0,0.0,1.0,0.15
2021-04-28 19:00:00,2021,4,28,19,0.0,0.0,0.0,,,0.0,0.0,0.0,10.6,10.6,2.1,0.15
2021-04-28 20:00:00,2021,4,28,20,0.0,0.0,0.0,,,0.0,0.0,0.0,9.3,9.3,1.3,0.15
2021-04-28 21:00:00,2021,4,28,21,0.0,0.0,0.0,,,0.0,0.0,0.0,8.0,8.0,0.5,0.15
2021-04-28 22:00:00,2021,4,28,22,0.0,0.0,0.0,,,0.0,0.0,0.0,6.4,6.4,0.5,0.15
2021-04-28 23:00:00,2021,4,28,23,0.0,0.0,0.0,,,0.0,0.0,0.0,6.0,6.0,0.5,0.15
2021-04-29 00:00:00,2021,4,29,0,0.0,0.0,0.0,,,0.0,0.0,0.0,5.0,5.0,1.0,0.15
2021-04-29 01:00:00,2021,4,29,1,0.0,0.0,0.0,,,0.0,0.0,0.0,4.8,4.8,0.5,0.15
2021-04-29 02:00:00,2021,4,29,2,0.0,0.0,0.0,,,0.0,0.0,0.0,3.0,3.0,0.5,0.15
2021-04-29 03:00:00,2021,4,29,3,0.0,0.0,0.0,,,0.0,0.0,0.0,3.0,3.0,1.0,0.15
2021-04-29 04:00:00,2021,4,29,4,0.0,0.0,0.0,,,0.0,0.0,0.0,2.0,2.0,0.0,0.15
2021-04-29 05:00:00,2021,4,29,5,0.0,0.0,0.0,,,0.0,0.0,0.0,1.5,1.5,0.0,0.15
2021-04-29 06:00:00,2021,4,29,6,0.0,0.0,0.0,,,0.0,0.0,0.0,1.0,1.0,0.0,0.15
2021-04-29 07:00:00,2021,4,29,7,14.0,14.0,0.0,1.0,alta_fd,13.244,7.879,3.636,-0.3,0.182,0.5,0.15
2021-04-29 08:00:00,2021,4,29,8,123.79589403380703,100.0,175.0,0.8077812336222663,alta_fd,179.569,156.534,147.024,2.0,10.493,0.0,0.15
2021-04-29 09:00:00,2021,4,29,9,286.13531155716,132.0,477.0,0.46132020295450654,mixto,431.738,370.313,353.228,10.0,27.591,0.5,0.15
2021-04-29 10:00:00,2021,4,29,10,448.766108266593,139.0,647.0,0.3097381853030353,mixto,648.206,527.819,505.152,13.6,39.956,0.5,0.15
2021-04-29 11:00:00,2021,4,29,11,571.2079499824953,127.0,750.0,0.22233584109585997,baja_fd,791.756,617.745,591.892,17.0,49.15,0.5,0.15
2021-04-29 12:00:00,2021,4,29,12,637.7257237460335,113.0,800.0,0.1771921623864131,baja_fd,850.033,649.781,622.794,19.0,53.5,0.5,0.15
2021-04-29 13:00:00,2021,4,29,13,640.5928704680591,109.0,799.0,0.17015487531161166,baja_fd,827.449,629.137,602.881,21.5,55.095,0.5,0.15
2021-04-29 14:00:00,2021,4,29,14,567.4133190661712,118.0,725.0,0.20796127978490217,baja_fd,714.346,558.36,534.612,22.2,49.641,0.7,0.15
2021-04-29 15:00:00,2021,4,29,15,429.21923633111624,113.0,605.0,0.2632687224503318,baja_fd,526.71,427.757,408.636,23.0,41.732,1.0,0.15
2021-04-29 16:00:00,2021,4,29,16,232.8352367410453,102.0,344.0,0.4380780221571118,mixto,276.028,227.198,215.184,23.1,32.895,1.0,0.15
2021-04-29 17:00:00,2021,4,29,17,40.25368324649763,36.0,21.0,0.8943280986127466,alta_fd,41.921,30.87,25.813,20.0,21.29,1.5,0.15
2021-04-29 18:00:00,2021,4,29,18,0.0,0.0,0.0,,,0.0,0.0,0.0,16.0,0.0,0.5,0.15
2021-04-29 19:00:00,2021,4,29,19,0.0,0.0,0.0,,,0.0,0.0,0.0,12.8,12.8,0.5,0.15
2021-04-29 20:00:00,2021,4,29,20,0.0,0.0,0.0,,,0.0,0.0,0.0,11.0,11.0,0.0,0.15
2021-04-29 21:00:00,2021,4,29,21,0.0,0.0,0.0,,,0.0,0.0,0.0,7.0,7.0,1.0,0.15
2021-04-29 22:00:00,2021,4,29,22,0.0,0.0,0.0,,,0.0,0.0,0.0,6.1,6.1,0.0,0.15
2021-04-29 23:00:00,2021,4,29,23,0.0,0.0,0.0,,,0.0,0.0,0.0,6.0,6.0,1.0,0.15
2021-04-30 00:00:00,2021,4,30,0,0.0,0.0,0.0,,,0.0,0.0,0.0,4.7,4.7,0.5,0.15
2021-04-30 01:00:00,2021,4,30,1,0.0,0.0,0.0,,,0.0,0.0,0.0,3.5,3.5,0.0,0.15
2021-04-30 02:00:00,2021,4,30,2,0.0,0.0,0.0,,,0.0,0.0,0.0,4.0,4.0,0.0,0.15
2021-04-30 03:00:00,2021,4,30,3,0.0,0.0,0.0,,,0.0,0.0,0.0,4.0,4.0,0.5,0.15
2021-04-30 04:00:00,2021,4,30,4,0.0,0.0,0.0,,,0.0,0.0,0.0,2.6,2.6,0.5,0.15
2021-04-30 05:00:00,2021,4,30,5,0.0,0.0,0.0,,,0.0,0.0,0.0,2.0,2.0,0.5,0.15
2021-04-30 06:00:00,2021,4,30,6,0.0,0.0,0.0,,,0.0,0.0,0.0,2.0,2.0,0.0,0.15
2021-04-30 07:00:00,2021,4,30,7,12.0,12.0,0.0,1.0,alta_fd,11.346,6.594,2.396,3.3,3.783,0.0,0.15
2021-04-30 08:00:00,2021,4,30,8,111.64242713188094,91.0,155.0,0.8151023077678484,alta_fd,157.065,133.643,124.944,8.0,15.427,0.0,0.15
2021-04-30 09:00:00,2021,4,30,9,263.08554617522185,153.0,344.0,0.5815598850804902,mixto,369.789,311.691,296.683,13.0,30.604,0.0,0.15
2021-04-30 10:00:00,2021,4,30,10,397.50085386878123,195.0,426.0,0.4905649839544026,mixto,541.492,447.002,427.2,16.0,35.204,1.0,0.15
2021-04-30 11:00:00,2021,4,30,11,485.3313417799135,234.0,427.0,0.4821448356123549,mixto,632.537,513.723,491.556,18.0,37.87,1.5,0.15
2021-04-30 12:00:00,2021,4,30,12,510.6446359466688,287.0,343.0,0.5620346906571129,mixto,625.78,512.101,489.992,19.0,34.735,2.6,0.15
2021-04-30 13:00:00,2021,4,30,13,471.2310343122324,294.0,268.0,0.6238977881180867,mixto,561.516,464.78,444.348,18.5,31.448,3.1,0.15
2021-04-30 14:00:00,2021,4,30,14,411.118165680048,243.0,273.0,0.5910709384442874,mixto,484.751,401.393,383.206,19.0,32.417,2.1,0.15
2021-04-30 15:00:00,2021,4,30,15,297.7598695344567,221.0,148.0,0.742208815262884,alta_fd,334.336,285.351,271.277,17.0,24.141,3.6,0.15
2021-04-30 16:00:00,2021,4,30,16,156.60813197067262,128.0,76.0,0.8173266508534184,alta_fd,168.075,143.337,134.294,15.7,19.589,3.1,0.15
2021-04-30 17:00:00,2021,4,30,17,32.0,32.0,0.0,1.0,alta_fd,31.198,23.716,18.912,14.0,14.709,3.1,0.15
2021-04-30 18:00:00,2021,4,30,18,0.0,0.0,0.0,,,0.0,0.0,0.0,11.5,0.0,1.0,0.15
2021-04-30 19:00:00,2021,4,30,19,0.0,0.0,0.0,,,0.0,0.0,0.0,10.5,10.5,1.5,0.15
2021-04-30 20:00:00,2021,4,30,20,0.0,0.0,0.0,,,0.0,0.0,0.0,9.6,9.6,1.5,0.15
2021-04-30 21:00:00,2021,4,30,21,0.0,0.0,0.0,,,0.0,0.0,0.0,8.9,8.9,1.0,0.15
2021-04-30 22:00:00,2021,4,30,22,0.0,0.0,0.0,,,0.0,0.0,0.0,8.7,8.7,0.5,0.15
2021-04-30 23:00:00,2021,4,30,23,0.0,0.0,0.0,,,0.0,0.0,0.0,9.0,9.0,0.0,0.15
2021-05-01 00:00:00,2021,5,1,0,0.0,0.0,0.0,,,0.0,0.0,0.0,9.5,9.5,1.0,0.14
2021-05-01 01:00:00,2021,5,1,1,0.0,0.0,0.0,,,0.0,0.0,0.0,9.8,9.8,0.5,0.14
2021-05-01 02:00:00,2021,5,1,2,0.0,0.0,0.0,,,0.0,0.0,0.0,9.9,9.9,0.5,0.14
2021-05-01 03:00:00,2021,5,1,3,0.0,0.0,0.0,,,0.0,0.0,0.0,9.5,9.5,1.0,0.14
2021-05-01 04:00:00,2021,5,1,4,0.0,0.0,0.0,,,0.0,0.0,0.0,9.0,9.0,1.0,0.14
2021-05-01 05:00:00,2021,5,1,5,0.0,0.0,0.0,,,0.0,0.0,0.0,8.5,8.5,0.5,0.14
2021-05-01 06:00:00,2021,5,1,6,0.0,0.0,0.0,,,0.0,0.0,0.0,7.0,7.0,1.0,0.14
2021-05-01 07:00:00,2021,5,1,7,12.0,12.0,0.0,1.0,alta_fd,11.343,6.467,2.274,7.5,7.86,1.0,0.14
2021-05-01 08:00:00,2021,5,1,8,111.90472581169587,90.0,168.0,0.8042555785485292,alta_fd,165.444,141.37,132.397,10.0,14.566,2.1,0.14
2021-05-01 09:00:00,2021,5,1,9,274.00263737726465,139.0,426.0,0.5072943871288939,mixto,408.682,343.341,327.212,13.0,32.466,0.0,0.14
2021-05-01 10:00:00,2021,5,1,10,431.68819186842325,132.0,635.0,0.3057762581567972,mixto,629.229,520.582,498.173,16.3,36.128,1.5,0.14
2021-05-01 11:00:00,2021,5,1,11,553.5156190073121,123.0,736.0,0.2222159515942677,baja_fd,772.046,602.288,576.983,18.0,49.355,0.5,0.14
2021-05-01 12:00:00,2021,5,1,12,620.0369447188993,119.0,773.0,0.19192404745164013,baja_fd,829.029,645.159,618.335,20.0,49.381,1.0,0.14
2021-05-01 13:00:00,2021,5,1,13,617.2594876934809,119.0,758.0,0.19278764016194935,baja_fd,799.3,657.822,630.549,21.1,35.909,4.6,0.14
2021-05-01 14:00:00,2021,5,1,14,546.2607019105798,118.0,700.0,0.21601407457517607,baja_fd,691.248,569.709,545.559,22.0,36.783,3.6,0.14
2021-05-01 15:00:00,2021,5,1,15,406.1295983136319,121.0,554.0,0.29793445368775673,baja_fd,499.999,420.723,401.852,22.0,32.713,3.6,0.14
2021-05-01 16:00:00,2021,5,1,16,212.43834622904512,107.0,283.0,0.5036755458670139,mixto,246.981,207.588,196.269,21.7,26.604,4.1,0.14
2021-05-01 17:00:00,2021,5,1,17,32.0,32.0,0.0,1.0,alta_fd,31.376,23.038,18.259,20.0,20.657,3.6,0.14
2021-05-01 18:00:00,2021,5,1,18,0.0,0.0,0.0,,,0.0,0.0,0.0,18.0,0.0,2.6,0.14
2021-05-01 19:00:00,2021,5,1,19,0.0,0.0,0.0,,,0.0,0.0,0.0,16.0,16.0,2.6,0.14
2021-05-01 20:00:00,2021,5,1,20,0.0,0.0,0.0,,,0.0,0.0,0.0,16.0,16.0,3.1,0.14
2021-05-01 21:00:00,2021,5,1,21,0.0,0.0,0.0,,,0.0,0.0,0.0,13.0,13.0,1.5,0.14
2021-05-01 22:00:00,2021,5,1,22,0.0,0.0,0.0,,,0.0,0.0,0.0,12.3,12.3,0.0,0.14
2021-05-01 23:00:00,2021,5,1,23,0.0,0.0,0.0,,,0.0,0.0,0.0,11.0,11.0,0.0,0.14
2021-05-02 00:00:00,2021,5,2,0,0.0,0.0,0.0,,,0.0,0.0,0.0,12.0,12.0,0.5,0.14
2021-05-02 01:00:00,2021,5,2,1,0.0,0.0,0.0,,,0.0,0.0,0.0,8.9,8.9,1.0,0.14
2021-05-02 02:00:00,2021,5,2,2,0.0,0.0,0.0,,,0.0,0.0,0.0,8.0,8.0,0.0,0.14
2021-05-02 03:00:00,2021,5,2,3,0.0,0.0,0.0,,,0.0,0.0,0.0,8.0,8.0,2.1,0.14
2021-05-02 04:00:00,2021,5,2,4,0.0,0.0,0.0,,,0.0,0.0,0.0,7.8,7.8,1.0,0.14
2021-05-02 05:00:00,2021,5,2,5,0.0,0.0,0.0,,,0.0,0.0,0.0,7.0,7.0,0.5,0.14
2021-05-02 06:00:00,2021,5,2,6,0.0,0.0,0.0,,,0.0,0.0,0.0,7.0,7.0,1.5,0.14
2021-05-02 07:00:00,2021,5,2,7,7.0,7.0,0.0,,,6.608,3.698,0.0,6.3,6.51,1.0,0.14
2021-05-02 08:00:00,2021,5,2,8,72.0,72.0,0.0,1.0,alta_fd,70.407,59.579,53.504,9.0,12.34,0.0,0.14
2021-05-02 09:00:00,2021,5,2,9,173.21763865714732,166.0,23.0,0.9583319648443348,alta_fd,178.911,153.009,143.624,13.0,18.626,1.5,0.14
2021-05-02 10:00:00,2021,5,2,10,265.21103365910477,246.0,41.0,0.9275632186412043,alta_fd,287.79,238.046,225.647,16.7,28.351,0.5,0.14
2021-05-02 11:00:00,2021,5,2,11,327.0165062031278,284.0,74.0,0.8684576913178569,alta_fd,359.522,294.856,280.444,18.0,30.692,1.0,0.14
2021-05-02 12:00:00,2021,5,2,12,355.61491406615966,306.0,77.0,0.8604813462437373,alta_fd,389.158,317.018,301.821,20.0,32.183,1.5,0.14
2021-05-02 13:00:00,2021,5,2,13,344.45927118727866,285.0,91.0,0.8273837397892208,alta_fd,376.205,313.109,298.051,20.2,27.14,4.6,0.14
2021-05-02 14:00:00,2021,5,2,14,294.9603268148231,267.0,46.0,0.905206482794628,alta_fd,315.944,254.637,241.651,22.0,34.782,0.5,0.14
2021-05-02 15:00:00,2021,5,2,15,210.23668183828286,199.0,22.0,0.9465522298961783,alta_fd,213.539,173.61,163.494,23.0,31.658,0.5,0.14
2021-05-02 16:00:00,2021,5,2,16,106.2127369818203,104.0,6.0,0.9791669337906335,alta_fd,105.507,86.886,79.844,21.7,23.655,4.6,0.14
2021-05-02 17:00:00,2021,5,2,17,24.0,24.0,0.0,1.0,alta_fd,22.72,16.286,11.746,20.0,20.514,3.1,0.14
2021-05-02 18:00:00,2021,5,2,18,0.0,0.0,0.0,,,0.0,0.0,0.0,18.0,0.0,1.0,0.14
2021-05-02 19:00:00,2021,5,2,19,0.0,0.0,0.0,,,0.0,0.0,0.0,16.9,16.9,3.6,0.14
2021-05-02 20:00:00,2021,5,2,20,0.0,0.0,0.0,,,0.0,0.0,0.0,15.0,15.0,3.6,0.14
2021-05-02 21:00:00,2021,5,2,21,0.0,0.0,0.0,,,0.0,0.0,0.0,14.0,14.0,3.6,0.14
2021-05-02 22:00:00,2021,5,2,22,0.0,0.0,0.0,,,0.0,0.0,0.0,11.1,11.1,0.0,0.14
2021-05-02 23:00:00,2021,5,2,23,0.0,0.0,0.0,,,0.0,0.0,0.0,10.0,10.0,2.6,0.14
2021-05-03 00:00:00,2021,5,3,0,0.0,0.0,0.0,,,0.0,0.0,0.0,10.0,10.0,2.1,0.14
2021-05-03 01:00:00,2021,5,3,1,0.0,0.0,0.0,,,0.0,0.0,0.0,9.6,9.6,0.0,0.14
2021-05-03 02:00:00,2021,5,3,2,0.0,0.0,0.0,,,0.0,0.0,0.0,8.0,8.0,2.1,0.14
2021-05-03 03:00:00,2021,5,3,3,0.0,0.0,0.0,,,0.0,0.0,0.0,9.0,9.0,2.1,0.14
2021-05-03 04:00:00,2021,5,3,4,0.0,0.0,0.0,,,0.0,0.0,0.0,8.5,8.5,1.5,0.14
2021-05-03 05:00:00,2021,5,3,5,0.0,0.0,0.0,,,0.0,0.0,0.0,7.0,7.0,1.0,0.14
2021-05-03 06:00:00,2021,5,3,6,0.0,0.0,0.0,,,0.0,0.0,0.0,6.0,6.0,2.1,0.14
2021-05-03 07:00:00,2021,5,3,7,11.0,11.0,0.0,1.0,alta_fd,10.396,5.98,1.805,4.8,5.13,1.0,0.14
2021-05-03 08:00:00,2021,5,3,8,107.97123470016618,87.0,168.0,0.8057701687083337,alta_fd,162.04,138.41,129.542,9.0,14.074,1.5,0.14
2021-05-03 09:00:00,2021,5,3,9,268.61203681878317,135.0,430.0,0.5025835833673999,mixto,405.484,349.849,333.489,13.0,25.801,1.5,0.14
2021-05-03 10:00:00,2021,5,3,10,427.1622768033217,142.0,613.0,0.33242635811069304,mixto,621.7,509.927,487.894,16.2,38.276,1.0,0.14
2021-05-03 11:00:00,2021,5,3,11,545.9152032775742,119.0,739.0,0.21798257180885594,baja_fd,763.499,621.445,595.462,18.0,39.17,2.1,0.14
2021-05-03 12:00:00,2021,5,3,12,613.1527319566617,118.0,773.0,0.19244797234034075,baja_fd,824.299,669.461,641.776,20.0,39.061,3.1,0.14
2021-05-03 13:00:00,2021,5,3,13,612.1698903513349,114.0,767.0,0.18622281460882278,baja_fd,797.722,651.527,624.477,22.2,38.033,4.1,0.14
2021-05-03 14:00:00,2021,5,3,14,541.1177833893605,122.0,694.0,0.22545923225039358,baja_fd,687.88,571.229,547.025,23.0,34.968,5.1,0.14
2021-05-03 15:00:00,2021,5,3,15,398.643974673138,131.0,528.0,0.32861402234264653,mixto,488.286,409.509,391.035,23.0,33.462,3.6,0.14
2021-05-03 16:00:00,2021,5,3,16,208.06134572724307,100.0,296.0,0.48062747864321936,mixto,243.931,204.214,193.015,22.4,27.242,4.1,0.14
2021-05-03 17:00:00,2021,5,3,17,28.0,28.0,0.0,1.0,alta_fd,27.168,19.424,14.772,20.0,20.565,3.6,0.14
2021-05-03 18:00:00,2021,5,3,18,0.0,0.0,0.0,,,0.0,0.0,0.0,17.0,0.0,4.1,0.14
2021-05-03 19:00:00,2021,5,3,19,0.0,0.0,0.0,,,0.0,0.0,0.0,15.7,15.7,2.1,0.14
2021-05-03 20:00:00,2021,5,3,20,0.0,0.0,0.0,,,0.0,0.0,0.0,13.3,13.3,1.0,0.14
2021-05-03 21:00:00,2021,5,3,21,0.0,0.0,0.0,,,0.0,0.0,0.0,11.0,11.0,1.5,0.14
2021-05-03 22:00:00,2021,5,3,22,0.0,0.0,0.0,,,0.0,0.0,0.0,8.5,8.5,2.1,0.14
2021-05-03 23:00:00,2021,5,3,23,0.0,0.0,0.0,,,0.0,0.0,0.0,9.0,9.0,0.5,0.14
2021-05-04 00:00:00,2021,5,4,0,0.0,0.0,0.0,,,0.0,0.0,0.0,6.0,6.0,0.5,0.14
2021-05-04 01:00:00,2021,5,4,1,0.0,0.0,0.0,,,0.0,0.0,0.0,6.0,6.0,1.0,0.14
2021-05-04 02:00:00,2021,5,4,2,0.0,0.0,0.0,,,0.0,0.0,0.0,5.0,5.0,1.0,0.14
2021-05-04 03:00:00,2021,5,4,3,0.0,0.0,0.0,,,0.0,0.0,0.0,6.0,6.0,1.5,0.14
2021-05-04 04:00:00,2021,5,4,4,0.0,0.0,0.0,,,0.0,0.0,0.0,5.1,5.1,1.5,0.14
2021-05-04 05:00:00,2021,5,4,5,0.0,0.0,0.0,,,0.0,0.0,0.0,3.0,3.0,2.1,0.14
2021-05-04 06:00:00,2021,5,4,6,0.0,0.0,0.0,,,0.0,0.0,0.0,3.0,3.0,1.0,0.14
2021-05-04 07:00:00,2021,5,4,7,10.0,10.0,0.0,,,9.449,5.45,1.294,3.3,3.644,0.5,0.14
2021-05-04 08:00:00,2021,5,4,8,106.14085241610442,86.0,165.0,0.8102441052843051,alta_fd,159.796,136.574,127.771,8.0,13.638,1.0,0.14
2021-05-04 09:00:00,2021,5,4,9,266.06044454011897,131.0,439.0,0.4923693194094722,mixto,405.649,351.51,335.091,12.0,24.808,1.5,0.14
2021-05-04 10:00:00,2021,5,4,10,425.7263643499907,138.0,623.0,0.3241518767828761,mixto,623.511,505.122,483.26,16.1,41.46,0.5,0.14
2021-05-04 11:00:00,2021,5,4,11,546.2473792720316,126.0,732.0,0.2306647222141672,baja_fd,767.536,607.03,581.557,19.0,46.222,1.0,0.14
2021-05-04 12:00:00,2021,5,4,12,611.3445640953469,114.0,781.0,0.18647421878804873,baja_fd,824.984,637.63,611.073,22.0,51.246,1.0,0.14
2021-05-04 13:00:00,2021,5,4,13,611.027507896542,110.0,776.0,0.1800246283161199,baja_fd,799.039,622.417,596.399,24.6,49.746,1.5,0.14
2021-05-04 14:00:00,2021,5,4,14,536.4359694496103,120.0,694.0,0.22369864594113895,baja_fd,683.991,540.408,517.296,25.8,47.349,1.5,0.14
2021-05-04 15:00:00,2021,5,4,15,394.63370971027285,130.0,526.0,0.32941940032300265,mixto,484.811,400.319,382.171,27.0,37.389,3.6,0.14
2021-05-04 16:00:00,2021,5,4,16,203.0898964403661,99.0,288.0,0.4874688585459478,mixto,238.854,197.616,186.65,25.7,29.851,5.1,0.14
2021-05-04 17:00:00,2021,5,4,17,27.0,27.0,0.0,1.0,alta_fd,26.189,18.18,13.572,23.0,23.588,3.1,0.14
2021-05-04 18:00:00,2021,5,4,18,0.0,0.0,0.0,,,0.0,0.0,0.0,21.0,0.0,3.1,0.14
2021-05-04 19:00:00,2021,5,4,19,0.0,0.0,0.0,,,0.0,0.0,0.0,20.0,20.0,2.6,0.14
2021-05-04 20:00:00,2021,5,4,20,0.0,0.0,0.0,,,0.0,0.0,0.0,17.0,17.0,1.0,0.14
2021-05-04 21:00:00,2021,5,4,21,0.0,0.0,0.0,,,0.0,0.0,0.0,11.0,11.0,1.5,0.14
2021-05-04 22:00:00,2021,5,4,22,0.0,0.0,0.0,,,0.0,0.0,0.0,11.7,11.7,0.5,0.14
2021-05-04 23:00:00,2021,5,4,23,0.0,0.0,0.0,,,0.0,0.0,0.0,11.0,11.0,1.0,0.14
2021-05-05 00:00:00,2021,5,5,0,0.0,0.0,0.0,,,0.0,0.0,0.0,13.0,13.0,3.1,0.14
2021-05-05 01:00:00,2021,5,5,1,0.0,0.0,0.0,,,0.0,0.0,0.0,12.3,12.3,3.6,0.14
2021-05-05 02:00:00,2021,5,5,2,0.0,0.0,0.0,,,0.0,0.0,0.0,12.0,12.0,3.6,0.14
2021-05-05 03:00:00,2021,5,5,3,0.0,0.0,0.0,,,0.0,0.0,0.0,9.0,9.0,1.0,0.14
2021-05-05 04:00:00,2021,5,5,4,0.0,0.0,0.0,,,0.0,0.0,0.0,7.6,7.6,1.0,0.14
2021-05-05 05:00:00,2021,5,5,5,0.0,0.0,0.0,,,0.0,0.0,0.0,7.0,7.0,2.1,0.14
2021-05-05 06:00:00,2021,5,5,6,0.0,0.0,0.0,,,0.0,0.0,0.0,8.0,8.0,1.5,0.14
2021-05-05 07:00:00,2021,5,5,7,10.0,10.0,0.0,,,9.449,5.384,1.23,5.8,6.202,0.0,0.14
2021-05-05 08:00:00,2021,5,5,8,102.9709721509308,84.0,159.0,0.8157638822412602,alta_fd,155.274,132.905,124.232,8.0,12.861,1.5,0.14
2021-05-05 09:00:00,2021,5,5,9,261.54080637027994,133.0,422.0,0.5085248525681436,mixto,397.577,336.175,320.299,12.0,30.942,0.0,0.14
2021-05-05 10:00:00,2021,5,5,10,138.0,138.0,0.0,1.0,alta_fd,133.581,112.256,104.315,13.9,17.589,2.1,0.14
2021-05-05 11:00:00,2021,5,5,11,514.5336845258794,211.0,532.0,0.4100800517937468,mixto,690.129,565.166,541.177,15.0,36.699,1.5,0.14
2021-05-05 12:00:00,2021,5,5,12,184.0,184.0,0.0,1.0,alta_fd,179.335,147.998,138.791,16.0,22.319,1.0,0.14
2021-05-05 13:00:00,2021,5,5,13,177.0,177.0,0.0,1.0,alta_fd,172.349,142.559,133.544,17.0,21.75,2.1,0.14
2021-05-05 14:00:00,2021,5,5,14,480.32362412587304,373.0,180.0,0.7765597635944137,alta_fd,553.538,463.728,443.332,18.0,28.959,4.1,0.14
2021-05-05 15:00:00,2021,5,5,15,107.0,107.0,0.0,1.0,alta_fd,102.952,85.336,78.349,18.0,20.195,3.6,0.14
2021-05-05 16:00:00,2021,5,5,16,53.0,53.0,0.0,1.0,alta_fd,50.211,41.129,35.708,16.6,17.53,4.6,0.14
2021-05-05 17:00:00,2021,5,5,17,16.0,16.0,0.0,1.0,alta_fd,15.127,10.592,6.253,16.0,16.34,3.1,0.14
2021-05-05 18:00:00,2021,5,5,18,0.0,0.0,0.0,,,0.0,0.0,0.0,15.0,15.0,3.1,0.14
2021-05-05 19:00:00,2021,5,5,19,0.0,0.0,0.0,,,0.0,0.0,0.0,13.9,13.9,1.5,0.14
2021-05-05 20:00:00,2021,5,5,20,0.0,0.0,0.0,,,0.0,0.0,0.0,15.0,15.0,4.1,0.14
2021-05-05 21:00:00,2021,5,5,21,0.0,0.0,0.0,,,0.0,0.0,0.0,15.0,15.0,3.6,0.14
2021-05-05 22:00:00,2021,5,5,22,0.0,0.0,0.0,,,0.0,0.0,0.0,14.6,14.6,2.6,0.14
2021-05-05 23:00:00,2021,5,5,23,0.0,0.0,0.0,,,0.0,0.0,0.0,14.3,14.3,1.0,0.14
2021-05-06 00:00:00,2021,5,6,0,0.0,0.0,0.0,,,0.0,0.0,0.0,14.0,14.0,1.5,0.14
2021-05-06 01:00:00,2021,5,6,1,0.0,0.0,0.0,,,0.0,0.0,0.0,13.4,13.4,1.0,0.14
2021-05-06 02:00:00,2021,5,6,2,0.0,0.0,0.0,,,0.0,0.0,0.0,12.0,12.0,2.1,0.14
2021-05-06 03:00:00,2021,5,6,3,0.0,0.0,0.0,,,0.0,0.0,0.0,10.0,10.0,2.1,0.14
2021-05-06 04:00:00,2021,5,6,4,0.0,0.0,0.0,,,0.0,0.0,0.0,10.5,10.5,2.6,0.14
2021-05-06 05:00:00,2021,5,6,5,0.0,0.0,0.0,,,0.0,0.0,0.0,11.0,11.0,0.5,0.14
2021-05-06 06:00:00,2021,5,6,6,0.0,0.0,0.0,,,0.0,0.0,0.0,11.1,11.1,2.6,0.14
2021-05-06 07:00:00,2021,5,6,7,7.0,7.0,0.0,,,6.609,3.608,0.0,11.2,11.386,1.5,0.14
2021-05-06 08:00:00,2021,5,6,8,97.45535666697921,83.0,124.0,0.8516720151527892,alta_fd,136.593,114.239,106.227,13.0,17.82,1.0,0.14
2021-05-06 09:00:00,2021,5,6,9,258.147401226672,133.0,415.0,0.5152095251317925,mixto,393.024,333.533,317.751,16.0,29.983,1.0,0.14
2021-05-06 10:00:00,2021,5,6,10,415.8524132701013,140.0,606.0,0.33665789961177467,mixto,611.014,499.826,478.151,17.4,39.101,1.0,0.14
2021-05-06 11:00:00,2021,5,6,11,534.2894039698549,130.0,713.0,0.24331382773844926,baja_fd,753.344,611.55,585.917,19.0,39.89,2.1,0.14
2021-05-06 12:00:00,2021,5,6,12,581.0673778801946,143.0,696.0,0.24609882682053433,baja_fd,784.342,648.389,621.451,20.0,34.528,4.6,0.14
2021-05-06 13:00:00,2021,5,6,13,516.7227417051503,250.0,418.0,0.48381845779618066,mixto,646.72,536.694,513.714,19.6,32.413,4.1,0.14
2021-05-06 14:00:00,2021,5,6,14,477.35471462512976,174.0,512.0,0.3645088121453739,mixto,597.378,503.429,481.627,19.8,30.452,4.9,0.14
2021-05-06 15:00:00,2021,5,6,15,363.54622481920603,138.0,455.0,0.3795940944473521,mixto,447.428,383.797,366.234,20.0,27.256,5.7,0.14
2021-05-06 16:00:00,2021,5,6,16,188.10404620595986,102.0,243.0,0.5422530884227638,mixto,222.001,188.7,178.05,18.9,22.293,6.2,0.14
2021-05-06 17:00:00,2021,5,6,17,23.0,23.0,0.0,1.0,alta_fd,21.815,15.225,10.722,17.0,17.45,3.6,0.14
2021-05-06 18:00:00,2021,5,6,18,0.0,0.0,0.0,,,0.0,0.0,0.0,15.0,15.0,2.1,0.14
2021-05-06 19:00:00,2021,5,6,19,0.0,0.0,0.0,,,0.0,0.0,0.0,13.8,13.8,1.5,0.14
2021-05-06 20:00:00,2021,5,6,20,0.0,0.0,0.0,,,0.0,0.0,0.0,14.0,14.0,1.0,0.14
2021-05-06 21:00:00,2021,5,6,21,0.0,0.0,0.0,,,0.0,0.0,0.0,10.0,10.0,1.5,0.14
2021-05-06 22:00:00,2021,5,6,22,0.0,0.0,0.0,,,0.0,0.0,0.0,9.8,9.8,0.5,0.14
2021-05-06 23:00:00,2021,5,6,23,0.0,0.0,0.0,,,0.0,0.0,0.0,10.0,10.0,1.0,0.14
2021-05-07 00:00:00,2021,5,7,0,0.0,0.0,0.0,,,0.0,0.0,0.0,9.0,9.0,0.5,0.14
2021-05-07 01:00:00,2021,5,7,1,0.0,0.0,0.0,,,0.0,0.0,0.0,7.4,7.4,0.5,0.14
2021-05-07 02:00:00,2021,5,7,2,0.0,0.0,0.0,,,0.0,0.0,0.0,6.0,6.0,0.5,0.14
2021-05-07 03:00:00,2021,5,7,3,0.0,0.0,0.0,,,0.0,0.0,0.0,7.0,7.0,1.0,0.14
2021-05-07 04:00:00,2021,5,7,4,0.0,0.0,0.0,,,0.0,0.0,0.0,6.9,6.9,1.0,0.14
2021-05-07 05:00:00,2021,5,7,5,0.0,0.0,0.0,,,0.0,0.0,0.0,7.0,7.0,1.0,0.14
2021-05-07 06:00:00,2021,5,7,6,0.0,0.0,0.0,,,0.0,0.0,0.0,6.0,6.0,1.0,0.14
2021-05-07 07:00:00,2021,5,7,7,3.0,3.0,0.0,,,2.829,1.513,0.0,7.2,7.32,0.0,0.14
2021-05-07 08:00:00,2021,5,7,8,46.0,46.0,0.0,1.0,alta_fd,43.576,36.407,31.153,9.0,10.206,2.1,0.14
2021-05-07 09:00:00,2021,5,7,9,141.28392992853347,138.0,11.0,0.9767565219187023,alta_fd,142.574,122.741,114.429,10.0,15.053,1.0,0.14
2021-05-07 10:00:00,2021,5,7,10,251.27855009497208,221.0,67.0,0.8795020502803437,alta_fd,279.105,237.781,225.392,11.6,21.475,1.0,0.14
2021-05-07 11:00:00,2021,5,7,11,312.5742827488888,272.0,72.0,0.8701931509141949,alta_fd,344.955,286.112,272.011,14.0,27.952,0.5,0.14
2021-05-07 12:00:00,2021,5,7,12,341.5584092633663,294.0,76.0,0.8607605376604992,alta_fd,375.321,310.751,295.776,15.0,28.245,1.0,0.14
2021-05-07 13:00:00,2021,5,7,13,330.5789401319797,283.0,75.0,0.8560738923266424,alta_fd,360.912,294.539,280.139,17.4,31.993,0.5,0.14
2021-05-07 14:00:00,2021,5,7,14,241.18711896042,230.0,19.0,0.9536164327156466,alta_fd,244.236,206.075,194.809,17.0,21.509,4.6,0.14
2021-05-07 15:00:00,2021,5,7,15,138.0,138.0,0.0,1.0,alta_fd,135.11,113.543,105.556,17.0,19.499,4.6,0.14
2021-05-07 16:00:00,2021,5,7,16,51.0,51.0,0.0,1.0,alta_fd,48.311,39.545,34.18,16.3,17.259,4.1,0.14
2021-05-07 17:00:00,2021,5,7,17,7.0,7.0,0.0,,,6.607,4.404,0.284,15.0,15.161,2.6,0.14
2021-05-07 18:00:00,2021,5,7,18,0.0,0.0,0.0,,,0.0,0.0,0.0,14.0,14.0,2.1,0.14
2021-05-07 19:00:00,2021,5,7,19,0.0,0.0,0.0,,,0.0,0.0,0.0,13.6,13.6,1.5,0.14
2021-05-07 20:00:00,2021,5,7,20,0.0,0.0,0.0,,,0.0,0.0,0.0,13.0,13.0,2.6,0.14
2021-05-07 21:00:00,2021,5,7,21,0.0,0.0,0.0,,,0.0,0.0,0.0,12.0,12.0,1.5,0.14
2021-05-07 22:00:00,2021,5,7,22,0.0,0.0,0.0,,,0.0,0.0,0.0,11.7,11.7,2.1,0.14
2021-05-07 23:00:00,2021,5,7,23,0.0,0.0,0.0,,,0.0,0.0,0.0,11.0,11.0,2.1,0.14
2021-05-08 00:00:00,2021,5,8,0,0.0,0.0,0.0,,,0.0,0.0,0.0,10.0,10.0,1.0,0.14
2021-05-08 01:00:00,2021,5,8,1,0.0,0.0,0.0,,,0.0,0.0,0.0,8.7,8.7,0.0,0.14
2021-05-08 02:00:00,2021,5,8,2,0.0,0.0,0.0,,,0.0,0.0,0.0,9.0,9.0,2.1,0.14
2021-05-08 03:00:00,2021,5,8,3,0.0,0.0,0.0,,,0.0,0.0,0.0,9.0,9.0,1.0,0.14
2021-05-08 04:00:00,2021,5,8,4,0.0,0.0,0.0,,,0.0,0.0,0.0,8.8,8.8,1.0,0.14
2021-05-08 05:00:00,2021,5,8,5,0.0,0.0,0.0,,,0.0,0.0,0.0,9.0,9.0,1.5,0.14
2021-05-08 06:00:00,2021,5,8,6,0.0,0.0,0.0,,,0.0,0.0,0.0,9.0,9.0,1.0,0.14
2021-05-08 07:00:00,2021,5,8,7,3.0,3.0,0.0,,,2.829,1.492,0.0,9.9,9.98,1.5,0.14
2021-05-08 08:00:00,2021,5,8,8,34.0,34.0,0.0,1.0,alta_fd,32.174,26.285,21.39,11.0,12.304,0.5,0.14
2021-05-08 09:00:00,2021,5,8,9,87.0,87.0,0.0,1.0,alta_fd,83.286,70.401,63.943,11.0,14.379,0.5,0.14
2021-05-08 10:00:00,2021,5,8,10,134.0,134.0,0.0,1.0,alta_fd,129.67,108.915,101.092,12.4,17.648,0.5,0.14
2021-05-08 11:00:00,2021,5,8,11,195.6802150323959,194.0,3.0,0.9914134649120366,alta_fd,192.857,162.266,152.553,13.0,19.037,1.5,0.14
2021-05-08 12:00:00,2021,5,8,12,239.73303679261468,236.0,6.0,0.9844283589672957,alta_fd,239.015,200.033,188.981,14.0,21.477,1.5,0.14
2021-05-08 13:00:00,2021,5,8,13,257.0458478468238,252.0,8.0,0.9803698527360354,alta_fd,258.11,214.003,202.457,15.7,24.803,1.0,0.14
2021-05-08 14:00:00,2021,5,8,14,239.77743654234922,231.0,15.0,0.9633934006930674,alta_fd,242.457,204.546,193.334,17.0,21.476,4.6,0.14
2021-05-08 15:00:00,2021,5,8,15,182.68003921246884,169.0,28.0,0.9251147565358355,alta_fd,192.689,163.534,153.776,17.0,20.821,4.1,0.14
2021-05-08 16:00:00,2021,5,8,16,95.04263503718826,94.0,3.0,0.9890298176520432,alta_fd,94.335,78.653,71.902,17.3,19.482,3.1,0.14
2021-05-08 17:00:00,2021,5,8,17,15.0,15.0,0.0,1.0,alta_fd,14.18,9.582,5.279,16.0,16.378,2.1,0.14
2021-05-08 18:00:00,2021,5,8,18,0.0,0.0,0.0,,,0.0,0.0,0.0,15.0,15.0,2.1,0.14
2021-05-08 19:00:00,2021,5,8,19,0.0,0.0,0.0,,,0.0,0.0,0.0,12.6,12.6,4.1,0.14
2021-05-08 20:00:00,2021,5,8,20,0.0,0.0,0.0,,,0.0,0.0,0.0,11.0,11.0,1.0,0.14
2021-05-08 21:00:00,2021,5,8,21,0.0,0.0,0.0,,,0.0,0.0,0.0,9.0,9.0,0.5,0.14
2021-05-08 22:00:00,2021,5,8,22,0.0,0.0,0.0,,,0.0,0.0,0.0,6.7,6.7,1.0,0.14
2021-05-08 23:00:00,2021,5,8,23,0.0,0.0,0.0,,,0.0,0.0,0.0,6.0,6.0,0.5,0.14
2021-05-09 00:00:00,2021,5,9,0,0.0,0.0,0.0,,,0.0,0.0,0.0,5.0,5.0,0.5,0.14
2021-05-09 01:00:00,2021,5,9,1,0.0,0.0,0.0,,,0.0,0.0,0.0,4.4,4.4,0.0,0.14
2021-05-09 02:00:00,2021,5,9,2,0.0,0.0,0.0,,,0.0,0.0,0.0,3.0,3.0,1.5,0.14
2021-05-09 03:00:00,2021,5,9,3,0.0,0.0,0.0,,,0.0,0.0,0.0,2.0,2.0,2.1,0.14
2021-05-09 04:00:00,2021,5,9,4,0.0,0.0,0.0,,,0.0,0.0,0.0,3.0,3.0,0.5,0.14
2021-05-09 05:00:00,2021,5,9,5,0.0,0.0,0.0,,,0.0,0.0,0.0,1.0,1.0,0.5,0.14
2021-05-09 06:00:00,2021,5,9,6,0.0,0.0,0.0,,,0.0,0.0,0.0,0.0,0.0,0.5,0.14
2021-05-09 07:00:00,2021,5,9,7,9.0,9.0,0.0,,,8.503,4.931,0.793,1.2,1.509,0.5,0.14
2021-05-09 08:00:00,2021,5,9,8,95.37550512877607,79.0,151.0,0.8283049184728736,alta_fd,146.601,126.268,117.83,4.0,9.918,0.5,0.14
2021-05-09 09:00:00,2021,5,9,9,250.45944751493366,127.0,422.0,0.5070681152581702,mixto,388.604,333.205,317.435,9.0,27.519,0.0,0.14
2021-05-09 10:00:00,2021,5,9,10,404.93198575108124,135.0,606.0,0.33338932154148687,mixto,602.155,497.144,475.565,12.5,37.0,0.5,0.14
2021-05-09 11:00:00,2021,5,9,11,520.2100385345154,130.0,701.0,0.24989906070675455,baja_fd,739.023,585.538,560.826,16.0,46.026,0.5,0.14
2021-05-09 12:00:00,2021,5,9,12,530.2089269376731,211.0,516.0,0.39795633245685313,mixto,695.514,555.312,531.672,18.0,42.632,1.0,0.14
2021-05-09 13:00:00,2021,5,9,13,328.085871821029,266.0,99.0,0.8107633483989312,alta_fd,361.861,302.395,287.716,18.2,26.539,3.1,0.14
2021-05-09 14:00:00,2021,5,9,14,397.81632140441707,253.0,249.0,0.6359718955392032,mixto,464.56,391.973,374.12,18.0,27.914,3.6,0.14
2021-05-09 15:00:00,2021,5,9,15,337.76755435433324,151.0,385.0,0.4470530045097057,mixto,416.117,354.413,337.891,18.0,28.521,2.6,0.14
2021-05-09 16:00:00,2021,5,9,16,180.4425826949797,93.0,254.0,0.5153994063430541,mixto,215.57,182.93,172.485,16.6,22.033,2.6,0.14
2021-05-09 17:00:00,2021,5,9,17,20.0,20.0,0.0,1.0,alta_fd,18.926,13.1,8.672,14.0,14.739,0.5,0.14
2021-05-09 18:00:00,2021,5,9,18,0.0,0.0,0.0,,,0.0,0.0,0.0,12.0,12.0,1.5,0.14
2021-05-09 19:00:00,2021,5,9,19,0.0,0.0,0.0,,,0.0,0.0,0.0,10.2,10.2,0.0,0.14
2021-05-09 20:00:00,2021,5,9,20,0.0,0.0,0.0,,,0.0,0.0,0.0,9.0,9.0,1.0,0.14
2021-05-09 21:00:00,2021,5,9,21,0.0,0.0,0.0,,,0.0,0.0,0.0,6.0,6.0,0.5,0.14
2021-05-09 22:00:00,2021,5,9,22,0.0,0.0,0.0,,,0.0,0.0,0.0,5.1,5.1,0.0,0.14
2021-05-09 23:00:00,2021,5,9,23,0.0,0.0,0.0,,,0.0,0.0,0.0,3.0,3.0,1.5,0.14
2021-05-10 00:00:00,2021,5,10,0,0.0,0.0,0.0,,,0.0,0.0,0.0,4.0,4.0,1.0,0.14
2021-05-10 01:00:00,2021,5,10,1,0.0,0.0,0.0,,,0.0,0.0,0.0,2.8,2.8,1.0,0.14
2021-05-10 02:00:00,2021,5,10,2,0.0,0.0,0.0,,,0.0,0.0,0.0,2.0,2.0,0.0,0.14
2021-05-10 03:00:00,2021,5,10,3,0.0,0.0,0.0,,,0.0,0.0,0.0,2.0,2.0,0.0,0.14
2021-05-10 04:00:00,2021,5,10,4,0.0,0.0,0.0,,,0.0,0.0,0.0,-0.3,-0.3,1.0,0.14
2021-05-10 05:00:00,2021,5,10,5,0.0,0.0,0.0,,,0.0,0.0,0.0,0.0,0.0,0.5,0.14
2021-05-10 06:00:00,2021,5,10,6,0.0,0.0,0.0,,,0.0,0.0,0.0,0.0,0.0,0.0,0.14
2021-05-10 07:00:00,2021,5,10,7,8.0,8.0,0.0,,,7.556,4.364,0.246,1.0,1.275,0.5,0.14
2021-05-10 08:00:00,2021,5,10,8,93.65414623400862,78.0,148.0,0.832851540871512,alta_fd,144.363,123.745,115.397,5.0,10.826,0.5,0.14
2021-05-10 09:00:00,2021,5,10,9,247.7907845143598,125.0,424.0,0.504457824147839,mixto,386.904,336.663,320.77,8.0,23.771,0.5,0.14
2021-05-10 10:00:00,2021,5,10,10,402.4354215276794,134.0,607.0,0.33297267793009994,mixto,600.627,494.945,473.444,13.1,37.539,0.5,0.14
2021-05-10 11:00:00,2021,5,10,11,520.4549857930888,121.0,722.0,0.23248888626864755,baja_fd,744.363,601.384,576.111,15.0,41.411,1.0,0.14
2021-05-10 12:00:00,2021,5,10,12,586.4071773939049,106.0,781.0,0.18076177114864514,baja_fd,805.241,644.293,617.499,18.0,43.344,1.5,0.14
2021-05-10 13:00:00,2021,5,10,13,585.643436213543,98.0,782.0,0.16733731472107932,baja_fd,779.602,638.536,611.947,19.9,37.946,3.1,0.14
2021-05-10 14:00:00,2021,5,10,14,511.9883749353409,116.0,685.0,0.22656764426467624,baja_fd,663.483,557.289,533.578,21.0,32.55,5.1,0.14
2021-05-10 15:00:00,2021,5,10,15,369.2685602054867,126.0,505.0,0.3412150764470304,mixto,461.352,392.235,374.373,21.0,30.187,4.1,0.14
2021-05-10 16:00:00,2021,5,10,16,183.06213126395096,92.0,267.0,0.5025616131790162,mixto,219.717,184.261,173.768,19.9,24.978,3.1,0.14
2021-05-10 17:00:00,2021,5,10,17,20.0,20.0,0.0,1.0,alta_fd,18.927,12.675,8.262,17.0,17.386,3.6,0.14
2021-05-10 18:00:00,2021,5,10,18,0.0,0.0,0.0,,,0.0,0.0,0.0,13.0,13.0,2.6,0.14
2021-05-10 19:00:00,2021,5,10,19,0.0,0.0,0.0,,,0.0,0.0,0.0,11.0,11.0,0.0,0.14
2021-05-10 20:00:00,2021,5,10,20,0.0,0.0,0.0,,,0.0,0.0,0.0,11.0,11.0,1.5,0.14
2021-05-10 21:00:00,2021,5,10,21,0.0,0.0,0.0,,,0.0,0.0,0.0,8.0,8.0,2.6,0.14
2021-05-10 22:00:00,2021,5,10,22,0.0,0.0,0.0,,,0.0,0.0,0.0,5.7,5.7,1.0,0.14
2021-05-10 23:00:00,2021,5,10,23,0.0,0.0,0.0,,,0.0,0.0,0.0,5.0,5.0,0.5,0.14
2021-05-11 00:00:00,2021,5,11,0,0.0,0.0,0.0,,,0.0,0.0,0.0,6.0,6.0,0.5,0.14
2021-05-11 01:00:00,2021,5,11,1,0.0,0.0,0.0,,,0.0,0.0,0.0,1.9,1.9,0.0,0.14
2021-05-11 02:00:00,2021,5,11,2,0.0,0.0,0.0,,,0.0,0.0,0.0,2.0,2.0,0.5,0.14
2021-05-11 03:00:00,2021,5,11,3,0.0,0.0,0.0,,,0.0,0.0,0.0,2.0,2.0,0.5,0.14
2021-05-11 04:00:00,2021,5,11,4,0.0,0.0,0.0,,,0.0,0.0,0.0,0.7,0.7,1.5,0.14
2021-05-11 05:00:00,2021,5,11,5,0.0,0.0,0.0,,,0.0,0.0,0.0,0.0,0.0,1.0,0.14
2021-05-11 06:00:00,2021,5,11,6,0.0,0.0,0.0,,,0.0,0.0,0.0,1.0,1.0,0.0,0.14
2021-05-11 07:00:00,2021,5,11,7,8.0,8.0,0.0,,,7.556,4.384,0.265,0.0,0.321,0.0,0.14
2021-05-11 08:00:00,2021,5,11,8,91.95160865867237,77.0,145.0,0.8373969865587314,alta_fd,142.13,122.793,114.479,4.0,8.443,1.5,0.14
2021-05-11 09:00:00,2021,5,11,9,242.67405088331716,126.0,407.0,0.5192149697974238,mixto,377.912,334.732,318.908,7.0,18.935,1.5,0.14
2021-05-11 10:00:00,2021,5,11,10,380.0702367464837,150.0,524.0,0.39466389497911075,mixto,553.641,455.439,435.337,11.2,37.532,0.0,0.14
2021-05-11 11:00:00,2021,5,11,11,499.6990667950586,167.0,605.0,0.3342011444429846,mixto,698.792,564.879,540.9,16.0,40.781,1.0,0.14
2021-05-11 12:00:00,2021,5,11,12,565.4358293897957,144.0,689.0,0.2546708088084924,baja_fd,771.811,616.892,591.07,19.0,43.282,1.5,0.14
2021-05-11 13:00:00,2021,5,11,13,570.4924316864148,111.0,741.0,0.19456875119600867,baja_fd,758.493,618.146,592.279,20.0,39.14,2.6,0.14
2021-05-11 14:00:00,2021,5,11,14,497.6459841777025,127.0,645.0,0.2552014967223167,baja_fd,644.469,531.061,508.28,21.0,37.279,2.6,0.14
2021-05-11 15:00:00,2021,5,11,15,352.8394299237376,161.0,401.0,0.45629820917349967,mixto,435.472,366.245,349.304,21.0,32.011,2.6,0.14
2021-05-11 16:00:00,2021,5,11,16,174.79282255475167,92.0,245.0,0.5263374013608719,mixto,210.092,175.654,165.467,20.4,25.255,3.1,0.14
2021-05-11 17:00:00,2021,5,11,17,19.0,19.0,0.0,1.0,alta_fd,17.979,11.717,7.338,17.0,17.473,2.1,0.14
2021-05-11 18:00:00,2021,5,11,18,0.0,0.0,0.0,,,0.0,0.0,0.0,14.0,14.0,3.1,0.14
2021-05-11 19:00:00,2021,5,11,19,0.0,0.0,0.0,,,0.0,0.0,0.0,13.0,13.0,3.1,0.14
2021-05-11 20:00:00,2021,5,11,20,0.0,0.0,0.0,,,0.0,0.0,0.0,9.0,9.0,3.1,0.14
2021-05-11 21:00:00,2021,5,11,21,0.0,0.0,0.0,,,0.0,0.0,0.0,7.0,7.0,2.6,0.14
2021-05-11 22:00:00,2021,5,11,22,0.0,0.0,0.0,,,0.0,0.0,0.0,5.1,5.1,0.5,0.14
2021-05-11 23:00:00,2021,5,11,23,0.0,0.0,0.0,,,0.0,0.0,0.0,5.0,5.0,2.1,0.14
2021-05-12 00:00:00,2021,5,12,0,0.0,0.0,0.0,,,0.0,0.0,0.0,6.0,6.0,1.5,0.14
2021-05-12 01:00:00,2021,5,12,1,0.0,0.0,0.0,,,0.0,0.0,0.0,3.2,3.2,1.0,0.14
2021-05-12 02:00:00,2021,5,12,2,0.0,0.0,0.0,,,0.0,0.0,0.0,4.0,4.0,2.6,0.14
2021-05-12 03:00:00,2021,5,12,3,0.0,0.0,0.0,,,0.0,0.0,0.0,3.0,3.0,1.0,0.14
2021-05-12 04:00:00,2021,5,12,4,0.0,0.0,0.0,,,0.0,0.0,0.0,1.8,1.8,1.5,0.14
2021-05-12 05:00:00,2021,5,12,5,0.0,0.0,0.0,,,0.0,0.0,0.0,1.0,1.0,0.5,0.14
2021-05-12 06:00:00,2021,5,12,6,0.0,0.0,0.0,,,0.0,0.0,0.0,2.0,2.0,1.5,0.14
2021-05-12 07:00:00,2021,5,12,7,8.0,8.0,0.0,,,7.557,4.386,0.267,0.0,0.213,1.5,0.14
2021-05-12 08:00:00,2021,5,12,8,83.99518110847538,64.0,199.0,0.7619484731790429,alta_fd,146.008,124.258,115.892,4.0,10.876,0.0,0.14
2021-05-12 09:00:00,2021,5,12,9,240.3561522419423,126.0,403.0,0.5242220713916592,mixto,375.097,331.079,315.384,8.0,19.846,1.5,0.14
2021-05-12 10:00:00,2021,5,12,10,376.86390247079305,148.0,525.0,0.39271471486041304,mixto,551.162,450.084,430.172,13.2,39.417,0.0,0.14
2021-05-12 11:00:00,2021,5,12,11,506.75109717799955,152.0,649.0,0.29995001657906434,baja_fd,717.033,556.089,532.421,17.0,51.06,0.0,0.14
2021-05-12 12:00:00,2021,5,12,12,576.7812831823242,151.0,700.0,0.2617976768713349,baja_fd,787.605,633.246,606.844,20.0,41.83,2.1,0.14
2021-05-12 13:00:00,2021,5,12,13,576.7695104553386,97.0,778.0,0.1681780992955436,baja_fd,771.698,590.706,565.812,23.1,54.464,0.5,0.14
2021-05-12 14:00:00,2021,5,12,14,503.32280275227714,116.0,678.0,0.23046839794598437,baja_fd,655.438,529.985,507.241,24.0,42.202,2.1,0.14
2021-05-12 15:00:00,2021,5,12,15,356.9926777414503,156.0,423.0,0.4369837526835271,mixto,442.793,363.466,346.623,26.0,38.309,2.1,0.14
2021-05-12 16:00:00,2021,5,12,16,169.65101579890793,101.0,205.0,0.5953397892985097,mixto,203.495,165.491,155.663,24.5,31.708,1.0,0.14
2021-05-12 17:00:00,2021,5,12,17,19.0,19.0,0.0,1.0,alta_fd,17.979,11.536,7.164,21.0,21.694,0.5,0.14
2021-05-12 18:00:00,2021,5,12,18,0.0,0.0,0.0,,,0.0,0.0,0.0,18.0,18.0,1.5,0.14
2021-05-12 19:00:00,2021,5,12,19,0.0,0.0,0.0,,,0.0,0.0,0.0,14.3,14.3,0.5,0.14
2021-05-12 20:00:00,2021,5,12,20,0.0,0.0,0.0,,,0.0,0.0,0.0,12.0,12.0,0.0,0.14
2021-05-12 21:00:00,2021,5,12,21,0.0,0.0,0.0,,,0.0,0.0,0.0,9.0,9.0,1.5,0.14
2021-05-12 22:00:00,2021,5,12,22,0.0,0.0,0.0,,,0.0,0.0,0.0,8.8,8.8,1.5,0.14
2021-05-12 23:00:00,2021,5,12,23,0.0,0.0,0.0,,,0.0,0.0,0.0,9.0,9.0,1.0,0.14
2021-05-13 00:00:00,2021,5,13,0,0.0,0.0,0.0,,,0.0,0.0,0.0,6.0,6.0,1.5,0.14
2021-05-13 01:00:00,2021,5,13,1,0.0,0.0,0.0,,,0.0,0.0,0.0,5.2,5.2,2.1,0.14
2021-05-13 02:00:00,2021,5,13,2,0.0,0.0,0.0,,,0.0,0.0,0.0,8.0,8.0,0.0,0.14
2021-05-13 03:00:00,2021,5,13,3,0.0,0.0,0.0,,,0.0,0.0,0.0,4.0,4.0,1.0,0.14
2021-05-13 04:00:00,2021,5,13,4,0.0,0.0,0.0,,,0.0,0.0,0.0,3.1,3.1,1.5,0.14
2021-05-13 05:00:00,2021,5,13,5,0.0,0.0,0.0,,,0.0,0.0,0.0,4.0,4.0,1.5,0.14
2021-05-13 06:00:00,2021,5,13,6,0.0,0.0,0.0,,,0.0,0.0,0.0,4.0,4.0,0.5,0.14
2021-05-13 07:00:00,2021,5,13,7,7.0,7.0,0.0,,,6.61,3.744,0.0,3.8,4.04,0.5,0.14
2021-05-13 08:00:00,2021,5,13,8,82.20269299217311,64.0,186.0,0.7785633009139218,alta_fd,141.268,118.876,110.7,9.0,13.408,1.5,0.14
2021-05-13 09:00:00,2021,5,13,9,242.39904997596145,141.0,361.0,0.5816854480823372,mixto,360.543,308.199,293.315,13.0,27.692,0.5,0.14
2021-05-13 10:00:00,2021,5,13,10,395.11757296328847,151.0,564.0,0.38216472850735456,mixto,581.26,485.131,463.977,15.9,34.225,1.5,0.14
2021-05-13 11:00:00,2021,5,13,11,501.9532380573631,114.0,714.0,0.22711278931319914,baja_fd,725.259,593.85,568.844,20.0,38.307,2.6,0.14
2021-05-13 12:00:00,2021,5,13,12,551.8305831055501,129.0,699.0,0.2337673988165419,baja_fd,760.21,606.28,580.833,23.0,44.076,2.1,0.14
2021-05-13 13:00:00,2021,5,13,13,521.0806244828435,250.0,442.0,0.4797722046336252,mixto,660.69,538.125,515.094,24.6,37.698,4.1,0.14
2021-05-13 14:00:00,2021,5,13,14,409.0948641283405,237.0,303.0,0.5793277324685474,mixto,495.224,405.183,386.862,26.0,36.576,3.6,0.14
2021-05-13 15:00:00,2021,5,13,15,246.05522219586925,188.0,123.0,0.7640561265972436,alta_fd,281.082,232.151,219.961,26.0,32.009,3.6,0.14
2021-05-13 16:00:00,2021,5,13,16,86.99575155000015,86.0,3.0,0.9885540209463235,alta_fd,86.343,69.941,63.499,23.5,25.213,4.1,0.14
2021-05-13 17:00:00,2021,5,13,17,16.0,16.0,0.0,1.0,alta_fd,15.131,9.399,5.102,20.7,21.03,3.1,0.14
2021-05-13 18:00:00,2021,5,13,18,0.0,0.0,0.0,,,0.0,0.0,0.0,18.0,18.0,3.1,0.14
2021-05-13 19:00:00,2021,5,13,19,0.0,0.0,0.0,,,0.0,0.0,0.0,15.7,15.7,1.5,0.14
2021-05-13 20:00:00,2021,5,13,20,0.0,0.0,0.0,,,0.0,0.0,0.0,12.0,12.0,1.0,0.14
2021-05-13 21:00:00,2021,5,13,21,0.0,0.0,0.0,,,0.0,0.0,0.0,11.0,11.0,1.5,0.14
2021-05-13 22:00:00,2021,5,13,22,0.0,0.0,0.0,,,0.0,0.0,0.0,9.8,9.8,0.0,0.14
2021-05-13 23:00:00,2021,5,13,23,0.0,0.0,0.0,,,0.0,0.0,0.0,10.0,10.0,0.0,0.14
2021-05-14 00:00:00,2021,5,14,0,0.0,0.0,0.0,,,0.0,0.0,0.0,7.0,7.0,0.0,0.14
2021-05-14 01:00:00,2021,5,14,1,0.0,0.0,0.0,,,0.0,0.0,0.0,5.7,5.7,1.0,0.14
2021-05-14 02:00:00,2021,5,14,2,0.0,0.0,0.0,,,0.0,0.0,0.0,5.0,5.0,0.5,0.14
2021-05-14 03:00:00,2021,5,14,3,0.0,0.0,0.0,,,0.0,0.0,0.0,7.0,7.0,0.5,0.14
2021-05-14 04:00:00,2021,5,14,4,0.0,0.0,0.0,,,0.0,0.0,0.0,4.5,4.5,0.5,0.14
2021-05-14 05:00:00,2021,5,14,5,0.0,0.0,0.0,,,0.0,0.0,0.0,3.0,3.0,1.0,0.14
2021-05-14 06:00:00,2021,5,14,6,0.0,0.0,0.0,,,0.0,0.0,0.0,3.0,3.0,0.0,0.14
2021-05-14 07:00:00,2021,5,14,7,7.0,7.0,0.0,,,6.61,3.736,0.0,4.3,4.51,1.0,0.14
2021-05-14 08:00:00,2021,5,14,8,85.9571172106109,73.0,136.0,0.849260682174071,alta_fd,134.239,113.68,105.689,7.0,12.412,0.5,0.14
2021-05-14 09:00:00,2021,5,14,9,235.55043063450847,121.0,412.0,0.5136904215121113,mixto,373.343,319.248,303.973,13.0,28.22,0.5,0.14
2021-05-14 10:00:00,2021,5,14,10,389.15204759038573,130.0,603.0,0.33405965818490463,mixto,588.82,480.921,459.916,16.0,39.966,0.5,0.14
2021-05-14 11:00:00,2021,5,14,11,506.5196533959479,116.0,723.0,0.22901381856020986,baja_fd,733.427,582.129,557.538,20.0,46.031,1.0,0.14
2021-05-14 12:00:00,2021,5,14,12,569.8667278547773,97.0,786.0,0.1702152367539505,baja_fd,792.326,625.495,599.368,22.0,46.946,1.5,0.14
2021-05-14 13:00:00,2021,5,14,13,566.9218542104702,96.0,772.0,0.16933550768420355,baja_fd,762.285,605.6,580.178,24.6,45.751,2.1,0.14
2021-05-14 14:00:00,2021,5,14,14,493.7632012517667,112.0,676.0,0.2268293783661126,baja_fd,646.711,534.272,511.377,25.0,37.008,4.6,0.14
2021-05-14 15:00:00,2021,5,14,15,352.82566148938275,124.0,488.0,0.3514483597268942,mixto,445.393,374.866,357.619,25.0,32.768,5.1,0.14
2021-05-14 16:00:00,2021,5,14,16,168.94225019991597,88.0,246.0,0.5208880543254643,mixto,205.236,169.386,159.421,24.0,27.798,4.6,0.14
2021-05-14 17:00:00,2021,5,14,17,18.0,18.0,0.0,1.0,alta_fd,17.032,10.289,5.961,21.0,21.339,3.6,0.14
2021-05-14 18:00:00,2021,5,14,18,0.0,0.0,0.0,,,0.0,0.0,0.0,17.0,17.0,2.1,0.14
2021-05-14 19:00:00,2021,5,14,19,0.0,0.0,0.0,,,0.0,0.0,0.0,16.4,16.4,2.6,0.14
2021-05-14 20:00:00,2021,5,14,20,0.0,0.0,0.0,,,0.0,0.0,0.0,13.0,13.0,1.5,0.14
2021-05-14 21:00:00,2021,5,14,21,0.0,0.0,0.0,,,0.0,0.0,0.0,10.0,10.0,0.5,0.14
2021-05-14 22:00:00,2021,5,14,22,0.0,0.0,0.0,,,0.0,0.0,0.0,9.0,9.0,2.1,0.14
2021-05-14 23:00:00,2021,5,14,23,0.0,0.0,0.0,,,0.0,0.0,0.0,9.0,9.0,1.5,0.14
2021-05-15 00:00:00,2021,5,15,0,0.0,0.0,0.0,,,0.0,0.0,0.0,8.0,8.0,1.0,0.14
2021-05-15 01:00:00,2021,5,15,1,0.0,0.0,0.0,,,0.0,0.0,0.0,7.0,7.0,0.0,0.14
2021-05-15 02:00:00,2021,5,15,2,0.0,0.0,0.0,,,0.0,0.0,0.0,6.0,6.0,0.0,0.14
2021-05-15 03:00:00,2021,5,15,3,0.0,0.0,0.0,,,0.0,0.0,0.0,5.0,5.0,0.5,0.14
2021-05-15 04:00:00,2021,5,15,4,0.0,0.0,0.0,,,0.0,0.0,0.0,3.8,3.8,0.5,0.14
2021-05-15 05:00:00,2021,5,15,5,0.0,0.0,0.0,,,0.0,0.0,0.0,3.0,3.0,1.0,0.14
2021-05-15 06:00:00,2021,5,15,6,0.0,0.0,0.0,,,0.0,0.0,0.0,4.0,4.0,1.0,0.14
2021-05-15 07:00:00,2021,5,15,7,6.0,6.0,0.0,,,5.819,3.244,0.0,6.2,6.345,2.1,0.14
2021-05-15 08:00:00,2021,5,15,8,83.84668498978226,73.0,117.0,0.8706366865773637,alta_fd,122.875,103.927,96.281,7.0,11.954,0.5,0.14
2021-05-15 09:00:00,2021,5,15,9,230.98616143957017,122.0,396.0,0.5281701693281623,mixto,365.039,319.362,304.082,12.0,22.158,2.1,0.14
2021-05-15 10:00:00,2021,5,15,10,382.7947123260192,134.0,583.0,0.35005708199509994,mixto,577.899,482.459,461.4,16.2,34.424,1.5,0.14
2021-05-15 11:00:00,2021,5,15,11,497.2692837806617,123.0,697.0,0.24735089017533915,baja_fd,719.14,551.417,527.914,20.0,54.178,0.0,0.14
2021-05-15 12:00:00,2021,5,15,12,559.1808101790657,111.0,749.0,0.19850466607474357,baja_fd,775.401,615.839,590.054,21.0,45.411,1.5,0.14
2021-05-15 13:00:00,2021,5,15,13,555.7592126984222,111.0,733.0,0.19972678358502205,baja_fd,745.614,602.191,576.889,22.8,41.619,2.6,0.14
2021-05-15 14:00:00,2021,5,15,14,486.2044260418643,115.0,661.0,0.23652602452882238,baja_fd,637.738,523.113,500.614,24.0,38.781,3.1,0.14
2021-05-15 15:00:00,2021,5,15,15,345.83445846214954,125.0,474.0,0.361444607214237,mixto,437.309,365.902,348.973,24.0,34.151,3.1,0.14
2021-05-15 16:00:00,2021,5,15,16,165.29594992893706,87.0,240.0,0.5263286852303548,mixto,201.368,167.492,157.593,22.1,25.594,5.1,0.14
2021-05-15 17:00:00,2021,5,15,17,17.0,17.0,0.0,1.0,alta_fd,16.081,9.891,5.577,19.0,19.379,2.6,0.14
2021-05-15 18:00:00,2021,5,15,18,0.0,0.0,0.0,,,0.0,0.0,0.0,16.0,16.0,0.5,0.14
2021-05-15 19:00:00,2021,5,15,19,0.0,0.0,0.0,,,0.0,0.0,0.0,14.7,14.7,3.1,0.14
2021-05-15 20:00:00,2021,5,15,20,0.0,0.0,0.0,,,0.0,0.0,0.0,14.0,14.0,1.0,0.14
2021-05-15 21:00:00,2021,5,15,21,0.0,0.0,0.0,,,0.0,0.0,0.0,10.0,10.0,1.0,0.14
2021-05-15 22:00:00,2021,5,15,22,0.0,0.0,0.0,,,0.0,0.0,0.0,9.5,9.5,1.5,0.14
2021-05-15 23:00:00,2021,5,15,23,0.0,0.0,0.0,,,0.0,0.0,0.0,8.0,8.0,0.0,0.14
2021-05-16 00:00:00,2021,5,16,0,0.0,0.0,0.0,,,0.0,0.0,0.0,8.0,8.0,1.0,0.14
2021-05-16 01:00:00,2021,5,16,1,0.0,0.0,0.0,,,0.0,0.0,0.0,6.5,6.5,1.0,0.14
2021-05-16 02:00:00,2021,5,16,2,0.0,0.0,0.0,,,0.0,0.0,0.0,6.0,6.0,2.6,0.14
2021-05-16 03:00:00,2021,5,16,3,0.0,0.0,0.0,,,0.0,0.0,0.0,6.0,6.0,0.5,0.14
2021-05-16 04:00:00,2021,5,16,4,0.0,0.0,0.0,,,0.0,0.0,0.0,6.2,6.2,0.5,0.14
2021-05-16 05:00:00,2021,5,16,5,0.0,0.0,0.0,,,0.0,0.0,0.0,7.0,7.0,1.5,0.14
2021-05-16 06:00:00,2021,5,16,6,0.0,0.0,0.0,,,0.0,0.0,0.0,4.0,4.0,1.5,0.14
2021-05-16 07:00:00,2021,5,16,7,6.0,6.0,0.0,,,5.819,3.274,0.0,4.3,4.512,0.5,0.14
2021-05-16 08:00:00,2021,5,16,8,77.67234312215228,71.0,74.0,0.9140962811993588,alta_fd,105.35,89.169,82.046,7.0,11.252,0.5,0.14
2021-05-16 09:00:00,2021,5,16,9,177.9805905142965,160.0,66.0,0.8989744305132408,alta_fd,205.943,177.079,166.841,10.0,19.787,0.0,0.14
2021-05-16 10:00:00,2021,5,16,10,125.0,125.0,0.0,1.0,alta_fd,120.894,102.217,94.632,11.6,15.874,1.0,0.14
2021-05-16 11:00:00,2021,5,16,11,208.20313287402732,205.0,6.0,0.9846153473782483,alta_fd,207.695,173.259,163.156,14.0,22.396,0.5,0.14
2021-05-16 12:00:00,2021,5,16,12,276.5230668116205,267.0,16.0,0.9655614017252745,alta_fd,282.101,235.682,223.367,15.0,23.832,1.5,0.14
2021-05-16 13:00:00,2021,5,16,13,308.6301510585208,270.0,64.0,0.8748335153709723,alta_fd,338.126,281.32,267.388,16.6,27.198,1.5,0.14
2021-05-16 14:00:00,2021,5,16,14,259.6908290157625,234.0,46.0,0.9010714813721699,alta_fd,281.039,238.998,226.566,16.0,21.563,4.1,0.14
2021-05-16 15:00:00,2021,5,16,15,179.03712452949048,167.0,26.0,0.9327674382554789,alta_fd,183.422,157.167,147.635,15.0,18.397,4.6,0.14
2021-05-16 16:00:00,2021,5,16,16,81.0,81.0,0.0,1.0,alta_fd,80.0,67.054,60.715,14.8,16.282,4.6,0.14
2021-05-16 17:00:00,2021,5,16,17,11.0,11.0,0.0,1.0,alta_fd,10.392,6.204,2.021,14.0,14.302,1.5,0.14
2021-05-16 18:00:00,2021,5,16,18,0.0,0.0,0.0,,,0.0,0.0,0.0,12.0,12.0,2.1,0.14
2021-05-16 19:00:00,2021,5,16,19,0.0,0.0,0.0,,,0.0,0.0,0.0,12.4,12.4,0.0,0.14
2021-05-16 20:00:00,2021,5,16,20,0.0,0.0,0.0,,,0.0,0.0,0.0,12.0,12.0,0.5,0.14
2021-05-16 21:00:00,2021,5,16,21,0.0,0.0,0.0,,,0.0,0.0,0.0,12.0,12.0,1.5,0.14
2021-05-16 22:00:00,2021,5,16,22,0.0,0.0,0.0,,,0.0,0.0,0.0,10.0,10.0,1.0,0.14
2021-05-16 23:00:00,2021,5,16,23,0.0,0.0,0.0,,,0.0,0.0,0.0,9.0,9.0,1.5,0.14
2021-05-17 00:00:00,2021,5,17,0,0.0,0.0,0.0,,,0.0,0.0,0.0,9.0,9.0,1.0,0.14
2021-05-17 01:00:00,2021,5,17,1,0.0,0.0,0.0,,,0.0,0.0,0.0,8.7,8.7,1.0,0.14
2021-05-17 02:00:00,2021,5,17,2,0.0,0.0,0.0,,,0.0,0.0,0.0,9.0,9.0,0.5,0.14
2021-05-17 03:00:00,2021,5,17,3,0.0,0.0,0.0,,,0.0,0.0,0.0,9.0,9.0,1.0,0.14
2021-05-17 04:00:00,2021,5,17,4,0.0,0.0,0.0,,,0.0,0.0,0.0,9.7,9.7,1.5,0.14
2021-05-17 05:00:00,2021,5,17,5,0.0,0.0,0.0,,,0.0,0.0,0.0,10.0,10.0,1.5,0.14
2021-05-17 06:00:00,2021,5,17,6,0.0,0.0,0.0,,,0.0,0.0,0.0,9.0,9.0,1.5,0.14
2021-05-17 07:00:00,2021,5,17,7,2.0,2.0,0.0,,,1.94,1.014,0.0,8.2,8.248,2.1,0.14
2021-05-17 08:00:00,2021,5,17,8,37.0,37.0,0.0,1.0,alta_fd,35.03,28.68,23.7,10.0,11.418,0.5,0.14
2021-05-17 09:00:00,2021,5,17,9,126.15746872531963,124.0,8.0,0.9828986048379185,alta_fd,127.094,109.15,101.319,11.0,14.998,1.5,0.14
2021-05-17 10:00:00,2021,5,17,10,230.6206691902376,210.0,49.0,0.9105862052059708,alta_fd,255.27,217.904,206.219,12.7,20.718,1.5,0.14
2021-05-17 11:00:00,2021,5,17,11,291.94718077744636,267.0,47.0,0.9145489923519289,alta_fd,320.698,265.774,252.393,15.0,27.975,0.5,0.14
2021-05-17 12:00:00,2021,5,17,12,317.28646420530345,264.0,90.0,0.8320556650950484,alta_fd,353.842,298.668,284.121,15.0,23.89,2.6,0.14
2021-05-17 13:00:00,2021,5,17,13,306.843613209402,254.0,88.0,0.8277832389708581,alta_fd,339.479,288.508,274.322,15.0,22.228,3.6,0.14
2021-05-17 14:00:00,2021,5,17,14,220.99879618538728,211.0,18.0,0.9547563318987509,alta_fd,224.431,192.47,181.687,15.0,17.361,10.3,0.14
2021-05-17 15:00:00,2021,5,17,15,124.0,124.0,0.0,1.0,alta_fd,121.394,102.707,95.104,15.0,17.407,4.1,0.14
2021-05-17 16:00:00,2021,5,17,16,42.0,42.0,0.0,1.0,alta_fd,39.765,32.515,27.399,14.4,15.136,4.6,0.14
2021-05-17 17:00:00,2021,5,17,17,11.0,11.0,0.0,1.0,alta_fd,10.393,5.962,1.787,14.0,14.262,2.1,0.14
2021-05-17 18:00:00,2021,5,17,18,0.0,0.0,0.0,,,0.0,0.0,0.0,13.0,13.0,3.6,0.14
2021-05-17 19:00:00,2021,5,17,19,0.0,0.0,0.0,,,0.0,0.0,0.0,11.2,11.2,1.5,0.14
2021-05-17 20:00:00,2021,5,17,20,0.0,0.0,0.0,,,0.0,0.0,0.0,12.0,12.0,2.6,0.14
2021-05-17 21:00:00,2021,5,17,21,0.0,0.0,0.0,,,0.0,0.0,0.0,7.0,7.0,1.5,0.14
2021-05-17 22:00:00,2021,5,17,22,0.0,0.0,0.0,,,0.0,0.0,0.0,7.6,7.6,0.5,0.14
2021-05-17 23:00:00,2021,5,17,23,0.0,0.0,0.0,,,0.0,0.0,0.0,8.0,8.0,0.0,0.14
2021-05-18 00:00:00,2021,5,18,0,0.0,0.0,0.0,,,0.0,0.0,0.0,9.1,9.1,1.0,0.14
2021-05-18 01:00:00,2021,5,18,1,0.0,0.0,0.0,,,0.0,0.0,0.0,10.3,10.3,0.5,0.14
2021-05-18 02:00:00,2021,5,18,2,0.0,0.0,0.0,,,0.0,0.0,0.0,10.0,10.0,0.5,0.14
2021-05-18 03:00:00,2021,5,18,3,0.0,0.0,0.0,,,0.0,0.0,0.0,10.0,10.0,0.0,0.14
2021-05-18 04:00:00,2021,5,18,4,0.0,0.0,0.0,,,0.0,0.0,0.0,10.2,10.2,0.0,0.14
2021-05-18 05:00:00,2021,5,18,5,0.0,0.0,0.0,,,0.0,0.0,0.0,11.0,11.0,1.0,0.14
2021-05-18 06:00:00,2021,5,18,6,0.0,0.0,0.0,,,0.0,0.0,0.0,10.0,10.0,1.5,0.14
2021-05-18 07:00:00,2021,5,18,7,2.0,2.0,0.0,,,1.94,1.005,0.0,9.8,9.862,1.0,0.14
2021-05-18 08:00:00,2021,5,18,8,36.0,36.0,0.0,1.0,alta_fd,34.081,27.855,22.904,10.0,11.379,0.5,0.14
2021-05-18 09:00:00,2021,5,18,9,124.86879351933234,123.0,7.0,0.9850339426956742,alta_fd,125.587,107.186,99.425,12.0,16.452,1.0,0.14
2021-05-18 10:00:00,2021,5,18,10,229.89683936456092,209.0,50.0,0.9091034073268681,alta_fd,254.979,215.577,203.975,12.9,23.237,0.5,0.14
2021-05-18 11:00:00,2021,5,18,11,419.4452527044229,259.0,304.0,0.6174822538342414,mixto,538.415,440.943,421.355,14.0,35.838,0.5,0.14
2021-05-18 12:00:00,2021,5,18,12,527.8064788449046,185.0,582.0,0.3505072548652099,mixto,712.604,581.879,557.297,15.5,37.917,1.5,0.14
2021-05-18 13:00:00,2021,5,18,13,542.4210387659789,123.0,702.0,0.22676111582955558,baja_fd,733.199,606.792,581.327,17.0,35.506,2.6,0.14
2021-05-18 14:00:00,2021,5,18,14,469.8748265155168,119.0,635.0,0.2532589389443919,baja_fd,619.583,517.621,495.316,17.0,34.211,2.1,0.14
2021-05-18 15:00:00,2021,5,18,15,332.1815270231024,125.0,453.0,0.3763002750941854,mixto,422.694,362.653,345.839,17.0,27.698,2.6,0.14
2021-05-18 16:00:00,2021,5,18,16,151.07301311620003,96.0,173.0,0.6354543278100914,mixto,183.884,155.551,146.076,17.1,20.502,4.6,0.14
2021-05-18 17:00:00,2021,5,18,17,15.0,15.0,0.0,1.0,alta_fd,14.185,8.419,4.157,14.0,14.301,3.1,0.14
2021-05-18 18:00:00,2021,5,18,18,0.0,0.0,0.0,,,0.0,0.0,0.0,14.0,14.0,3.1,0.14
2021-05-18 19:00:00,2021,5,18,19,0.0,0.0,0.0,,,0.0,0.0,0.0,11.1,11.1,2.1,0.14
2021-05-18 20:00:00,2021,5,18,20,0.0,0.0,0.0,,,0.0,0.0,0.0,11.0,11.0,1.0,0.14
2021-05-18 21:00:00,2021,5,18,21,0.0,0.0,0.0,,,0.0,0.0,0.0,7.0,7.0,1.0,0.14
2021-05-18 22:00:00,2021,5,18,22,0.0,0.0,0.0,,,0.0,0.0,0.0,5.7,5.7,2.1,0.14
2021-05-18 23:00:00,2021,5,18,23,0.0,0.0,0.0,,,0.0,0.0,0.0,5.0,5.0,0.5,0.14
2021-05-19 00:00:00,2021,5,19,0,0.0,0.0,0.0,,,0.0,0.0,0.0,5.5,5.5,1.0,0.14
2021-05-19 01:00:00,2021,5,19,1,0.0,0.0,0.0,,,0.0,0.0,0.0,6.0,6.0,0.5,0.14
2021-05-19 02:00:00,2021,5,19,2,0.0,0.0,0.0,,,0.0,0.0,0.0,7.0,7.0,1.0,0.14
2021-05-19 03:00:00,2021,5,19,3,0.0,0.0,0.0,,,0.0,0.0,0.0,5.0,5.0,1.0,0.14
2021-05-19 04:00:00,2021,5,19,4,0.0,0.0,0.0,,,0.0,0.0,0.0,4.5,4.5,0.5,0.14
2021-05-19 05:00:00,2021,5,19,5,0.0,0.0,0.0,,,0.0,0.0,0.0,4.0,4.0,0.0,0.14
2021-05-19 06:00:00,2021,5,19,6,0.0,0.0,0.0,,,0.0,0.0,0.0,2.0,2.0,2.1,0.14
2021-05-19 07:00:00,2021,5,19,7,5.0,5.0,0.0,,,4.849,2.721,0.0,3.2,3.32,2.1,0.14
2021-05-19 08:00:00,2021,5,19,8,78.18190073803018,69.0,111.0,0.8825572075972334,alta_fd,116.227,98.976,91.505,4.0,8.681,0.5,0.14
2021-05-19 09:00:00,2021,5,19,9,221.1324728630363,117.0,394.0,0.5290946123162416,mixto,356.061,306.991,292.149,9.0,25.974,0.0,0.14
2021-05-19 10:00:00,2021,5,19,10,370.1674510570467,129.0,581.0,0.34849093195965447,mixto,566.74,477.809,456.915,12.0,32.145,1.0,0.14
2021-05-19 11:00:00,2021,5,19,11,484.4274500342333,116.0,702.0,0.23945794151797667,baja_fd,709.569,579.661,555.158,14.0,39.191,1.0,0.14
2021-05-19 12:00:00,2021,5,19,12,543.242112098405,109.0,741.0,0.2006471839581084,baja_fd,760.387,610.527,584.93,16.0,42.981,1.0,0.14
2021-05-19 13:00:00,2021,5,19,13,540.8022606747377,108.0,728.0,0.1997033072037322,baja_fd,732.429,600.475,575.234,17.8,38.125,2.1,0.14
2021-05-19 14:00:00,2021,5,19,14,470.21083868635003,114.0,648.0,0.2424444326261962,baja_fd,622.383,519.16,496.801,19.0,34.73,2.6,0.14
2021-05-19 15:00:00,2021,5,19,15,334.6967826049597,121.0,470.0,0.3615212523354772,mixto,427.73,364.212,347.343,19.0,29.827,2.6,0.14
2021-05-19 16:00:00,2021,5,19,16,155.70549593733267,84.0,227.0,0.5394799939098346,mixto,191.888,160.806,151.144,18.7,22.79,3.6,0.14
2021-05-19 17:00:00,2021,5,19,17,15.0,15.0,0.0,1.0,alta_fd,14.185,7.996,3.749,16.0,16.296,3.1,0.14
2021-05-19 18:00:00,2021,5,19,18,0.0,0.0,0.0,,,0.0,0.0,0.0,13.0,13.0,2.1,0.14
2021-05-19 19:00:00,2021,5,19,19,0.0,0.0,0.0,,,0.0,0.0,0.0,13.5,13.5,1.5,0.14
2021-05-19 20:00:00,2021,5,19,20,0.0,0.0,0.0,,,0.0,0.0,0.0,12.0,12.0,1.0,0.14
2021-05-19 21:00:00,2021,5,19,21,0.0,0.0,0.0,,,0.0,0.0,0.0,8.0,8.0,0.5,0.14
2021-05-19 22:00:00,2021,5,19,22,0.0,0.0,0.0,,,0.0,0.0,0.0,5.7,5.7,0.5,0.14
2021-05-19 23:00:00,2021,5,19,23,0.0,0.0,0.0,,,0.0,0.0,0.0,5.3,5.3,0.0,0.14
2021-05-20 00:00:00,2021,5,20,0,0.0,0.0,0.0,,,0.0,0.0,0.0,5.0,5.0,0.5,0.14
2021-05-20 01:00:00,2021,5,20,1,0.0,0.0,0.0,,,0.0,0.0,0.0,2.7,2.7,0.0,0.14
2021-05-20 02:00:00,2021,5,20,2,0.0,0.0,0.0,,,0.0,0.0,0.0,2.0,2.0,0.5,0.14
2021-05-20 03:00:00,2021,5,20,3,0.0,0.0,0.0,,,0.0,0.0,0.0,3.0,3.0,0.5,0.14
2021-05-20 04:00:00,2021,5,20,4,0.0,0.0,0.0,,,0.0,0.0,0.0,1.4,1.4,0.0,0.14
2021-05-20 05:00:00,2021,5,20,5,0.0,0.0,0.0,,,0.0,0.0,0.0,0.0,0.0,1.5,0.14
2021-05-20 06:00:00,2021,5,20,6,0.0,0.0,0.0,,,0.0,0.0,0.0,0.0,0.0,1.0,0.14
2021-05-20 07:00:00,2021,5,20,7,5.0,5.0,0.0,,,4.849,2.76,0.0,0.3,0.454,1.0,0.14
2021-05-20 08:00:00,2021,5,20,8,75.75269687701807,67.0,109.0,0.8844569601102417,alta_fd,113.139,96.027,88.66,5.0,8.977,1.0,0.14
2021-05-20 09:00:00,2021,5,20,9,218.3092852146632,116.0,391.0,0.5313562356540967,mixto,352.741,310.993,296.01,9.0,20.144,1.5,0.14
2021-05-20 10:00:00,2021,5,20,10,366.2434499783289,130.0,573.0,0.35495515348518114,mixto,561.187,465.896,445.423,13.2,36.047,0.5,0.14
2021-05-20 11:00:00,2021,5,20,11,479.6960219230502,118.0,693.0,0.24598911520456349,baja_fd,703.405,548.67,525.265,17.0,50.441,0.0,0.14
2021-05-20 12:00:00,2021,5,20,12,312.8811751843017,226.0,149.0,0.7223189438190885,alta_fd,370.966,304.683,289.923,19.0,32.118,1.0,0.14
2021-05-20 13:00:00,2021,5,20,13,304.42954195644813,250.0,92.0,0.8212080811650176,alta_fd,338.34,275.396,261.674,21.4,33.359,1.0,0.14
2021-05-20 14:00:00,2021,5,20,14,257.004033723462,222.0,64.0,0.8637996718715841,alta_fd,280.999,230.88,218.736,23.0,30.773,2.1,0.14
2021-05-20 15:00:00,2021,5,20,15,177.4122640539387,153.0,54.0,0.8623981031744421,alta_fd,191.97,159.564,149.947,23.0,27.102,3.6,0.14
2021-05-20 16:00:00,2021,5,20,16,78.0,78.0,0.0,1.0,alta_fd,77.197,62.405,56.23,22.1,24.238,2.1,0.14
2021-05-20 17:00:00,2021,5,20,17,15.0,15.0,0.0,1.0,alta_fd,14.186,7.77,3.531,18.0,18.252,4.1,0.14
2021-05-20 18:00:00,2021,5,20,18,0.0,0.0,0.0,,,0.0,0.0,0.0,15.0,15.0,1.0,0.14
2021-05-20 19:00:00,2021,5,20,19,0.0,0.0,0.0,,,0.0,0.0,0.0,14.1,14.1,3.6,0.14
2021-05-20 20:00:00,2021,5,20,20,0.0,0.0,0.0,,,0.0,0.0,0.0,14.0,14.0,2.1,0.14
2021-05-20 21:00:00,2021,5,20,21,0.0,0.0,0.0,,,0.0,0.0,0.0,12.0,12.0,2.6,0.14
2021-05-20 22:00:00,2021,5,20,22,0.0,0.0,0.0,,,0.0,0.0,0.0,10.5,10.5,2.1,0.14
2021-05-20 23:00:00,2021,5,20,23,0.0,0.0,0.0,,,0.0,0.0,0.0,5.0,5.0,1.5,0.14
2021-05-21 00:00:00,2021,5,21,0,0.0,0.0,0.0,,,0.0,0.0,0.0,4.0,4.0,0.5,0.14
2021-05-21 01:00:00,2021,5,21,1,0.0,0.0,0.0,,,0.0,0.0,0.0,5.0,5.0,0.0,0.14
2021-05-21 02:00:00,2021,5,21,2,0.0,0.0,0.0,,,0.0,0.0,0.0,3.0,3.0,0.5,0.14
2021-05-21 03:00:00,2021,5,21,3,0.0,0.0,0.0,,,0.0,0.0,0.0,2.0,2.0,0.5,0.14
2021-05-21 04:00:00,2021,5,21,4,0.0,0.0,0.0,,,0.0,0.0,0.0,1.5,1.5,0.0,0.14
2021-05-21 05:00:00,2021,5,21,5,0.0,0.0,0.0,,,0.0,0.0,0.0,2.0,2.0,0.0,0.14
2021-05-21 06:00:00,2021,5,21,6,0.0,0.0,0.0,,,0.0,0.0,0.0,2.0,2.0,1.0,0.14
2021-05-21 07:00:00,2021,5,21,7,5.0,5.0,0.0,,,4.849,2.753,0.0,0.8,0.976,0.5,0.14
2021-05-21 08:00:00,2021,5,21,8,76.16805861057989,69.0,92.0,0.9058915411350101,alta_fd,109.898,93.877,86.587,3.0,7.426,0.5,0.14
2021-05-21 09:00:00,2021,5,21,9,216.55424932898387,115.0,392.0,0.53104476294665,mixto,351.593,305.743,290.946,7.0,23.762,0.0,0.14
2021-05-21 10:00:00,2021,5,21,10,364.0784697577312,129.0,574.0,0.3543192215838538,mixto,559.759,483.805,462.698,10.2,25.757,2.1,0.14
2021-05-21 11:00:00,2021,5,21,11,478.9199627487647,114.0,703.0,0.23803559856994924,baja_fd,705.394,579.176,554.69,13.0,38.046,1.0,0.14
2021-05-21 12:00:00,2021,5,21,12,539.9180600346319,103.0,753.0,0.19076968826231386,baja_fd,760.744,611.174,585.554,16.0,42.999,1.0,0.14
2021-05-21 13:00:00,2021,5,21,13,536.1924367161457,104.0,734.0,0.19396021442774738,baja_fd,730.145,617.671,591.821,16.7,30.247,4.6,0.14
2021-05-21 14:00:00,2021,5,21,14,464.58550268746563,113.0,646.0,0.2432275638097493,baja_fd,617.697,531.596,508.796,16.0,26.759,5.1,0.14
2021-05-21 15:00:00,2021,5,21,15,329.0502209844472,120.0,465.0,0.3646859729830477,mixto,422.454,366.743,349.784,17.0,24.858,4.6,0.14
2021-05-21 16:00:00,2021,5,21,16,150.4709979331516,82.0,220.0,0.544955513862076,mixto,186.445,157.757,148.203,15.9,19.873,3.6,0.14
2021-05-21 17:00:00,2021,5,21,17,14.0,14.0,0.0,1.0,alta_fd,13.237,7.425,3.199,13.0,13.22,4.6,0.14
2021-05-21 18:00:00,2021,5,21,18,0.0,0.0,0.0,,,0.0,0.0,0.0,11.0,11.0,2.6,0.14
2021-05-21 19:00:00,2021,5,21,19,0.0,0.0,0.0,,,0.0,0.0,0.0,9.7,9.7,3.1,0.14
2021-05-21 20:00:00,2021,5,21,20,0.0,0.0,0.0,,,0.0,0.0,0.0,7.8,7.8,2.6,0.14
2021-05-21 21:00:00,2021,5,21,21,0.0,0.0,0.0,,,0.0,0.0,0.0,6.0,6.0,1.0,0.14
2021-05-21 22:00:00,2021,5,21,22,0.0,0.0,0.0,,,0.0,0.0,0.0,5.0,5.0,0.5,0.14
2021-05-21 23:00:00,2021,5,21,23,0.0,0.0,0.0,,,0.0,0.0,0.0,6.0,6.0,0.0,0.14
2021-05-22 00:00:00,2021,5,22,0,0.0,0.0,0.0,,,0.0,0.0,0.0,4.0,4.0,0.0,0.14
2021-05-22 01:00:00,2021,5,22,1,0.0,0.0,0.0,,,0.0,0.0,0.0,3.4,3.4,1.5,0.14
2021-05-22 02:00:00,2021,5,22,2,0.0,0.0,0.0,,,0.0,0.0,0.0,4.0,4.0,0.0,0.14
2021-05-22 03:00:00,2021,5,22,3,0.0,0.0,0.0,,,0.0,0.0,0.0,5.0,5.0,1.0,0.14
2021-05-22 04:00:00,2021,5,22,4,0.0,0.0,0.0,,,0.0,0.0,0.0,4.8,4.8,1.0,0.14
2021-05-22 05:00:00,2021,5,22,5,0.0,0.0,0.0,,,0.0,0.0,0.0,4.0,4.0,1.5,0.14
2021-05-22 06:00:00,2021,5,22,6,0.0,0.0,0.0,,,0.0,0.0,0.0,4.0,4.0,1.5,0.14
2021-05-22 07:00:00,2021,5,22,7,3.0,3.0,0.0,,,2.91,1.586,0.0,4.2,4.324,0.0,0.14
2021-05-22 08:00:00,2021,5,22,8,47.0,47.0,0.0,1.0,alta_fd,45.456,38.01,32.7,6.0,8.149,0.0,0.14
2021-05-22 09:00:00,2021,5,22,9,137.1303255517177,132.0,20.0,0.962587957615671,alta_fd,143.027,125.099,116.703,9.0,11.839,4.1,0.14
2021-05-22 10:00:00,2021,5,22,10,223.17120818420705,213.0,25.0,0.954424191780995,alta_fd,233.066,203.274,192.108,10.0,14.31,4.6,0.14
2021-05-22 11:00:00,2021,5,22,11,263.7177348858856,241.0,44.0,0.9138558698158246,alta_fd,288.937,251.406,238.534,10.0,15.004,5.1,0.14
2021-05-22 12:00:00,2021,5,22,12,264.92936867614316,258.0,12.0,0.9738444676376601,alta_fd,269.887,231.779,219.602,12.0,16.668,5.1,0.14
2021-05-22 13:00:00,2021,5,22,13,232.10261504966576,228.0,7.0,0.982324132587701,alta_fd,233.548,198.902,187.891,13.1,18.067,3.6,0.14
2021-05-22 14:00:00,2021,5,22,14,174.08329070870167,173.0,2.0,0.9937771700874246,alta_fd,172.344,146.927,137.758,13.0,16.67,3.6,0.14
2021-05-22 15:00:00,2021,5,22,15,104.0,104.0,0.0,1.0,alta_fd,100.783,85.112,78.133,14.0,16.329,3.1,0.14
2021-05-22 16:00:00,2021,5,22,16,39.0,39.0,0.0,1.0,alta_fd,36.918,30.357,25.317,12.3,12.835,6.7,0.14
2021-05-22 17:00:00,2021,5,22,17,4.0,4.0,0.0,,,3.773,2.017,0.0,10.0,10.059,5.1,0.14
2021-05-22 18:00:00,2021,5,22,18,0.0,0.0,0.0,,,0.0,0.0,0.0,9.0,9.0,3.6,0.14
2021-05-22 19:00:00,2021,5,22,19,0.0,0.0,0.0,,,0.0,0.0,0.0,8.9,8.9,3.1,0.14
2021-05-22 20:00:00,2021,5,22,20,0.0,0.0,0.0,,,0.0,0.0,0.0,8.4,8.4,2.6,0.14
2021-05-22 21:00:00,2021,5,22,21,0.0,0.0,0.0,,,0.0,0.0,0.0,8.0,8.0,2.1,0.14
2021-05-22 22:00:00,2021,5,22,22,0.0,0.0,0.0,,,0.0,0.0,0.0,7.7,7.7,4.1,0.14
2021-05-22 23:00:00,2021,5,22,23,0.0,0.0,0.0,,,0.0,0.0,0.0,8.0,8.0,1.0,0.14
2021-05-23 00:00:00,2021,5,23,0,0.0,0.0,0.0,,,0.0,0.0,0.0,8.0,8.0,3.1,0.14
2021-05-23 01:00:00,2021,5,23,1,0.0,0.0,0.0,,,0.0,0.0,0.0,7.7,7.7,3.1,0.14
2021-05-23 02:00:00,2021,5,23,2,0.0,0.0,0.0,,,0.0,0.0,0.0,8.0,8.0,2.1,0.14
2021-05-23 03:00:00,2021,5,23,3,0.0,0.0,0.0,,,0.0,0.0,0.0,8.0,8.0,1.5,0.14
2021-05-23 04:00:00,2021,5,23,4,0.0,0.0,0.0,,,0.0,0.0,0.0,8.3,8.3,1.0,0.14
2021-05-23 05:00:00,2021,5,23,5,0.0,0.0,0.0,,,0.0,0.0,0.0,8.0,8.0,0.0,0.14
2021-05-23 06:00:00,2021,5,23,6,0.0,0.0,0.0,,,0.0,0.0,0.0,8.0,8.0,1.5,0.14
2021-05-23 07:00:00,2021,5,23,7,1.0,1.0,0.0,,,0.97,0.0,0.0,8.4,8.427,1.5,0.14
2021-05-23 08:00:00,2021,5,23,8,24.0,24.0,0.0,1.0,alta_fd,22.695,18.287,13.676,9.0,9.711,1.5,0.14
2021-05-23 09:00:00,2021,5,23,9,72.0,72.0,0.0,1.0,alta_fd,68.585,58.12,52.097,10.0,12.431,1.0,0.14
2021-05-23 10:00:00,2021,5,23,10,118.0,118.0,0.0,1.0,alta_fd,114.048,97.11,89.705,10.4,13.98,1.5,0.14
2021-05-23 11:00:00,2021,5,23,11,149.0,149.0,0.0,1.0,alta_fd,144.854,121.666,113.391,12.0,17.857,0.5,0.14
2021-05-23 12:00:00,2021,5,23,12,162.0,162.0,0.0,1.0,alta_fd,157.823,132.32,123.668,12.0,18.377,0.5,0.14
2021-05-23 13:00:00,2021,5,23,13,155.0,155.0,0.0,1.0,alta_fd,150.827,127.5,119.018,12.1,16.262,2.1,0.14
2021-05-23 14:00:00,2021,5,23,14,129.0,129.0,0.0,1.0,alta_fd,124.935,105.963,98.245,12.0,15.141,2.6,0.14
2021-05-23 15:00:00,2021,5,23,15,88.0,88.0,0.0,1.0,alta_fd,84.355,71.338,64.847,12.0,14.336,2.1,0.14
2021-05-23 16:00:00,2021,5,23,16,39.0,39.0,0.0,1.0,alta_fd,36.918,30.363,25.324,12.0,12.732,4.1,0.14
2021-05-23 17:00:00,2021,5,23,17,4.0,4.0,0.0,,,3.773,2.006,0.0,11.0,11.085,2.6,0.14
2021-05-23 18:00:00,2021,5,23,18,0.0,0.0,0.0,,,0.0,0.0,0.0,11.0,11.0,1.0,0.14
2021-05-23 19:00:00,2021,5,23,19,0.0,0.0,0.0,,,0.0,0.0,0.0,11.0,11.0,2.6,0.14
2021-05-23 20:00:00,2021,5,23,20,0.0,0.0,0.0,,,0.0,0.0,0.0,11.0,11.0,2.1,0.14
2021-05-23 21:00:00,2021,5,23,21,0.0,0.0,0.0,,,0.0,0.0,0.0,12.0,12.0,1.0,0.14
2021-05-23 22:00:00,2021,5,23,22,0.0,0.0,0.0,,,0.0,0.0,0.0,11.7,11.7,4.6,0.14
2021-05-23 23:00:00,2021,5,23,23,0.0,0.0,0.0,,,0.0,0.0,0.0,12.0,12.0,4.6,0.14
2021-05-24 00:00:00,2021,5,24,0,0.0,0.0,0.0,,,0.0,0.0,0.0,12.0,12.0,5.7,0.14
2021-05-24 01:00:00,2021,5,24,1,0.0,0.0,0.0,,,0.0,0.0,0.0,11.5,11.5,4.1,0.14
2021-05-24 02:00:00,2021,5,24,2,0.0,0.0,0.0,,,0.0,0.0,0.0,11.2,11.2,2.6,0.14
2021-05-24 03:00:00,2021,5,24,3,0.0,0.0,0.0,,,0.0,0.0,0.0,11.0,11.0,2.6,0.14
2021-05-24 04:00:00,2021,5,24,4,0.0,0.0,0.0,,,0.0,0.0,0.0,10.5,10.5,0.5,0.14
2021-05-24 05:00:00,2021,5,24,5,0.0,0.0,0.0,,,0.0,0.0,0.0,11.0,11.0,2.1,0.14
2021-05-24 06:00:00,2021,5,24,6,0.0,0.0,0.0,,,0.0,0.0,0.0,10.0,10.0,1.0,0.14
2021-05-24 07:00:00,2021,5,24,7,1.0,1.0,0.0,,,0.97,0.0,0.0,10.2,10.224,2.1,0.14
2021-05-24 08:00:00,2021,5,24,8,23.0,23.0,0.0,1.0,alta_fd,21.747,17.316,12.739,11.0,11.768,1.0,0.14
2021-05-24 09:00:00,2021,5,24,9,72.0,72.0,0.0,1.0,alta_fd,68.612,58.037,52.017,11.0,12.902,2.1,0.14
2021-05-24 10:00:00,2021,5,24,10,116.0,116.0,0.0,1.0,alta_fd,112.039,95.24,87.902,11.7,14.285,3.1,0.14
2021-05-24 11:00:00,2021,5,24,11,148.0,148.0,0.0,1.0,alta_fd,143.873,122.164,113.872,11.8,15.114,3.1,0.14
2021-05-24 12:00:00,2021,5,24,12,161.0,161.0,0.0,1.0,alta_fd,156.841,133.09,124.411,12.0,15.334,3.6,0.14
2021-05-24 13:00:00,2021,5,24,13,154.0,154.0,0.0,1.0,alta_fd,149.844,126.464,118.019,12.9,16.662,2.6,0.14
2021-05-24 14:00:00,2021,5,24,14,128.0,128.0,0.0,1.0,alta_fd,123.949,104.898,97.217,12.6,15.661,2.7,0.14
2021-05-24 15:00:00,2021,5,24,15,87.0,87.0,0.0,1.0,alta_fd,83.365,70.48,64.019,12.3,14.327,2.8,0.14
2021-05-24 16:00:00,2021,5,24,16,38.0,38.0,0.0,1.0,alta_fd,35.969,29.523,24.514,12.0,12.875,2.8,0.14
2021-05-24 17:00:00,2021,5,24,17,4.0,4.0,0.0,,,3.773,1.998,0.0,11.8,11.881,2.9,0.14
2021-05-24 18:00:00,2021,5,24,18,0.0,0.0,0.0,,,0.0,0.0,0.0,11.5,11.5,3.0,0.14
2021-05-24 19:00:00,2021,5,24,19,0.0,0.0,0.0,,,0.0,0.0,0.0,11.2,11.2,3.1,0.14
2021-05-24 20:00:00,2021,5,24,20,0.0,0.0,0.0,,,0.0,0.0,0.0,12.0,12.0,3.1,0.14
2021-05-24 21:00:00,2021,5,24,21,0.0,0.0,0.0,,,0.0,0.0,0.0,11.0,11.0,2.1,0.14
2021-05-24 22:00:00,2021,5,24,22,0.0,0.0,0.0,,,0.0,0.0,0.0,10.6,10.6,0.5,0.14
2021-05-24 23:00:00,2021,5,24,23,0.0,0.0,0.0,,,0.0,0.0,0.0,11.0,11.0,1.5,0.14
2021-05-25 00:00:00,2021,5,25,0,0.0,0.0,0.0,,,0.0,0.0,0.0,10.0,10.0,1.0,0.14
2021-05-25 01:00:00,2021,5,25,1,0.0,0.0,0.0,,,0.0,0.0,0.0,9.4,9.4,0.5,0.14
2021-05-25 02:00:00,2021,5,25,2,0.0,0.0,0.0,,,0.0,0.0,0.0,6.0,6.0,1.5,0.14
2021-05-25 03:00:00,2021,5,25,3,0.0,0.0,0.0,,,0.0,0.0,0.0,8.0,8.0,1.0,0.14
2021-05-25 04:00:00,2021,5,25,4,0.0,0.0,0.0,,,0.0,0.0,0.0,7.4,7.4,2.6,0.14
2021-05-25 05:00:00,2021,5,25,5,0.0,0.0,0.0,,,0.0,0.0,0.0,7.0,7.0,1.0,0.14
2021-05-25 06:00:00,2021,5,25,6,0.0,0.0,0.0,,,0.0,0.0,0.0,8.0,8.0,1.0,0.14
2021-05-25 07:00:00,2021,5,25,7,1.0,1.0,0.0,,,0.97,0.0,0.0,7.9,7.931,1.0,0.14
2021-05-25 08:00:00,2021,5,25,8,31.0,31.0,0.0,1.0,alta_fd,29.338,23.922,19.11,8.0,9.186,0.5,0.14
2021-05-25 09:00:00,2021,5,25,9,114.99654200382555,114.0,4.0,0.9913341567801891,alta_fd,115.009,99.395,91.91,9.0,12.619,1.5,0.14
2021-05-25 10:00:00,2021,5,25,10,215.7570464449271,197.0,47.0,0.91306403774991,alta_fd,239.992,205.403,194.161,10.3,20.033,0.5,0.14
2021-05-25 11:00:00,2021,5,25,11,239.0668874788381,235.0,8.0,0.9829884953046953,alta_fd,242.905,206.281,195.008,12.0,19.613,1.5,0.14
2021-05-25 12:00:00,2021,5,25,12,213.41707759433353,210.0,6.0,0.9839887340186113,alta_fd,213.309,179.223,168.908,12.0,20.622,0.5,0.14
2021-05-25 13:00:00,2021,5,25,13,154.0,154.0,0.0,1.0,alta_fd,149.89,125.962,117.535,12.5,17.791,1.0,0.14
2021-05-25 14:00:00,2021,5,25,14,128.0,128.0,0.0,1.0,alta_fd,123.989,103.601,95.966,13.0,18.869,0.0,0.14
2021-05-25 15:00:00,2021,5,25,15,87.0,87.0,0.0,1.0,alta_fd,83.393,69.918,63.477,13.0,16.384,0.5,0.14
2021-05-25 16:00:00,2021,5,25,16,38.0,38.0,0.0,1.0,alta_fd,35.969,29.364,24.36,12.6,14.059,0.5,0.14
2021-05-25 17:00:00,2021,5,25,17,4.0,4.0,0.0,,,3.773,1.995,0.0,12.0,12.12,1.0,0.14
2021-05-25 18:00:00,2021,5,25,18,0.0,0.0,0.0,,,0.0,0.0,0.0,11.0,11.0,0.5,0.14
2021-05-25 19:00:00,2021,5,25,19,0.0,0.0,0.0,,,0.0,0.0,0.0,10.9,10.9,0.0,0.14
2021-05-25 20:00:00,2021,5,25,20,0.0,0.0,0.0,,,0.0,0.0,0.0,9.0,9.0,0.0,0.14
2021-05-25 21:00:00,2021,5,25,21,0.0,0.0,0.0,,,0.0,0.0,0.0,9.0,9.0,0.0,0.14
2021-05-25 22:00:00,2021,5,25,22,0.0,0.0,0.0,,,0.0,0.0,0.0,8.6,8.6,0.5,0.14
2021-05-25 23:00:00,2021,5,25,23,0.0,0.0,0.0,,,0.0,0.0,0.0,8.0,8.0,0.0,0.14
2021-05-26 00:00:00,2021,5,26,0,0.0,0.0,0.0,,,0.0,0.0,0.0,8.0,8.0,1.0,0.14
2021-05-26 01:00:00,2021,5,26,1,0.0,0.0,0.0,,,0.0,0.0,0.0,7.3,7.3,1.5,0.14
2021-05-26 02:00:00,2021,5,26,2,0.0,0.0,0.0,,,0.0,0.0,0.0,7.0,7.0,1.0,0.14
2021-05-26 03:00:00,2021,5,26,3,0.0,0.0,0.0,,,0.0,0.0,0.0,6.0,6.0,0.0,0.14
2021-05-26 04:00:00,2021,5,26,4,0.0,0.0,0.0,,,0.0,0.0,0.0,5.3,5.3,1.0,0.14
2021-05-26 05:00:00,2021,5,26,5,0.0,0.0,0.0,,,0.0,0.0,0.0,4.0,4.0,1.0,0.14
2021-05-26 06:00:00,2021,5,26,6,0.0,0.0,0.0,,,0.0,0.0,0.0,4.3,4.3,1.5,0.14
2021-05-26 07:00:00,2021,5,26,7,1.0,1.0,0.0,,,0.97,0.0,0.0,4.6,4.624,2.1,0.14
2021-05-26 08:00:00,2021,5,26,8,23.0,23.0,0.0,1.0,alta_fd,21.748,17.617,13.029,7.0,7.546,2.6,0.14
2021-05-26 09:00:00,2021,5,26,9,70.0,70.0,0.0,1.0,alta_fd,66.637,57.287,51.294,6.0,8.706,0.5,0.14
2021-05-26 10:00:00,2021,5,26,10,115.0,115.0,0.0,1.0,alta_fd,111.094,95.693,88.339,7.5,10.988,1.5,0.14
2021-05-26 11:00:00,2021,5,26,11,146.0,146.0,0.0,1.0,alta_fd,141.906,120.187,111.965,10.0,15.739,0.5,0.14
2021-05-26 12:00:00,2021,5,26,12,158.0,158.0,0.0,1.0,alta_fd,153.841,130.042,121.471,12.0,16.244,2.1,0.14
2021-05-26 13:00:00,2021,5,26,13,152.0,152.0,0.0,1.0,alta_fd,147.872,125.195,116.795,12.7,15.845,3.6,0.14
2021-05-26 14:00:00,2021,5,26,14,127.0,127.0,0.0,1.0,alta_fd,123.0,103.794,96.153,13.0,16.399,2.1,0.14
2021-05-26 15:00:00,2021,5,26,15,86.0,86.0,0.0,1.0,alta_fd,82.4,69.77,63.334,12.0,13.905,3.1,0.14
2021-05-26 16:00:00,2021,5,26,16,37.0,37.0,0.0,1.0,alta_fd,35.02,28.722,23.74,11.8,12.682,2.6,0.14
2021-05-26 17:00:00,2021,5,26,17,9.0,9.0,0.0,,,8.5,4.703,0.573,11.0,11.176,3.1,0.14
2021-05-26 18:00:00,2021,5,26,18,0.0,0.0,0.0,,,0.0,0.0,0.0,10.0,10.0,2.1,0.14
2021-05-26 19:00:00,2021,5,26,19,0.0,0.0,0.0,,,0.0,0.0,0.0,9.4,9.4,1.0,0.14
2021-05-26 20:00:00,2021,5,26,20,0.0,0.0,0.0,,,0.0,0.0,0.0,8.0,8.0,3.6,0.14
2021-05-26 21:00:00,2021,5,26,21,0.0,0.0,0.0,,,0.0,0.0,0.0,8.6,8.6,6.7,0.14
2021-05-26 22:00:00,2021,5,26,22,0.0,0.0,0.0,,,0.0,0.0,0.0,9.2,9.2,3.6,0.14
2021-05-26 23:00:00,2021,5,26,23,0.0,0.0,0.0,,,0.0,0.0,0.0,9.0,9.0,4.1,0.14
2021-05-27 00:00:00,2021,5,27,0,0.0,0.0,0.0,,,0.0,0.0,0.0,9.0,9.0,2.6,0.14
2021-05-27 01:00:00,2021,5,27,1,0.0,0.0,0.0,,,0.0,0.0,0.0,9.1,9.1,1.5,0.14
2021-05-27 02:00:00,2021,5,27,2,0.0,0.0,0.0,,,0.0,0.0,0.0,9.0,9.0,2.1,0.14
2021-05-27 03:00:00,2021,5,27,3,0.0,0.0,0.0,,,0.0,0.0,0.0,9.0,9.0,0.0,0.14
2021-05-27 04:00:00,2021,5,27,4,0.0,0.0,0.0,,,0.0,0.0,0.0,8.2,8.2,0.5,0.14
2021-05-27 05:00:00,2021,5,27,5,0.0,0.0,0.0,,,0.0,0.0,0.0,8.0,8.0,1.0,0.14
2021-05-27 06:00:00,2021,5,27,6,0.0,0.0,0.0,,,0.0,0.0,0.0,8.2,8.2,1.2,0.14
2021-05-27 07:00:00,2021,5,27,7,1.0,1.0,0.0,,,0.97,0.0,0.0,8.4,8.427,1.5,0.14
2021-05-27 08:00:00,2021,5,27,8,22.0,22.0,0.0,1.0,alta_fd,20.8,16.665,12.111,9.0,9.383,4.6,0.14
2021-05-27 09:00:00,2021,5,27,9,69.0,69.0,0.0,1.0,alta_fd,65.648,55.763,49.824,10.0,11.518,3.1,0.14
2021-05-27 10:00:00,2021,5,27,10,114.0,114.0,0.0,1.0,alta_fd,110.107,94.684,87.365,9.7,11.379,6.2,0.14
2021-05-27 11:00:00,2021,5,27,11,145.0,145.0,0.0,1.0,alta_fd,140.92,120.744,112.502,10.0,12.785,4.1,0.14
2021-05-27 12:00:00,2021,5,27,12,158.0,158.0,0.0,1.0,alta_fd,153.886,131.633,123.005,10.0,13.272,3.6,0.14
2021-05-27 13:00:00,2021,5,27,13,152.0,152.0,0.0,1.0,alta_fd,147.915,126.459,118.015,9.7,13.414,2.6,0.14
2021-05-27 14:00:00,2021,5,27,14,126.0,126.0,0.0,1.0,alta_fd,122.008,104.009,96.36,10.0,13.828,1.5,0.14
2021-05-27 15:00:00,2021,5,27,15,85.0,85.0,0.0,1.0,alta_fd,81.405,69.191,62.776,10.0,12.884,1.0,0.14
2021-05-27 16:00:00,2021,5,27,16,37.0,37.0,0.0,1.0,alta_fd,35.021,28.848,23.862,10.2,11.62,0.5,0.14
2021-05-27 17:00:00,2021,5,27,17,5.0,5.0,0.0,,,4.718,2.549,0.0,10.0,10.172,0.5,0.14
2021-05-27 18:00:00,2021,5,27,18,0.0,0.0,0.0,,,0.0,0.0,0.0,9.0,9.0,1.5,0.14
2021-05-27 19:00:00,2021,5,27,19,0.0,0.0,0.0,,,0.0,0.0,0.0,9.1,9.1,0.5,0.14
2021-05-27 20:00:00,2021,5,27,20,0.0,0.0,0.0,,,0.0,0.0,0.0,9.0,9.0,0.0,0.14
2021-05-27 21:00:00,2021,5,27,21,0.0,0.0,0.0,,,0.0,0.0,0.0,9.0,9.0,0.5,0.14
2021-05-27 22:00:00,2021,5,27,22,0.0,0.0,0.0,,,0.0,0.0,0.0,7.4,7.4,1.5,0.14
2021-05-27 23:00:00,2021,5,27,23,0.0,0.0,0.0,,,0.0,0.0,0.0,6.0,6.0,1.0,0.14
2021-05-28 00:00:00,2021,5,28,0,0.0,0.0,0.0,,,0.0,0.0,0.0,4.0,4.0,1.0,0.14
2021-05-28 01:00:00,2021,5,28,1,0.0,0.0,0.0,,,0.0,0.0,0.0,3.0,3.0,1.0,0.14
2021-05-28 02:00:00,2021,5,28,2,0.0,0.0,0.0,,,0.0,0.0,0.0,3.0,3.0,0.5,0.14
2021-05-28 03:00:00,2021,5,28,3,0.0,0.0,0.0,,,0.0,0.0,0.0,4.0,4.0,0.0,0.14
2021-05-28 04:00:00,2021,5,28,4,0.0,0.0,0.0,,,0.0,0.0,0.0,3.3,3.3,0.5,0.14
2021-05-28 05:00:00,2021,5,28,5,0.0,0.0,0.0,,,0.0,0.0,0.0,2.0,2.0,0.0,0.14
2021-05-28 06:00:00,2021,5,28,6,0.0,0.0,0.0,,,0.0,0.0,0.0,2.0,2.0,0.0,0.14
2021-05-28 07:00:00,2021,5,28,7,1.0,1.0,0.0,,,0.97,0.0,0.0,1.8,1.841,0.0,0.14
2021-05-28 08:00:00,2021,5,28,8,41.0,41.0,0.0,1.0,alta_fd,39.386,33.095,27.958,3.0,4.389,1.0,0.14
2021-05-28 09:00:00,2021,5,28,9,162.1797708761296,129.0,137.0,0.7954136283650827,alta_fd,214.818,191.129,180.393,4.0,12.744,0.5,0.14
2021-05-28 10:00:00,2021,5,28,10,308.4424925508197,176.0,338.0,0.570608798238141,mixto,431.845,371.903,354.762,7.4,24.967,0.5,0.14
2021-05-28 11:00:00,2021,5,28,11,390.3215464466889,231.0,318.0,0.5918197499034313,mixto,513.214,432.476,413.188,11.0,29.189,1.0,0.14
2021-05-28 12:00:00,2021,5,28,12,415.797704789254,237.0,318.0,0.5699887163160817,mixto,533.254,437.208,417.753,14.0,35.631,0.5,0.14
2021-05-28 13:00:00,2021,5,28,13,380.56662151766955,260.0,211.0,0.6831918126795792,mixto,456.805,370.358,353.271,15.7,37.354,0.0,0.14
2021-05-28 14:00:00,2021,5,28,14,298.0082422801399,222.0,144.0,0.7449458387506979,alta_fd,349.181,294.432,280.036,16.0,26.979,1.5,0.14
2021-05-28 15:00:00,2021,5,28,15,185.0231085658533,152.0,76.0,0.821519004724214,alta_fd,204.651,172.865,162.776,17.0,24.263,1.0,0.14
2021-05-28 16:00:00,2021,5,28,16,69.0,69.0,0.0,1.0,alta_fd,68.007,55.983,50.036,15.9,18.308,1.0,0.14
2021-05-28 17:00:00,2021,5,28,17,9.0,9.0,0.0,,,8.501,4.628,0.501,14.0,14.362,0.0,0.14
2021-05-28 18:00:00,2021,5,28,18,0.0,0.0,0.0,,,0.0,0.0,0.0,14.0,14.0,1.5,0.14
2021-05-28 19:00:00,2021,5,28,19,0.0,0.0,0.0,,,0.0,0.0,0.0,11.8,11.8,0.5,0.14
2021-05-28 20:00:00,2021,5,28,20,0.0,0.0,0.0,,,0.0,0.0,0.0,10.0,10.0,2.1,0.14
2021-05-28 21:00:00,2021,5,28,21,0.0,0.0,0.0,,,0.0,0.0,0.0,9.0,9.0,0.5,0.14
2021-05-28 22:00:00,2021,5,28,22,0.0,0.0,0.0,,,0.0,0.0,0.0,7.1,7.1,1.5,0.14
2021-05-28 23:00:00,2021,5,28,23,0.0,0.0,0.0,,,0.0,0.0,0.0,8.0,8.0,1.0,0.14
2021-05-29 00:00:00,2021,5,29,0,0.0,0.0,0.0,,,0.0,0.0,0.0,7.0,7.0,1.0,0.14
2021-05-29 01:00:00,2021,5,29,1,0.0,0.0,0.0,,,0.0,0.0,0.0,7.0,7.0,0.5,0.14
2021-05-29 02:00:00,2021,5,29,2,0.0,0.0,0.0,,,0.0,0.0,0.0,7.0,7.0,1.0,0.14
2021-05-29 03:00:00,2021,5,29,3,0.0,0.0,0.0,,,0.0,0.0,0.0,6.0,6.0,0.5,0.14
2021-05-29 04:00:00,2021,5,29,4,0.0,0.0,0.0,,,0.0,0.0,0.0,6.4,6.4,1.0,0.14
2021-05-29 05:00:00,2021,5,29,5,0.0,0.0,0.0,,,0.0,0.0,0.0,8.0,8.0,1.0,0.14
2021-05-29 06:00:00,2021,5,29,6,0.0,0.0,0.0,,,0.0,0.0,0.0,6.0,6.0,2.6,0.14
2021-05-29 07:00:00,2021,5,29,7,1.0,1.0,0.0,,,0.97,0.0,0.0,6.7,6.72,3.1,0.14
2021-05-29 08:00:00,2021,5,29,8,21.0,21.0,0.0,1.0,alta_fd,19.853,15.887,11.36,8.0,8.802,0.5,0.14
2021-05-29 09:00:00,2021,5,29,9,68.0,68.0,0.0,1.0,alta_fd,64.682,54.893,48.984,9.0,11.626,0.5,0.14
2021-05-29 10:00:00,2021,5,29,10,113.0,113.0,0.0,1.0,alta_fd,109.156,92.736,85.486,11.0,14.427,1.5,0.14
2021-05-29 11:00:00,2021,5,29,11,143.0,143.0,0.0,1.0,alta_fd,138.943,117.111,108.997,12.0,16.907,1.0,0.14
2021-05-29 12:00:00,2021,5,29,12,156.0,156.0,0.0,1.0,alta_fd,151.908,128.16,119.655,12.0,16.757,1.5,0.14
2021-05-29 13:00:00,2021,5,29,13,150.0,150.0,0.0,1.0,alta_fd,145.933,122.665,114.355,13.1,17.672,1.5,0.14
2021-05-29 14:00:00,2021,5,29,14,125.0,125.0,0.0,1.0,alta_fd,121.049,101.973,94.396,13.0,16.798,1.5,0.14
2021-05-29 15:00:00,2021,5,29,15,84.0,84.0,0.0,1.0,alta_fd,80.432,67.886,61.517,12.0,14.529,1.5,0.14
2021-05-29 16:00:00,2021,5,29,16,36.0,36.0,0.0,1.0,alta_fd,34.072,27.864,22.913,11.7,12.906,1.0,0.14
2021-05-29 17:00:00,2021,5,29,17,4.0,4.0,0.0,,,3.773,2.006,0.0,11.0,11.137,0.5,0.14
2021-05-29 18:00:00,2021,5,29,18,0.0,0.0,0.0,,,0.0,0.0,0.0,10.0,10.0,1.5,0.14
2021-05-29 19:00:00,2021,5,29,19,0.0,0.0,0.0,,,0.0,0.0,0.0,10.4,10.4,2.6,0.14
2021-05-29 20:00:00,2021,5,29,20,0.0,0.0,0.0,,,0.0,0.0,0.0,10.0,10.0,1.5,0.14
2021-05-29 21:00:00,2021,5,29,21,0.0,0.0,0.0,,,0.0,0.0,0.0,10.0,10.0,1.5,0.14
2021-05-29 22:00:00,2021,5,29,22,0.0,0.0,0.0,,,0.0,0.0,0.0,8.6,8.6,1.5,0.14
2021-05-29 23:00:00,2021,5,29,23,0.0,0.0,0.0,,,0.0,0.0,0.0,8.0,8.0,2.6,0.14
2021-05-30 00:00:00,2021,5,30,0,0.0,0.0,0.0,,,0.0,0.0,0.0,8.0,8.0,1.5,0.14
2021-05-30 01:00:00,2021,5,30,1,0.0,0.0,0.0,,,0.0,0.0,0.0,7.1,7.1,0.0,0.14
2021-05-30 02:00:00,2021,5,30,2,0.0,0.0,0.0,,,0.0,0.0,0.0,8.0,8.0,1.0,0.14
2021-05-30 03:00:00,2021,5,30,3,0.0,0.0,0.0,,,0.0,0.0,0.0,6.0,6.0,1.5,0.14
2021-05-30 04:00:00,2021,5,30,4,0.0,0.0,0.0,,,0.0,0.0,0.0,6.4,6.4,2.1,0.14
2021-05-30 05:00:00,2021,5,30,5,0.0,0.0,0.0,,,0.0,0.0,0.0,6.0,6.0,1.0,0.14
2021-05-30 06:00:00,2021,5,30,6,0.0,0.0,0.0,,,0.0,0.0,0.0,6.0,6.0,0.0,0.14
2021-05-30 07:00:00,2021,5,30,7,1.0,1.0,0.0,,,0.97,0.0,0.0,5.8,5.831,1.0,0.14
2021-05-30 08:00:00,2021,5,30,8,44.0,44.0,0.0,1.0,alta_fd,42.855,35.719,30.489,5.0,6.73,0.5,0.14
2021-05-30 09:00:00,2021,5,30,9,171.03847136233375,123.0,202.0,0.7191364552097322,alta_fd,248.724,218.253,206.555,8.0,18.131,0.5,0.14
2021-05-30 10:00:00,2021,5,30,10,321.83553370420316,158.0,423.0,0.49093398165665797,mixto,477.549,412.151,393.583,12.1,25.368,2.1,0.14
2021-05-30 11:00:00,2021,5,30,11,423.5021864387453,143.0,565.0,0.3376605943938457,mixto,620.161,495.628,474.102,15.0,44.484,0.0,0.14
2021-05-30 12:00:00,2021,5,30,12,478.85895127409566,157.0,577.0,0.3278627236313982,mixto,670.266,545.398,522.109,15.7,39.478,1.0,0.14
2021-05-30 13:00:00,2021,5,30,13,473.8946264390497,154.0,564.0,0.3249667571822674,mixto,644.321,535.786,512.838,16.4,34.276,2.1,0.14
2021-05-30 14:00:00,2021,5,30,14,399.35216612705193,151.0,474.0,0.37811238502700417,mixto,524.689,440.269,420.705,18.0,32.572,2.1,0.14
2021-05-30 15:00:00,2021,5,30,15,269.48566549216565,135.0,312.0,0.5009542891769309,mixto,337.789,287.009,272.876,18.0,28.663,1.5,0.14
2021-05-30 16:00:00,2021,5,30,16,110.82705290682762,84.0,91.0,0.7579376857617866,alta_fd,131.213,108.501,100.693,18.2,22.318,1.5,0.14
2021-05-30 17:00:00,2021,5,30,17,11.0,11.0,0.0,1.0,alta_fd,10.395,5.689,1.524,15.0,15.33,1.0,0.14
2021-05-30 18:00:00,2021,5,30,18,0.0,0.0,0.0,,,0.0,0.0,0.0,14.0,14.0,2.1,0.14
2021-05-30 19:00:00,2021,5,30,19,0.0,0.0,0.0,,,0.0,0.0,0.0,13.0,13.0,3.1,0.14
2021-05-30 20:00:00,2021,5,30,20,0.0,0.0,0.0,,,0.0,0.0,0.0,12.0,12.0,2.1,0.14
2021-05-30 21:00:00,2021,5,30,21,0.0,0.0,0.0,,,0.0,0.0,0.0,10.0,10.0,0.5,0.14
2021-05-30 22:00:00,2021,5,30,22,0.0,0.0,0.0,,,0.0,0.0,0.0,8.1,8.1,0.0,0.14
2021-05-30 23:00:00,2021,5,30,23,0.0,0.0,0.0,,,0.0,0.0,0.0,8.5,8.5,0.7,0.14
2021-05-31 00:00:00,2021,5,31,0,0.0,0.0,0.0,,,0.0,0.0,0.0,9.0,9.0,1.5,0.14
2021-05-31 01:00:00,2021,5,31,1,0.0,0.0,0.0,,,0.0,0.0,0.0,7.4,7.4,1.0,0.14
2021-05-31 02:00:00,2021,5,31,2,0.0,0.0,0.0,,,0.0,0.0,0.0,7.0,7.0,0.0,0.14
2021-05-31 03:00:00,2021,5,31,3,0.0,0.0,0.0,,,0.0,0.0,0.0,7.0,7.0,0.0,0.14
2021-05-31 04:00:00,2021,5,31,4,0.0,0.0,0.0,,,0.0,0.0,0.0,6.9,6.9,1.5,0.14
2021-05-31 05:00:00,2021,5,31,5,0.0,0.0,0.0,,,0.0,0.0,0.0,8.0,8.0,2.6,0.14
2021-05-31 06:00:00,2021,5,31,6,0.0,0.0,0.0,,,0.0,0.0,0.0,8.0,8.0,1.0,0.14
2021-05-31 07:00:00,2021,5,31,7,2.0,2.0,0.0,,,1.94,1.015,0.0,8.0,8.071,0.5,0.14
2021-05-31 08:00:00,2021,5,31,8,54.853075776839454,53.0,33.0,0.9662174681985313,alta_fd,66.984,54.932,49.022,10.0,12.089,1.5,0.14
2021-05-31 09:00:00,2021,5,31,9,159.50665455890595,139.0,87.0,0.8714369966844686,alta_fd,194.164,166.852,156.976,11.0,20.234,0.0,0.14
2021-05-31 10:00:00,2021,5,31,10,206.33185421251622,189.0,45.0,0.9160001044014033,alta_fd,230.026,195.973,185.065,13.0,21.147,1.0,0.14
2021-05-31 11:00:00,2021,5,31,11,229.39171147262397,220.0,19.0,0.9590581917178608,alta_fd,235.764,197.395,186.437,14.0,23.542,0.5,0.14
2021-05-31 12:00:00,2021,5,31,12,204.89001015073472,201.0,7.0,0.9810141541411761,alta_fd,205.008,172.212,162.146,15.0,20.658,2.1,0.14
2021-05-31 13:00:00,2021,5,31,13,149.0,149.0,0.0,1.0,alta_fd,144.976,120.03,111.813,16.9,21.442,1.5,0.14
2021-05-31 14:00:00,2021,5,31,14,124.0,124.0,0.0,1.0,alta_fd,120.084,99.534,92.044,17.0,20.768,1.5,0.14
2021-05-31 15:00:00,2021,5,31,15,83.0,83.0,0.0,1.0,alta_fd,79.453,65.715,59.422,16.5,19.315,1.0,0.14
2021-05-31 16:00:00,2021,5,31,16,35.0,35.0,0.0,1.0,alta_fd,33.123,26.516,21.613,16.0,17.343,0.5,0.14
2021-05-31 17:00:00,2021,5,31,17,3.0,3.0,0.0,,,2.829,1.458,0.0,14.0,14.08,1.5,0.14
2021-05-31 18:00:00,2021,5,31,18,0.0,0.0,0.0,,,0.0,0.0,0.0,14.0,14.0,1.0,0.14
2021-05-31 19:00:00,2021,5,31,19,0.0,0.0,0.0,,,0.0,0.0,0.0,13.2,13.2,1.5,0.14
2021-05-31 20:00:00,2021,5,31,20,0.0,0.0,0.0,,,0.0,0.0,0.0,12.5,12.5,1.0,0.14
2021-05-31 21:00:00,2021,5,31,21,0.0,0.0,0.0,,,0.0,0.0,0.0,11.5,11.5,0.0,0.14
2021-05-31 22:00:00,2021,5,31,22,0.0,0.0,0.0,,,0.0,0.0,0.0,10.1,10.1,0.0,0.14
2021-05-31 23:00:00,2021,5,31,23,0.0,0.0,0.0,,,0.0,0.0,0.0,8.3,8.3,0.2,0.14
2021-06-01 00:00:00,2021,6,1,0,0.0,0.0,0.0,,,0.0,0.0,0.0,6.4,6.4,1.0,0.16
2021-06-01 01:00:00,2021,6,1,1,0.0,0.0,0.0,,,0.0,0.0,0.0,4.7,4.7,1.5,0.16
2021-06-01 02:00:00,2021,6,1,2,0.0,0.0,0.0,,,0.0,0.0,0.0,3.4,3.4,1.0,0.16
2021-06-01 03:00:00,2021,6,1,3,0.0,0.0,0.0,,,0.0,0.0,0.0,2.6,2.6,0.5,0.16
2021-06-01 04:00:00,2021,6,1,4,0.0,0.0,0.0,,,0.0,0.0,0.0,2.1,2.1,1.5,0.16
2021-06-01 05:00:00,2021,6,1,5,0.0,0.0,0.0,,,0.0,0.0,0.0,1.6,1.6,0.5,0.16
2021-06-01 06:00:00,2021,6,1,6,0.0,0.0,0.0,,,0.0,0.0,0.0,1.0,1.0,1.0,0.16
2021-06-01 07:00:00,2021,6,1,7,2.0,2.0,0.0,,,1.94,1.054,0.0,1.2,1.248,2.1,0.16
2021-06-01 08:00:00,2021,6,1,8,58.74070788402752,55.0,69.0,0.9363183043109925,alta_fd,85.787,71.738,65.232,4.1,7.544,0.5,0.16
2021-06-01 09:00:00,2021,6,1,9,185.0422159439728,107.0,334.0,0.5782464258447787,mixto,306.357,267.731,254.28,7.0,21.605,0.0,0.16
2021-06-01 10:00:00,2021,6,1,10,286.74631383990845,168.0,310.0,0.5858837302919787,mixto,402.169,345.017,328.828,11.4,25.685,1.0,0.16
2021-06-01 11:00:00,2021,6,1,11,266.8692114732578,227.0,81.0,0.8506039297183857,alta_fd,302.744,253.568,240.62,14.0,26.266,0.5,0.16
2021-06-01 12:00:00,2021,6,1,12,295.7924216122771,267.0,52.0,0.9026600429607421,alta_fd,327.664,267.186,253.755,19.0,32.258,0.5,0.16
2021-06-01 13:00:00,2021,6,1,13,285.7296693917816,257.0,51.0,0.8994515709448829,alta_fd,314.956,256.269,243.225,20.1,32.848,0.5,0.16
2021-06-01 14:00:00,2021,6,1,14,238.4196450921049,215.0,45.0,0.9017713281006792,alta_fd,260.815,215.344,203.75,21.0,29.191,1.5,0.16
2021-06-01 15:00:00,2021,6,1,15,161.13110739036878,153.0,19.0,0.9495373207442203,alta_fd,165.861,138.343,129.477,20.0,24.597,2.1,0.16
2021-06-01 16:00:00,2021,6,1,16,69.0,69.0,0.0,1.0,alta_fd,68.333,55.564,49.631,19.1,20.991,2.1,0.16
2021-06-01 17:00:00,2021,6,1,17,7.0,7.0,0.0,,,6.612,3.501,0.0,17.0,17.241,0.5,0.16
2021-06-01 18:00:00,2021,6,1,18,0.0,0.0,0.0,,,0.0,0.0,0.0,16.0,16.0,1.5,0.16
2021-06-01 19:00:00,2021,6,1,19,0.0,0.0,0.0,,,0.0,0.0,0.0,12.0,12.0,0.5,0.16
2021-06-01 20:00:00,2021,6,1,20,0.0,0.0,0.0,,,0.0,0.0,0.0,12.0,12.0,0.5,0.16
2021-06-01 21:00:00,2021,6,1,21,0.0,0.0,0.0,,,0.0,0.0,0.0,12.0,12.0,1.5,0.16
2021-06-01 22:00:00,2021,6,1,22,0.0,0.0,0.0,,,0.0,0.0,0.0,9.3,9.3,1.5,0.16
2021-06-01 23:00:00,2021,6,1,23,0.0,0.0,0.0,,,0.0,0.0,0.0,7.0,7.0,2.1,0.16
2021-06-02 00:00:00,2021,6,2,0,0.0,0.0,0.0,,,0.0,0.0,0.0,7.0,7.0,0.0,0.16
2021-06-02 01:00:00,2021,6,2,1,0.0,0.0,0.0,,,0.0,0.0,0.0,5.3,5.3,0.0,0.16
2021-06-02 02:00:00,2021,6,2,2,0.0,0.0,0.0,,,0.0,0.0,0.0,4.0,4.0,0.5,0.16
2021-06-02 03:00:00,2021,6,2,3,0.0,0.0,0.0,,,0.0,0.0,0.0,5.0,5.0,2.1,0.16
2021-06-02 04:00:00,2021,6,2,4,0.0,0.0,0.0,,,0.0,0.0,0.0,5.9,5.9,0.0,0.16
2021-06-02 05:00:00,2021,6,2,5,0.0,0.0,0.0,,,0.0,0.0,0.0,5.0,5.0,0.0,0.16
2021-06-02 06:00:00,2021,6,2,6,0.0,0.0,0.0,,,0.0,0.0,0.0,5.0,5.0,1.0,0.16
2021-06-02 07:00:00,2021,6,2,7,1.0,1.0,0.0,,,0.97,0.0,0.0,8.9,8.941,0.0,0.16
2021-06-02 08:00:00,2021,6,2,8,20.0,20.0,0.0,1.0,alta_fd,18.918,15.108,10.609,7.0,7.892,0.0,0.16
2021-06-02 09:00:00,2021,6,2,9,67.0,67.0,0.0,1.0,alta_fd,63.802,54.254,48.368,9.0,11.007,1.5,0.16
2021-06-02 10:00:00,2021,6,2,10,112.0,112.0,0.0,1.0,alta_fd,108.339,90.684,83.507,13.0,18.134,0.0,0.16
2021-06-02 11:00:00,2021,6,2,11,143.0,143.0,0.0,1.0,alta_fd,139.187,115.496,107.44,16.0,20.916,1.0,0.16
2021-06-02 12:00:00,2021,6,2,12,156.0,156.0,0.0,1.0,alta_fd,152.159,124.657,116.276,18.0,24.151,0.5,0.16
2021-06-02 13:00:00,2021,6,2,13,150.0,150.0,0.0,1.0,alta_fd,146.171,119.616,111.414,19.8,24.38,1.5,0.16
2021-06-02 14:00:00,2021,6,2,14,125.0,125.0,0.0,1.0,alta_fd,121.249,98.065,90.626,21.0,26.741,0.0,0.16
2021-06-02 15:00:00,2021,6,2,15,84.0,84.0,0.0,1.0,alta_fd,80.563,65.67,59.38,20.0,22.855,1.0,0.16
2021-06-02 16:00:00,2021,6,2,16,36.0,36.0,0.0,1.0,alta_fd,34.094,26.941,22.023,19.0,20.382,0.5,0.16
2021-06-02 17:00:00,2021,6,2,17,4.0,4.0,0.0,,,3.776,1.942,0.0,17.0,17.161,0.0,0.16
2021-06-02 18:00:00,2021,6,2,18,0.0,0.0,0.0,,,0.0,0.0,0.0,14.0,14.0,0.0,0.16
2021-06-02 19:00:00,2021,6,2,19,0.0,0.0,0.0,,,0.0,0.0,0.0,12.5,12.5,0.0,0.16
2021-06-02 20:00:00,2021,6,2,20,0.0,0.0,0.0,,,0.0,0.0,0.0,14.0,14.0,2.1,0.16
2021-06-02 21:00:00,2021,6,2,21,0.0,0.0,0.0,,,0.0,0.0,0.0,12.0,12.0,1.0,0.16
2021-06-02 22:00:00,2021,6,2,22,0.0,0.0,0.0,,,0.0,0.0,0.0,10.9,10.9,2.6,0.16
2021-06-02 23:00:00,2021,6,2,23,0.0,0.0,0.0,,,0.0,0.0,0.0,12.0,12.0,1.0,0.16
2021-06-03 00:00:00,2021,6,3,0,0.0,0.0,0.0,,,0.0,0.0,0.0,10.0,10.0,0.0,0.16
2021-06-03 01:00:00,2021,6,3,1,0.0,0.0,0.0,,,0.0,0.0,0.0,9.5,9.5,1.5,0.16
2021-06-03 02:00:00,2021,6,3,2,0.0,0.0,0.0,,,0.0,0.0,0.0,9.0,9.0,0.0,0.16
2021-06-03 03:00:00,2021,6,3,3,0.0,0.0,0.0,,,0.0,0.0,0.0,8.0,8.0,0.5,0.16
2021-06-03 04:00:00,2021,6,3,4,0.0,0.0,0.0,,,0.0,0.0,0.0,8.0,8.0,0.0,0.16
2021-06-03 05:00:00,2021,6,3,5,0.0,0.0,0.0,,,0.0,0.0,0.0,8.0,8.0,0.0,0.16
2021-06-03 06:00:00,2021,6,3,6,0.0,0.0,0.0,,,0.0,0.0,0.0,6.0,6.0,0.0,0.16
2021-06-03 07:00:00,2021,6,3,7,2.0,2.0,0.0,,,1.94,1.024,0.0,6.4,6.471,0.5,0.16
2021-06-03 08:00:00,2021,6,3,8,37.0,37.0,0.0,1.0,alta_fd,35.438,28.825,23.84,8.0,9.671,0.0,0.16
2021-06-03 09:00:00,2021,6,3,9,124.82443995314351,120.0,21.0,0.9613501974857287,alta_fd,131.636,113.18,105.206,11.0,15.67,1.0,0.16
2021-06-03 10:00:00,2021,6,3,10,286.7643474369088,192.0,250.0,0.6695392984382135,mixto,389.246,333.518,317.737,14.5,25.303,2.1,0.16
2021-06-03 11:00:00,2021,6,3,11,424.64122496479246,160.0,542.0,0.3767886643913713,mixto,613.795,523.211,500.708,16.0,28.197,4.1,0.16
2021-06-03 12:00:00,2021,6,3,12,504.2992945632278,132.0,677.0,0.2617493250993437,baja_fd,720.999,602.146,576.846,18.0,33.42,3.6,0.16
2021-06-03 13:00:00,2021,6,3,13,458.5121984174199,173.0,510.0,0.3773073008681536,mixto,616.04,515.457,493.228,18.2,32.459,3.1,0.16
2021-06-03 14:00:00,2021,6,3,14,237.28035326299593,199.0,74.0,0.8386703629837954,alta_fd,262.928,222.559,210.709,18.0,23.61,3.6,0.16
2021-06-03 15:00:00,2021,6,3,15,159.079680916214,151.0,19.0,0.9492098496195156,alta_fd,163.791,137.168,128.344,19.0,23.54,2.1,0.16
2021-06-03 16:00:00,2021,6,3,16,126.0283940315736,75.0,176.0,0.5951039888773829,mixto,160.185,133.381,124.692,17.4,21.425,2.6,0.16
2021-06-03 17:00:00,2021,6,3,17,11.0,11.0,0.0,1.0,alta_fd,10.402,5.695,1.529,15.0,15.235,2.6,0.16
2021-06-03 18:00:00,2021,6,3,18,0.0,0.0,0.0,,,0.0,0.0,0.0,13.0,13.0,2.1,0.16
2021-06-03 19:00:00,2021,6,3,19,0.0,0.0,0.0,,,0.0,0.0,0.0,12.1,12.1,2.6,0.16
2021-06-03 20:00:00,2021,6,3,20,0.0,0.0,0.0,,,0.0,0.0,0.0,11.0,11.0,3.6,0.16
2021-06-03 21:00:00,2021,6,3,21,0.0,0.0,0.0,,,0.0,0.0,0.0,10.0,10.0,2.1,0.16
2021-06-03 22:00:00,2021,6,3,22,0.0,0.0,0.0,,,0.0,0.0,0.0,9.3,9.3,1.0,0.16
2021-06-03 23:00:00,2021,6,3,23,0.0,0.0,0.0,,,0.0,0.0,0.0,6.0,6.0,1.5,0.16
2021-06-04 00:00:00,2021,6,4,0,0.0,0.0,0.0,,,0.0,0.0,0.0,6.0,6.0,2.1,0.16
2021-06-04 01:00:00,2021,6,4,1,0.0,0.0,0.0,,,0.0,0.0,0.0,5.3,5.3,2.6,0.16
2021-06-04 02:00:00,2021,6,4,2,0.0,0.0,0.0,,,0.0,0.0,0.0,6.0,6.0,0.0,0.16
2021-06-04 03:00:00,2021,6,4,3,0.0,0.0,0.0,,,0.0,0.0,0.0,3.0,3.0,1.5,0.16
2021-06-04 04:00:00,2021,6,4,4,0.0,0.0,0.0,,,0.0,0.0,0.0,4.3,4.3,1.5,0.16
2021-06-04 05:00:00,2021,6,4,5,0.0,0.0,0.0,,,0.0,0.0,0.0,3.0,3.0,0.5,0.16
2021-06-04 06:00:00,2021,6,4,6,0.0,0.0,0.0,,,0.0,0.0,0.0,4.0,4.0,0.0,0.16
2021-06-04 07:00:00,2021,6,4,7,1.0,1.0,0.0,,,0.97,0.0,0.0,2.9,2.941,0.0,0.16
2021-06-04 08:00:00,2021,6,4,8,19.0,19.0,0.0,1.0,alta_fd,17.971,14.63,10.148,2.0,2.633,1.0,0.16
2021-06-04 09:00:00,2021,6,4,9,66.0,66.0,0.0,1.0,alta_fd,62.828,54.595,48.697,3.0,5.551,0.5,0.16
2021-06-04 10:00:00,2021,6,4,10,110.0,110.0,0.0,1.0,alta_fd,106.342,91.52,84.314,6.1,11.139,0.0,0.16
2021-06-04 11:00:00,2021,6,4,11,447.4788795087733,214.0,480.0,0.478234861575862,mixto,625.765,524.095,501.561,10.0,32.202,1.0,0.16
2021-06-04 12:00:00,2021,6,4,12,501.2288070502873,106.0,721.0,0.21148026312335483,baja_fd,725.546,620.843,594.88,13.0,27.42,4.1,0.16
2021-06-04 13:00:00,2021,6,4,13,500.33406357098926,104.0,710.0,0.20786112234240092,baja_fd,700.421,608.024,582.515,13.2,23.926,6.2,0.16
2021-06-04 14:00:00,2021,6,4,14,434.1940255816257,103.0,642.0,0.23722113601638367,baja_fd,593.341,524.404,501.858,12.0,20.2,7.2,0.16
2021-06-04 15:00:00,2021,6,4,15,305.17765930069015,108.0,465.0,0.35389222214850297,mixto,403.87,360.321,343.59,12.0,17.879,6.7,0.16
2021-06-04 16:00:00,2021,6,4,16,135.1250914510243,73.0,215.0,0.5402401524106175,mixto,173.445,148.54,139.313,11.7,14.702,5.1,0.16
2021-06-04 17:00:00,2021,6,4,17,11.0,11.0,0.0,1.0,alta_fd,10.403,5.81,1.641,11.0,11.199,3.6,0.16
2021-06-04 18:00:00,2021,6,4,18,0.0,0.0,0.0,,,0.0,0.0,0.0,10.0,10.0,1.5,0.16
2021-06-04 19:00:00,2021,6,4,19,0.0,0.0,0.0,,,0.0,0.0,0.0,8.0,8.0,1.5,0.16
2021-06-04 20:00:00,2021,6,4,20,0.0,0.0,0.0,,,0.0,0.0,0.0,8.0,8.0,1.0,0.16
2021-06-04 21:00:00,2021,6,4,21,0.0,0.0,0.0,,,0.0,0.0,0.0,7.0,7.0,1.5,0.16
2021-06-04 22:00:00,2021,6,4,22,0.0,0.0,0.0,,,0.0,0.0,0.0,6.6,6.6,1.0,0.16
2021-06-04 23:00:00,2021,6,4,23,0.0,0.0,0.0,,,0.0,0.0,0.0,7.0,7.0,1.0,0.16
2021-06-05 00:00:00,2021,6,5,0,0.0,0.0,0.0,,,0.0,0.0,0.0,7.0,7.0,0.0,0.16
2021-06-05 01:00:00,2021,6,5,1,0.0,0.0,0.0,,,0.0,0.0,0.0,7.5,7.5,1.5,0.16
2021-06-05 02:00:00,2021,6,5,2,0.0,0.0,0.0,,,0.0,0.0,0.0,7.0,7.0,0.0,0.16
2021-06-05 03:00:00,2021,6,5,3,0.0,0.0,0.0,,,0.0,0.0,0.0,6.6,6.6,0.0,0.16
2021-06-05 04:00:00,2021,6,5,4,0.0,0.0,0.0,,,0.0,0.0,0.0,6.2,6.2,1.0,0.16
2021-06-05 05:00:00,2021,6,5,5,0.0,0.0,0.0,,,0.0,0.0,0.0,4.0,4.0,0.0,0.16
2021-06-05 06:00:00,2021,6,5,6,0.0,0.0,0.0,,,0.0,0.0,0.0,4.0,4.0,2.1,0.16
2021-06-05 07:00:00,2021,6,5,7,1.0,1.0,0.0,,,0.97,0.0,0.0,4.7,4.741,0.0,0.16
2021-06-05 08:00:00,2021,6,5,8,19.0,19.0,0.0,1.0,alta_fd,17.971,14.368,9.895,6.0,6.494,2.1,0.16
2021-06-05 09:00:00,2021,6,5,9,65.0,65.0,0.0,1.0,alta_fd,61.829,52.909,47.071,7.0,9.192,1.0,0.16
2021-06-05 10:00:00,2021,6,5,10,109.0,109.0,0.0,1.0,alta_fd,105.341,90.577,83.404,8.4,11.314,2.1,0.16
2021-06-05 11:00:00,2021,6,5,11,139.0,139.0,0.0,1.0,alta_fd,135.152,115.635,107.574,10.0,13.115,3.1,0.16
2021-06-05 12:00:00,2021,6,5,12,152.0,152.0,0.0,1.0,alta_fd,148.118,126.465,118.021,10.0,13.719,2.6,0.16
2021-06-05 13:00:00,2021,6,5,13,147.0,147.0,0.0,1.0,alta_fd,143.158,121.779,113.5,10.2,14.686,1.5,0.16
2021-06-05 14:00:00,2021,6,5,14,122.0,122.0,0.0,1.0,alta_fd,118.229,100.711,93.179,11.0,13.974,2.6,0.16
2021-06-05 15:00:00,2021,6,5,15,82.0,82.0,0.0,1.0,alta_fd,78.564,66.088,59.783,12.0,15.188,0.5,0.16
2021-06-05 16:00:00,2021,6,5,16,35.0,35.0,0.0,1.0,alta_fd,33.145,27.026,22.105,11.8,12.973,1.0,0.16
2021-06-05 17:00:00,2021,6,5,17,3.0,3.0,0.0,,,2.831,1.483,0.0,11.0,11.103,0.5,0.16
2021-06-05 18:00:00,2021,6,5,18,0.0,0.0,0.0,,,0.0,0.0,0.0,11.0,11.0,0.0,0.16
2021-06-05 19:00:00,2021,6,5,19,0.0,0.0,0.0,,,0.0,0.0,0.0,10.7,10.7,1.5,0.16
2021-06-05 20:00:00,2021,6,5,20,0.0,0.0,0.0,,,0.0,0.0,0.0,11.0,11.0,2.6,0.16
2021-06-05 21:00:00,2021,6,5,21,0.0,0.0,0.0,,,0.0,0.0,0.0,11.0,11.0,1.5,0.16
2021-06-05 22:00:00,2021,6,5,22,0.0,0.0,0.0,,,0.0,0.0,0.0,10.0,10.0,0.5,0.16
2021-06-05 23:00:00,2021,6,5,23,0.0,0.0,0.0,,,0.0,0.0,0.0,10.0,10.0,0.0,0.16
2021-06-06 00:00:00,2021,6,6,0,0.0,0.0,0.0,,,0.0,0.0,0.0,10.0,10.0,1.5,0.16
2021-06-06 01:00:00,2021,6,6,1,0.0,0.0,0.0,,,0.0,0.0,0.0,10.0,10.0,2.1,0.16
2021-06-06 02:00:00,2021,6,6,2,0.0,0.0,0.0,,,0.0,0.0,0.0,10.0,10.0,0.0,0.16
2021-06-06 03:00:00,2021,6,6,3,0.0,0.0,0.0,,,0.0,0.0,0.0,9.0,9.0,0.5,0.16
2021-06-06 04:00:00,2021,6,6,4,0.0,0.0,0.0,,,0.0,0.0,0.0,10.0,10.0,0.5,0.16
2021-06-06 05:00:00,2021,6,6,5,0.0,0.0,0.0,,,0.0,0.0,0.0,8.0,8.0,1.0,0.16
2021-06-06 06:00:00,2021,6,6,6,0.0,0.0,0.0,,,0.0,0.0,0.0,8.0,8.0,1.0,0.16
2021-06-06 07:00:00,2021,6,6,7,1.0,1.0,0.0,,,0.97,0.0,0.0,6.8,6.827,1.5,0.16
2021-06-06 08:00:00,2021,6,6,8,19.0,19.0,0.0,1.0,alta_fd,17.971,14.281,9.812,7.0,7.632,1.0,0.16
2021-06-06 09:00:00,2021,6,6,9,64.0,64.0,0.0,1.0,alta_fd,60.831,51.446,45.66,9.0,11.888,0.0,0.16
2021-06-06 10:00:00,2021,6,6,10,108.0,108.0,0.0,1.0,alta_fd,104.339,88.656,81.551,10.0,14.229,0.5,0.16
2021-06-06 11:00:00,2021,6,6,11,258.77249544089176,224.0,72.0,0.8656252265850471,alta_fd,292.539,249.61,236.802,11.0,21.349,1.0,0.16
2021-06-06 12:00:00,2021,6,6,12,284.7908431010531,257.0,51.0,0.9024166549793456,alta_fd,315.556,266.969,253.546,13.0,22.895,1.5,0.16
2021-06-06 13:00:00,2021,6,6,13,401.0328448337854,245.0,281.0,0.6109225295537681,mixto,504.931,415.03,396.36,14.6,35.088,0.5,0.16
2021-06-06 14:00:00,2021,6,6,14,402.42107393623985,155.0,482.0,0.38516869527702324,mixto,532.794,444.995,425.263,15.0,33.93,1.0,0.16
2021-06-06 15:00:00,2021,6,6,15,281.59235808229295,120.0,383.0,0.42614792822229586,mixto,369.774,314.85,299.73,16.0,29.161,1.0,0.16
2021-06-06 16:00:00,2021,6,6,16,120.93156896140076,81.0,139.0,0.6698002903266209,mixto,147.449,123.083,114.758,15.0,20.21,1.0,0.16
2021-06-06 17:00:00,2021,6,6,17,11.0,11.0,0.0,1.0,alta_fd,10.403,5.693,1.528,15.0,15.293,1.5,0.16
2021-06-06 18:00:00,2021,6,6,18,0.0,0.0,0.0,,,0.0,0.0,0.0,12.0,12.0,1.0,0.16
2021-06-06 19:00:00,2021,6,6,19,0.0,0.0,0.0,,,0.0,0.0,0.0,10.6,10.6,1.0,0.16
2021-06-06 20:00:00,2021,6,6,20,0.0,0.0,0.0,,,0.0,0.0,0.0,11.0,11.0,2.1,0.16
2021-06-06 21:00:00,2021,6,6,21,0.0,0.0,0.0,,,0.0,0.0,0.0,9.0,9.0,0.0,0.16
2021-06-06 22:00:00,2021,6,6,22,0.0,0.0,0.0,,,0.0,0.0,0.0,10.0,10.0,1.0,0.16
2021-06-06 23:00:00,2021,6,6,23,0.0,0.0,0.0,,,0.0,0.0,0.0,9.0,9.0,0.5,0.16
2021-06-07 00:00:00,2021,6,7,0,0.0,0.0,0.0,,,0.0,0.0,0.0,8.0,8.0,0.0,0.16
2021-06-07 01:00:00,2021,6,7,1,0.0,0.0,0.0,,,0.0,0.0,0.0,6.6,6.6,0.5,0.16
2021-06-07 02:00:00,2021,6,7,2,0.0,0.0,0.0,,,0.0,0.0,0.0,7.0,7.0,0.0,0.16
2021-06-07 03:00:00,2021,6,7,3,0.0,0.0,0.0,,,0.0,0.0,0.0,6.0,6.0,0.0,0.16
2021-06-07 04:00:00,2021,6,7,4,0.0,0.0,0.0,,,0.0,0.0,0.0,7.0,7.0,0.0,0.16
2021-06-07 05:00:00,2021,6,7,5,0.0,0.0,0.0,,,0.0,0.0,0.0,7.5,7.5,0.2,0.16
2021-06-07 06:00:00,2021,6,7,6,0.0,0.0,0.0,,,0.0,0.0,0.0,8.0,8.0,0.5,0.16
2021-06-07 07:00:00,2021,6,7,7,1.0,1.0,0.0,,,0.97,0.0,0.0,8.5,8.524,2.1,0.16
2021-06-07 08:00:00,2021,6,7,8,18.0,18.0,0.0,1.0,alta_fd,17.023,13.412,8.973,8.0,8.802,0.0,0.16
2021-06-07 09:00:00,2021,6,7,9,64.0,64.0,0.0,1.0,alta_fd,60.849,51.553,45.763,9.0,11.471,0.5,0.16
2021-06-07 10:00:00,2021,6,7,10,197.19258941367082,160.0,100.0,0.8113895176068298,alta_fd,242.016,208.156,196.817,10.5,20.33,0.5,0.16
2021-06-07 11:00:00,2021,6,7,11,259.4366423774827,232.0,57.0,0.8942453073472861,alta_fd,290.517,244.328,231.707,13.0,24.768,0.5,0.16
2021-06-07 12:00:00,2021,6,7,12,499.3448750021499,226.0,503.0,0.45259300998939256,mixto,677.825,567.517,543.444,13.0,31.79,2.1,0.16
2021-06-07 13:00:00,2021,6,7,13,496.85810430774234,103.0,711.0,0.20730264658459552,baja_fd,698.222,578.387,553.929,14.2,36.21,1.5,0.16
2021-06-07 14:00:00,2021,6,7,14,430.80119317871004,103.0,640.0,0.2390894027939062,baja_fd,590.762,491.537,470.157,15.0,36.009,1.0,0.16
2021-06-07 15:00:00,2021,6,7,15,302.18364418408885,106.0,466.0,0.35078007046412246,mixto,401.747,343.963,327.812,16.0,28.696,1.5,0.16
2021-06-07 16:00:00,2021,6,7,16,133.18801035056495,71.0,217.0,0.5330810169257765,mixto,171.936,143.671,134.617,15.3,20.687,1.5,0.16
2021-06-07 17:00:00,2021,6,7,17,11.0,11.0,0.0,1.0,alta_fd,10.403,5.749,1.582,13.0,13.33,1.0,0.16
2021-06-07 18:00:00,2021,6,7,18,0.0,0.0,0.0,,,0.0,0.0,0.0,12.0,12.0,1.0,0.16
2021-06-07 19:00:00,2021,6,7,19,0.0,0.0,0.0,,,0.0,0.0,0.0,9.7,9.7,0.5,0.16
2021-06-07 20:00:00,2021,6,7,20,0.0,0.0,0.0,,,0.0,0.0,0.0,10.0,10.0,1.0,0.16
2021-06-07 21:00:00,2021,6,7,21,0.0,0.0,0.0,,,0.0,0.0,0.0,8.0,8.0,0.5,0.16
2021-06-07 22:00:00,2021,6,7,22,0.0,0.0,0.0,,,0.0,0.0,0.0,5.4,5.4,1.0,0.16
2021-06-07 23:00:00,2021,6,7,23,0.0,0.0,0.0,,,0.0,0.0,0.0,1.2,1.2,0.5,0.16
2021-06-08 00:00:00,2021,6,8,0,0.0,0.0,0.0,,,0.0,0.0,0.0,4.0,4.0,0.0,0.16
2021-06-08 01:00:00,2021,6,8,1,0.0,0.0,0.0,,,0.0,0.0,0.0,1.2,1.2,0.5,0.16
2021-06-08 02:00:00,2021,6,8,2,0.0,0.0,0.0,,,0.0,0.0,0.0,1.0,1.0,0.5,0.16
2021-06-08 03:00:00,2021,6,8,3,0.0,0.0,0.0,,,0.0,0.0,0.0,1.0,1.0,0.5,0.16
2021-06-08 04:00:00,2021,6,8,4,0.0,0.0,0.0,,,0.0,0.0,0.0,0.6,0.6,0.0,0.16
2021-06-08 05:00:00,2021,6,8,5,0.0,0.0,0.0,,,0.0,0.0,0.0,2.0,2.0,0.5,0.16
2021-06-08 06:00:00,2021,6,8,6,0.0,0.0,0.0,,,0.0,0.0,0.0,1.0,1.0,0.0,0.16
2021-06-08 07:00:00,2021,6,8,7,1.0,1.0,0.0,,,0.97,0.0,0.0,0.1,0.131,1.0,0.16
2021-06-08 08:00:00,2021,6,8,8,51.35494121151893,49.0,56.0,0.9541438242170412,alta_fd,74.538,61.833,55.678,3.0,6.492,0.0,0.16
2021-06-08 09:00:00,2021,6,8,9,173.28303380849067,103.0,318.0,0.594403258854723,mixto,290.801,253.384,240.442,8.0,21.861,0.0,0.16
2021-06-08 10:00:00,2021,6,8,10,196.77373283397964,159.0,102.0,0.8080346787655353,alta_fd,242.149,207.7,196.377,9.6,21.101,0.0,0.16
2021-06-08 11:00:00,2021,6,8,11,416.15795390787457,194.0,463.0,0.4661691508675238,mixto,588.535,480.058,459.084,11.0,38.967,0.0,0.16
2021-06-08 12:00:00,2021,6,8,12,285.5306366024862,240.0,84.0,0.8405402756627001,alta_fd,322.357,274.561,260.868,13.0,21.911,2.1,0.16
2021-06-08 13:00:00,2021,6,8,13,145.0,145.0,0.0,1.0,alta_fd,141.163,117.451,109.325,13.5,20.175,0.0,0.16
2021-06-08 14:00:00,2021,6,8,14,121.0,121.0,0.0,1.0,alta_fd,117.257,98.399,90.948,14.0,17.68,1.5,0.16
2021-06-08 15:00:00,2021,6,8,15,82.0,82.0,0.0,1.0,alta_fd,78.601,66.132,59.826,13.0,15.178,2.1,0.16
2021-06-08 16:00:00,2021,6,8,16,35.0,35.0,0.0,1.0,alta_fd,33.145,26.935,22.017,12.9,13.665,3.1,0.16
2021-06-08 17:00:00,2021,6,8,17,3.0,3.0,0.0,,,2.831,1.475,0.0,12.0,12.047,4.6,0.16
2021-06-08 18:00:00,2021,6,8,18,0.0,0.0,0.0,,,0.0,0.0,0.0,11.0,11.0,2.1,0.16
2021-06-08 19:00:00,2021,6,8,19,0.0,0.0,0.0,,,0.0,0.0,0.0,10.8,10.8,4.1,0.16
2021-06-08 20:00:00,2021,6,8,20,0.0,0.0,0.0,,,0.0,0.0,0.0,10.0,10.0,0.5,0.16
2021-06-08 21:00:00,2021,6,8,21,0.0,0.0,0.0,,,0.0,0.0,0.0,10.0,10.0,2.1,0.16
2021-06-08 22:00:00,2021,6,8,22,0.0,0.0,0.0,,,0.0,0.0,0.0,8.0,8.0,2.6,0.16
2021-06-08 23:00:00,2021,6,8,23,0.0,0.0,0.0,,,0.0,0.0,0.0,8.0,8.0,0.5,0.16
2021-06-09 00:00:00,2021,6,9,0,0.0,0.0,0.0,,,0.0,0.0,0.0,9.0,9.0,1.5,0.16
2021-06-09 01:00:00,2021,6,9,1,0.0,0.0,0.0,,,0.0,0.0,0.0,9.0,9.0,0.5,0.16
2021-06-09 02:00:00,2021,6,9,2,0.0,0.0,0.0,,,0.0,0.0,0.0,8.0,8.0,2.1,0.16
2021-06-09 03:00:00,2021,6,9,3,0.0,0.0,0.0,,,0.0,0.0,0.0,8.0,8.0,1.0,0.16
2021-06-09 04:00:00,2021,6,9,4,0.0,0.0,0.0,,,0.0,0.0,0.0,6.8,6.8,1.0,0.16
2021-06-09 05:00:00,2021,6,9,5,0.0,0.0,0.0,,,0.0,0.0,0.0,6.0,6.0,0.0,0.16
2021-06-09 06:00:00,2021,6,9,6,0.0,0.0,0.0,,,0.0,0.0,0.0,6.0,6.0,0.0,0.16
2021-06-09 07:00:00,2021,6,9,7,1.0,1.0,0.0,,,0.97,0.0,0.0,3.9,3.931,1.0,0.16
2021-06-09 08:00:00,2021,6,9,8,50.148465855855484,48.0,53.0,0.9571578946795514,alta_fd,72.368,59.435,53.365,6.0,8.531,1.0,0.16
2021-06-09 09:00:00,2021,6,9,9,171.7919270385631,102.0,318.0,0.5937415206775315,mixto,289.318,253.067,240.137,7.0,20.79,0.0,0.16
2021-06-09 10:00:00,2021,6,9,10,316.4067676388193,132.0,500.0,0.41718450267371965,mixto,493.946,424.077,405.087,10.1,27.668,1.0,0.16
2021-06-09 11:00:00,2021,6,9,11,412.36647767200145,177.0,492.0,0.42922984671122266,mixto,591.209,478.587,457.665,13.0,41.102,0.0,0.16
2021-06-09 12:00:00,2021,6,9,12,466.0961263222667,186.0,518.0,0.39905931308126014,mixto,644.511,530.115,507.368,13.8,36.662,1.0,0.16
2021-06-09 13:00:00,2021,6,9,13,426.0101076666017,196.0,417.0,0.46008298036297035,mixto,566.255,479.456,458.503,14.6,28.884,2.6,0.16
2021-06-09 14:00:00,2021,6,9,14,399.57861243631123,146.0,497.0,0.36538492165486186,mixto,532.603,452.426,432.431,15.0,29.797,2.1,0.16
2021-06-09 15:00:00,2021,6,9,15,280.06953009436916,119.0,384.0,0.42489448945018427,mixto,369.065,321.21,305.865,15.0,23.57,3.1,0.16
2021-06-09 16:00:00,2021,6,9,16,107.83229574614772,79.0,101.0,0.7326191050033566,alta_fd,129.919,109.727,101.875,13.4,16.395,3.1,0.16
2021-06-09 17:00:00,2021,6,9,17,6.0,6.0,0.0,,,5.667,3.042,0.0,13.0,13.117,3.1,0.16
2021-06-09 18:00:00,2021,6,9,18,0.0,0.0,0.0,,,0.0,0.0,0.0,12.0,12.0,2.1,0.16
2021-06-09 19:00:00,2021,6,9,19,0.0,0.0,0.0,,,0.0,0.0,0.0,11.7,11.7,1.5,0.16
2021-06-09 20:00:00,2021,6,9,20,0.0,0.0,0.0,,,0.0,0.0,0.0,12.0,12.0,1.5,0.16
2021-06-09 21:00:00,2021,6,9,21,0.0,0.0,0.0,,,0.0,0.0,0.0,11.0,11.0,0.0,0.16
2021-06-09 22:00:00,2021,6,9,22,0.0,0.0,0.0,,,0.0,0.0,0.0,9.0,9.0,1.5,0.16
2021-06-09 23:00:00,2021,6,9,23,0.0,0.0,0.0,,,0.0,0.0,0.0,8.0,8.0,1.0,0.16
2021-06-10 00:00:00,2021,6,10,0,0.0,0.0,0.0,,,0.0,0.0,0.0,9.0,9.0,0.0,0.16
2021-06-10 01:00:00,2021,6,10,1,0.0,0.0,0.0,,,0.0,0.0,0.0,7.2,7.2,1.0,0.16
2021-06-10 02:00:00,2021,6,10,2,0.0,0.0,0.0,,,0.0,0.0,0.0,7.0,7.0,0.0,0.16
2021-06-10 03:00:00,2021,6,10,3,0.0,0.0,0.0,,,0.0,0.0,0.0,9.0,9.0,2.1,0.16
2021-06-10 04:00:00,2021,6,10,4,0.0,0.0,0.0,,,0.0,0.0,0.0,9.0,9.0,2.1,0.16
2021-06-10 05:00:00,2021,6,10,5,0.0,0.0,0.0,,,0.0,0.0,0.0,8.0,8.0,1.0,0.16
2021-06-10 06:00:00,2021,6,10,6,0.0,0.0,0.0,,,0.0,0.0,0.0,9.0,9.0,1.0,0.16
2021-06-10 07:00:00,2021,6,10,7,1.0,1.0,0.0,,,0.97,0.0,0.0,7.9,7.941,0.0,0.16
2021-06-10 08:00:00,2021,6,10,8,43.03908180027541,43.0,1.0,0.9990919462348948,alta_fd,43.124,35.06,29.854,8.0,10.029,0.0,0.16
2021-06-10 09:00:00,2021,6,10,9,161.4473479484907,110.0,236.0,0.681336679714895,mixto,248.919,215.473,203.874,10.0,21.857,0.0,0.16
2021-06-10 10:00:00,2021,6,10,10,306.01271834504075,144.0,441.0,0.47056867694510207,mixto,468.031,401.106,382.929,11.0,27.642,1.0,0.16
2021-06-10 11:00:00,2021,6,10,11,255.68607163045112,218.0,79.0,0.8526080384819723,alta_fd,291.003,247.744,235.002,13.0,22.138,1.5,0.16
2021-06-10 12:00:00,2021,6,10,12,283.9757140751751,257.0,50.0,0.9050069680675792,alta_fd,315.081,265.625,252.249,14.0,23.881,1.5,0.16
2021-06-10 13:00:00,2021,6,10,13,273.97671686325145,247.0,49.0,0.9015364620318587,alta_fd,302.408,256.196,243.155,14.3,22.658,2.1,0.16
2021-06-10 14:00:00,2021,6,10,14,229.9033663399906,208.0,43.0,0.9047279442285373,alta_fd,251.959,216.222,204.597,14.0,19.374,3.6,0.16
2021-06-10 15:00:00,2021,6,10,15,154.53886588058953,147.0,18.0,0.951217023383524,alta_fd,159.159,136.515,127.714,14.0,17.4,3.6,0.16
2021-06-10 16:00:00,2021,6,10,16,108.07527850761831,79.0,102.0,0.7309719770412734,alta_fd,130.387,110.045,102.183,14.0,16.579,4.1,0.16
2021-06-10 17:00:00,2021,6,10,17,11.0,11.0,0.0,1.0,alta_fd,10.403,5.779,1.611,12.0,12.293,1.5,0.16
2021-06-10 18:00:00,2021,6,10,18,0.0,0.0,0.0,,,0.0,0.0,0.0,11.3,11.3,1.5,0.16
2021-06-10 19:00:00,2021,6,10,19,0.0,0.0,0.0,,,0.0,0.0,0.0,10.7,10.7,1.5,0.16
2021-06-10 20:00:00,2021,6,10,20,0.0,0.0,0.0,,,0.0,0.0,0.0,11.0,11.0,0.5,0.16
2021-06-10 21:00:00,2021,6,10,21,0.0,0.0,0.0,,,0.0,0.0,0.0,10.0,10.0,10.3,0.16
2021-06-10 22:00:00,2021,6,10,22,0.0,0.0,0.0,,,0.0,0.0,0.0,9.0,9.0,0.5,0.16
2021-06-10 23:00:00,2021,6,10,23,0.0,0.0,0.0,,,0.0,0.0,0.0,6.0,6.0,1.5,0.16
2021-06-11 00:00:00,2021,6,11,0,0.0,0.0,0.0,,,0.0,0.0,0.0,6.0,6.0,1.0,0.16
2021-06-11 01:00:00,2021,6,11,1,0.0,0.0,0.0,,,0.0,0.0,0.0,4.0,4.0,0.0,0.16
2021-06-11 02:00:00,2021,6,11,2,0.0,0.0,0.0,,,0.0,0.0,0.0,3.0,3.0,0.5,0.16
2021-06-11 03:00:00,2021,6,11,3,0.0,0.0,0.0,,,0.0,0.0,0.0,3.0,3.0,0.0,0.16
2021-06-11 04:00:00,2021,6,11,4,0.0,0.0,0.0,,,0.0,0.0,0.0,1.8,1.8,0.5,0.16
2021-06-11 05:00:00,2021,6,11,5,0.0,0.0,0.0,,,0.0,0.0,0.0,1.0,1.0,0.5,0.16
2021-06-11 06:00:00,2021,6,11,6,0.0,0.0,0.0,,,0.0,0.0,0.0,0.0,0.0,0.5,0.16
2021-06-11 07:00:00,2021,6,11,7,0.0,0.0,0.0,,,0.0,0.0,0.0,0.0,0.0,0.0,0.16
2021-06-11 08:00:00,2021,6,11,8,17.0,17.0,0.0,1.0,alta_fd,16.076,12.943,8.521,2.0,2.565,1.0,0.16
2021-06-11 09:00:00,2021,6,11,9,63.0,63.0,0.0,1.0,alta_fd,59.898,51.985,46.18,3.0,5.432,0.5,0.16
2021-06-11 10:00:00,2021,6,11,10,106.0,106.0,0.0,1.0,alta_fd,102.398,89.234,82.108,5.0,7.834,2.1,0.16
2021-06-11 11:00:00,2021,6,11,11,202.564024987679,194.0,18.0,0.9577218857682162,alta_fd,207.455,179.594,169.267,7.0,14.334,1.0,0.16
2021-06-11 12:00:00,2021,6,11,12,281.9181553355157,241.0,76.0,0.8548580339325139,alta_fd,317.175,270.711,257.155,10.0,21.214,1.0,0.16
2021-06-11 13:00:00,2021,6,11,13,364.4092062809316,238.0,230.0,0.6531119299343943,mixto,445.103,368.255,351.243,11.7,32.814,0.0,0.16
2021-06-11 14:00:00,2021,6,11,14,397.6737346406911,152.0,483.0,0.38222287961093554,mixto,529.235,455.364,435.265,13.0,26.376,2.6,0.16
2021-06-11 15:00:00,2021,6,11,15,158.7905438335727,127.0,76.0,0.799795736785862,alta_fd,176.276,150.239,140.952,14.0,21.168,0.5,0.16
2021-06-11 16:00:00,2021,6,11,16,65.0,65.0,0.0,1.0,alta_fd,64.245,53.303,47.451,13.1,15.374,1.0,0.16
2021-06-11 17:00:00,2021,6,11,17,6.0,6.0,0.0,,,5.666,3.057,0.0,12.0,12.18,1.0,0.16
2021-06-11 18:00:00,2021,6,11,18,0.0,0.0,0.0,,,0.0,0.0,0.0,11.0,11.0,0.5,0.16
2021-06-11 19:00:00,2021,6,11,19,0.0,0.0,0.0,,,0.0,0.0,0.0,8.7,8.7,0.5,0.16
2021-06-11 20:00:00,2021,6,11,20,0.0,0.0,0.0,,,0.0,0.0,0.0,8.0,8.0,0.5,0.16
2021-06-11 21:00:00,2021,6,11,21,0.0,0.0,0.0,,,0.0,0.0,0.0,8.0,8.0,0.0,0.16
2021-06-11 22:00:00,2021,6,11,22,0.0,0.0,0.0,,,0.0,0.0,0.0,7.6,7.6,0.5,0.16
2021-06-11 23:00:00,2021,6,11,23,0.0,0.0,0.0,,,0.0,0.0,0.0,7.0,7.0,0.5,0.16
2021-06-12 00:00:00,2021,6,12,0,0.0,0.0,0.0,,,0.0,0.0,0.0,7.0,7.0,0.5,0.16
2021-06-12 01:00:00,2021,6,12,1,0.0,0.0,0.0,,,0.0,0.0,0.0,7.2,7.2,0.5,0.16
2021-06-12 02:00:00,2021,6,12,2,0.0,0.0,0.0,,,0.0,0.0,0.0,7.0,7.0,1.0,0.16
2021-06-12 03:00:00,2021,6,12,3,0.0,0.0,0.0,,,0.0,0.0,0.0,7.0,7.0,1.0,0.16
2021-06-12 04:00:00,2021,6,12,4,0.0,0.0,0.0,,,0.0,0.0,0.0,7.0,7.0,1.0,0.16
2021-06-12 05:00:00,2021,6,12,5,0.0,0.0,0.0,,,0.0,0.0,0.0,7.0,7.0,1.0,0.16
2021-06-12 06:00:00,2021,6,12,6,0.0,0.0,0.0,,,0.0,0.0,0.0,7.0,7.0,1.0,0.16
2021-06-12 07:00:00,2021,6,12,7,0.0,0.0,0.0,,,0.0,0.0,0.0,5.9,0.0,0.5,0.16
2021-06-12 08:00:00,2021,6,12,8,17.0,17.0,0.0,1.0,alta_fd,16.076,12.633,8.222,7.0,7.756,0.0,0.16
2021-06-12 09:00:00,2021,6,12,9,62.0,62.0,0.0,1.0,alta_fd,58.894,50.118,44.379,8.0,10.088,1.0,0.16
2021-06-12 10:00:00,2021,6,12,10,105.0,105.0,0.0,1.0,alta_fd,101.387,86.084,79.07,9.5,14.306,0.0,0.16
2021-06-12 11:00:00,2021,6,12,11,136.0,136.0,0.0,1.0,alta_fd,132.225,111.992,104.06,11.0,15.672,1.0,0.16
2021-06-12 12:00:00,2021,6,12,12,282.1394536658437,237.0,84.0,0.8400101330056968,alta_fd,318.949,265.186,251.826,13.0,28.103,0.0,0.16
2021-06-12 13:00:00,2021,6,12,13,272.8894109700269,246.0,49.0,0.9014640733971889,alta_fd,301.35,256.531,243.477,13.1,21.429,2.1,0.16
2021-06-12 14:00:00,2021,6,12,14,229.35202783882897,207.0,44.0,0.9025427067314344,alta_fd,251.604,208.772,197.41,16.0,27.927,0.0,0.16
2021-06-12 15:00:00,2021,6,12,15,292.7133247233833,131.0,387.0,0.44753685239234037,mixto,384.345,328.749,313.137,16.0,28.139,1.5,0.16
2021-06-12 16:00:00,2021,6,12,16,130.88201127260493,70.0,214.0,0.5348328568561033,mixto,169.854,141.155,132.189,15.9,21.897,1.0,0.16
2021-06-12 17:00:00,2021,6,12,17,11.0,11.0,0.0,1.0,alta_fd,10.402,5.749,1.582,13.0,13.33,1.0,0.16
2021-06-12 18:00:00,2021,6,12,18,0.0,0.0,0.0,,,0.0,0.0,0.0,12.0,12.0,1.5,0.16
2021-06-12 19:00:00,2021,6,12,19,0.0,0.0,0.0,,,0.0,0.0,0.0,12.5,12.5,2.1,0.16
2021-06-12 20:00:00,2021,6,12,20,0.0,0.0,0.0,,,0.0,0.0,0.0,12.0,12.0,1.5,0.16
2021-06-12 21:00:00,2021,6,12,21,0.0,0.0,0.0,,,0.0,0.0,0.0,10.0,10.0,1.0,0.16
2021-06-12 22:00:00,2021,6,12,22,0.0,0.0,0.0,,,0.0,0.0,0.0,6.7,6.7,0.5,0.16
2021-06-12 23:00:00,2021,6,12,23,0.0,0.0,0.0,,,0.0,0.0,0.0,6.0,6.0,0.5,0.16
2021-06-13 00:00:00,2021,6,13,0,0.0,0.0,0.0,,,0.0,0.0,0.0,7.0,7.0,2.1,0.16
2021-06-13 01:00:00,2021,6,13,1,0.0,0.0,0.0,,,0.0,0.0,0.0,6.0,6.0,0.0,0.16
2021-06-13 02:00:00,2021,6,13,2,0.0,0.0,0.0,,,0.0,0.0,0.0,7.0,7.0,1.0,0.16
2021-06-13 03:00:00,2021,6,13,3,0.0,0.0,0.0,,,0.0,0.0,0.0,5.0,5.0,0.5,0.16
2021-06-13 04:00:00,2021,6,13,4,0.0,0.0,0.0,,,0.0,0.0,0.0,5.3,5.3,0.0,0.16
2021-06-13 05:00:00,2021,6,13,5,0.0,0.0,0.0,,,0.0,0.0,0.0,5.0,5.0,0.5,0.16
2021-06-13 06:00:00,2021,6,13,6,0.0,0.0,0.0,,,0.0,0.0,0.0,6.0,6.0,0.0,0.16
2021-06-13 07:00:00,2021,6,13,7,0.0,0.0,0.0,,,0.0,0.0,0.0,5.6,0.0,0.0,0.16
2021-06-13 08:00:00,2021,6,13,8,16.0,16.0,0.0,1.0,alta_fd,15.129,11.918,7.532,6.0,6.415,2.1,0.16
2021-06-13 09:00:00,2021,6,13,9,61.0,61.0,0.0,1.0,alta_fd,57.888,49.44,43.724,7.0,9.052,1.0,0.16
2021-06-13 10:00:00,2021,6,13,10,105.0,105.0,0.0,1.0,alta_fd,101.405,87.017,79.97,8.1,11.689,1.0,0.16
2021-06-13 11:00:00,2021,6,13,11,136.0,136.0,0.0,1.0,alta_fd,132.244,113.065,105.095,10.0,13.323,2.6,0.16
2021-06-13 12:00:00,2021,6,13,12,280.5251900294412,236.0,83.0,0.8412791734504546,alta_fd,316.993,272.739,259.111,13.0,19.274,4.1,0.16
2021-06-13 13:00:00,2021,6,13,13,144.0,144.0,0.0,1.0,alta_fd,140.216,118.903,110.727,13.2,15.459,5.7,0.16
2021-06-13 14:00:00,2021,6,13,14,120.0,120.0,0.0,1.0,alta_fd,116.291,96.858,89.462,14.0,19.507,0.0,0.16
2021-06-13 15:00:00,2021,6,13,15,120.25258203381307,119.0,3.0,0.9895837410504761,alta_fd,119.491,101.159,93.611,14.0,17.758,1.5,0.16
2021-06-13 16:00:00,2021,6,13,16,65.0,65.0,0.0,1.0,alta_fd,64.268,53.4,47.545,13.4,15.018,2.6,0.16
2021-06-13 17:00:00,2021,6,13,17,6.0,6.0,0.0,,,5.667,3.058,0.0,12.0,12.101,4.1,0.16
2021-06-13 18:00:00,2021,6,13,18,0.0,0.0,0.0,,,0.0,0.0,0.0,12.0,12.0,2.6,0.16
2021-06-13 19:00:00,2021,6,13,19,0.0,0.0,0.0,,,0.0,0.0,0.0,12.6,12.6,4.1,0.16
2021-06-13 20:00:00,2021,6,13,20,0.0,0.0,0.0,,,0.0,0.0,0.0,11.0,11.0,3.1,0.16
2021-06-13 21:00:00,2021,6,13,21,0.0,0.0,0.0,,,0.0,0.0,0.0,11.0,11.0,3.1,0.16
2021-06-13 22:00:00,2021,6,13,22,0.0,0.0,0.0,,,0.0,0.0,0.0,10.8,10.8,1.5,0.16
2021-06-13 23:00:00,2021,6,13,23,0.0,0.0,0.0,,,0.0,0.0,0.0,9.0,9.0,2.1,0.16
2021-06-14 00:00:00,2021,6,14,0,0.0,0.0,0.0,,,0.0,0.0,0.0,8.0,8.0,0.0,0.16
2021-06-14 01:00:00,2021,6,14,1,0.0,0.0,0.0,,,0.0,0.0,0.0,8.3,8.3,2.1,0.16
2021-06-14 02:00:00,2021,6,14,2,0.0,0.0,0.0,,,0.0,0.0,0.0,8.0,8.0,0.0,0.16
2021-06-14 03:00:00,2021,6,14,3,0.0,0.0,0.0,,,0.0,0.0,0.0,7.0,7.0,1.0,0.16
2021-06-14 04:00:00,2021,6,14,4,0.0,0.0,0.0,,,0.0,0.0,0.0,9.3,9.3,3.1,0.16
2021-06-14 05:00:00,2021,6,14,5,0.0,0.0,0.0,,,0.0,0.0,0.0,10.0,10.0,2.6,0.16
2021-06-14 06:00:00,2021,6,14,6,0.0,0.0,0.0,,,0.0,0.0,0.0,8.0,8.0,0.5,0.16
2021-06-14 07:00:00,2021,6,14,7,0.0,0.0,0.0,,,0.0,0.0,0.0,9.3,0.0,1.5,0.16
2021-06-14 08:00:00,2021,6,14,8,16.0,16.0,0.0,1.0,alta_fd,15.129,11.85,7.467,7.0,7.471,1.5,0.16
2021-06-14 09:00:00,2021,6,14,9,61.0,61.0,0.0,1.0,alta_fd,57.901,49.044,43.342,9.0,11.053,1.0,0.16
2021-06-14 10:00:00,2021,6,14,10,105.0,105.0,0.0,1.0,alta_fd,101.422,86.413,79.388,9.9,13.49,1.0,0.16
2021-06-14 11:00:00,2021,6,14,11,135.0,135.0,0.0,1.0,alta_fd,131.226,110.894,103.001,10.0,16.209,0.0,0.16
2021-06-14 12:00:00,2021,6,14,12,149.0,149.0,0.0,1.0,alta_fd,145.21,121.491,113.223,12.0,18.865,0.0,0.16
2021-06-14 13:00:00,2021,6,14,13,144.0,144.0,0.0,1.0,alta_fd,140.228,117.231,109.114,12.4,19.032,0.0,0.16
2021-06-14 14:00:00,2021,6,14,14,120.0,120.0,0.0,1.0,alta_fd,116.299,98.398,90.948,12.0,15.65,1.5,0.16
2021-06-14 15:00:00,2021,6,14,15,157.71378379461788,126.0,76.0,0.7989155859964845,alta_fd,175.213,152.548,143.179,12.0,15.748,3.6,0.16
2021-06-14 16:00:00,2021,6,14,16,65.0,65.0,0.0,1.0,alta_fd,64.272,53.95,48.074,11.1,12.584,3.1,0.16
2021-06-14 17:00:00,2021,6,14,17,3.0,3.0,0.0,,,2.831,1.492,0.0,10.0,10.059,3.1,0.16
2021-06-14 18:00:00,2021,6,14,18,0.0,0.0,0.0,,,0.0,0.0,0.0,10.0,10.0,2.6,0.16
2021-06-14 19:00:00,2021,6,14,19,0.0,0.0,0.0,,,0.0,0.0,0.0,9.0,9.0,2.1,0.16
2021-06-14 20:00:00,2021,6,14,20,0.0,0.0,0.0,,,0.0,0.0,0.0,10.0,10.0,2.6,0.16
2021-06-14 21:00:00,2021,6,14,21,0.0,0.0,0.0,,,0.0,0.0,0.0,9.2,9.2,2.3,0.16
2021-06-14 22:00:00,2021,6,14,22,0.0,0.0,0.0,,,0.0,0.0,0.0,8.5,8.5,2.1,0.16
2021-06-14 23:00:00,2021,6,14,23,0.0,0.0,0.0,,,0.0,0.0,0.0,7.0,7.0,0.0,0.16
2021-06-15 00:00:00,2021,6,15,0,0.0,0.0,0.0,,,0.0,0.0,0.0,6.0,6.0,1.0,0.16
2021-06-15 01:00:00,2021,6,15,1,0.0,0.0,0.0,,,0.0,0.0,0.0,5.6,5.6,0.0,0.16
2021-06-15 02:00:00,2021,6,15,2,0.0,0.0,0.0,,,0.0,0.0,0.0,6.0,6.0,1.5,0.16
2021-06-15 03:00:00,2021,6,15,3,0.0,0.0,0.0,,,0.0,0.0,0.0,7.0,7.0,0.0,0.16
2021-06-15 04:00:00,2021,6,15,4,0.0,0.0,0.0,,,0.0,0.0,0.0,7.3,7.3,0.0,0.16
2021-06-15 05:00:00,2021,6,15,5,0.0,0.0,0.0,,,0.0,0.0,0.0,6.0,6.0,1.0,0.16
2021-06-15 06:00:00,2021,6,15,6,0.0,0.0,0.0,,,0.0,0.0,0.0,7.0,7.0,0.0,0.16
2021-06-15 07:00:00,2021,6,15,7,0.0,0.0,0.0,,,0.0,0.0,0.0,6.8,0.0,1.0,0.16
2021-06-15 08:00:00,2021,6,15,8,30.0,30.0,0.0,1.0,alta_fd,28.423,22.712,17.944,8.0,8.998,1.0,0.16
2021-06-15 09:00:00,2021,6,15,9,61.0,61.0,0.0,1.0,alta_fd,57.913,49.258,43.549,8.0,10.053,1.0,0.16
2021-06-15 10:00:00,2021,6,15,10,104.0,104.0,0.0,1.0,alta_fd,100.406,86.145,79.129,8.9,11.679,2.1,0.16
2021-06-15 11:00:00,2021,6,15,11,135.0,135.0,0.0,1.0,alta_fd,131.24,111.358,103.448,9.0,15.21,0.0,0.16
2021-06-15 12:00:00,2021,6,15,12,148.0,148.0,0.0,1.0,alta_fd,144.187,122.924,114.605,9.0,14.091,1.0,0.16
2021-06-15 13:00:00,2021,6,15,13,143.0,143.0,0.0,1.0,alta_fd,139.202,119.434,111.238,8.6,12.444,2.1,0.16
2021-06-15 14:00:00,2021,6,15,14,119.0,119.0,0.0,1.0,alta_fd,115.272,98.971,91.5,9.0,11.9,2.6,0.16
2021-06-15 15:00:00,2021,6,15,15,81.0,81.0,0.0,1.0,alta_fd,77.618,66.368,60.053,9.0,11.15,2.1,0.16
2021-06-15 16:00:00,2021,6,15,16,34.0,34.0,0.0,1.0,alta_fd,32.196,26.556,21.652,8.9,9.911,1.5,0.16
2021-06-15 17:00:00,2021,6,15,17,3.0,3.0,0.0,,,2.831,1.504,0.0,8.4,8.48,1.5,0.16
2021-06-15 18:00:00,2021,6,15,18,0.0,0.0,0.0,,,0.0,0.0,0.0,8.0,8.0,2.1,0.16
2021-06-15 19:00:00,2021,6,15,19,0.0,0.0,0.0,,,0.0,0.0,0.0,7.8,7.8,1.5,0.16
2021-06-15 20:00:00,2021,6,15,20,0.0,0.0,0.0,,,0.0,0.0,0.0,7.4,7.4,0.0,0.16
2021-06-15 21:00:00,2021,6,15,21,0.0,0.0,0.0,,,0.0,0.0,0.0,7.0,7.0,0.0,0.16
2021-06-15 22:00:00,2021,6,15,22,0.0,0.0,0.0,,,0.0,0.0,0.0,5.6,5.6,0.5,0.16
2021-06-15 23:00:00,2021,6,15,23,0.0,0.0,0.0,,,0.0,0.0,0.0,4.0,4.0,1.5,0.16
2021-06-16 00:00:00,2021,6,16,0,0.0,0.0,0.0,,,0.0,0.0,0.0,3.0,3.0,0.0,0.16
2021-06-16 01:00:00,2021,6,16,1,0.0,0.0,0.0,,,0.0,0.0,0.0,1.7,1.7,1.5,0.16
2021-06-16 02:00:00,2021,6,16,2,0.0,0.0,0.0,,,0.0,0.0,0.0,2.0,2.0,0.5,0.16
2021-06-16 03:00:00,2021,6,16,3,0.0,0.0,0.0,,,0.0,0.0,0.0,2.0,2.0,0.0,0.16
2021-06-16 04:00:00,2021,6,16,4,0.0,0.0,0.0,,,0.0,0.0,0.0,1.4,1.4,0.0,0.16
2021-06-16 05:00:00,2021,6,16,5,0.0,0.0,0.0,,,0.0,0.0,0.0,1.0,1.0,0.0,0.16
2021-06-16 06:00:00,2021,6,16,6,0.0,0.0,0.0,,,0.0,0.0,0.0,1.0,1.0,1.5,0.16
2021-06-16 07:00:00,2021,6,16,7,1.0,1.0,0.0,,,0.97,0.0,0.0,1.0,1.035,0.5,0.16
2021-06-16 08:00:00,2021,6,16,8,16.0,16.0,0.0,1.0,alta_fd,15.129,12.146,7.752,1.0,1.608,0.5,0.16
2021-06-16 09:00:00,2021,6,16,9,61.0,61.0,0.0,1.0,alta_fd,57.924,50.486,44.734,2.0,4.054,1.0,0.16
2021-06-16 10:00:00,2021,6,16,10,330.0863030521445,267.0,175.0,0.8088793673993234,alta_fd,421.552,364.664,347.779,5.3,22.426,0.5,0.16
2021-06-16 11:00:00,2021,6,16,11,403.30256277015997,174.0,487.0,0.43143787335455563,mixto,581.338,486.981,465.762,9.0,32.637,0.5,0.16
2021-06-16 12:00:00,2021,6,16,12,443.0845311012897,200.0,455.0,0.45138113827377047,mixto,607.556,505.349,483.479,12.0,33.547,1.0,0.16
2021-06-16 13:00:00,2021,6,16,13,421.1318128343377,184.0,434.0,0.4369178352061016,mixto,565.15,472.388,451.686,12.4,32.449,1.0,0.16
2021-06-16 14:00:00,2021,6,16,14,272.44452642897687,198.0,147.0,0.7267534517769668,alta_fd,323.596,274.556,260.864,14.0,25.472,1.0,0.16
2021-06-16 15:00:00,2021,6,16,15,81.0,81.0,0.0,1.0,alta_fd,77.619,64.856,58.594,14.0,16.751,1.0,0.16
2021-06-16 16:00:00,2021,6,16,16,34.0,34.0,0.0,1.0,alta_fd,32.196,26.061,21.174,13.2,14.211,1.5,0.16
2021-06-16 17:00:00,2021,6,16,17,3.0,3.0,0.0,,,2.831,1.475,0.0,12.0,12.07,2.1,0.16
2021-06-16 18:00:00,2021,6,16,18,0.0,0.0,0.0,,,0.0,0.0,0.0,12.0,12.0,3.1,0.16
2021-06-16 19:00:00,2021,6,16,19,0.0,0.0,0.0,,,0.0,0.0,0.0,10.6,10.6,0.5,0.16
2021-06-16 20:00:00,2021,6,16,20,0.0,0.0,0.0,,,0.0,0.0,0.0,11.0,11.0,0.5,0.16
2021-06-16 21:00:00,2021,6,16,21,0.0,0.0,0.0,,,0.0,0.0,0.0,10.0,10.0,0.5,0.16
2021-06-16 22:00:00,2021,6,16,22,0.0,0.0,0.0,,,0.0,0.0,0.0,9.4,9.4,2.1,0.16
2021-06-16 23:00:00,2021,6,16,23,0.0,0.0,0.0,,,0.0,0.0,0.0,10.0,10.0,2.6,0.16
2021-06-17 00:00:00,2021,6,17,0,0.0,0.0,0.0,,,0.0,0.0,0.0,9.0,9.0,0.5,0.16
2021-06-17 01:00:00,2021,6,17,1,0.0,0.0,0.0,,,0.0,0.0,0.0,10.3,10.3,5.7,0.16
2021-06-17 02:00:00,2021,6,17,2,0.0,0.0,0.0,,,0.0,0.0,0.0,9.9,9.9,4.8,0.16
2021-06-17 03:00:00,2021,6,17,3,0.0,0.0,0.0,,,0.0,0.0,0.0,9.6,9.6,4.0,0.16
2021-06-17 04:00:00,2021,6,17,4,0.0,0.0,0.0,,,0.0,0.0,0.0,9.2,9.2,3.1,0.16
2021-06-17 05:00:00,2021,6,17,5,0.0,0.0,0.0,,,0.0,0.0,0.0,10.0,10.0,5.7,0.16
2021-06-17 06:00:00,2021,6,17,6,0.0,0.0,0.0,,,0.0,0.0,0.0,10.0,10.0,3.1,0.16
2021-06-17 07:00:00,2021,6,17,7,0.0,0.0,0.0,,,0.0,0.0,0.0,10.3,0.0,2.1,0.16
2021-06-17 08:00:00,2021,6,17,8,29.0,29.0,0.0,1.0,alta_fd,27.473,21.812,17.075,9.0,9.754,2.1,0.16
2021-06-17 09:00:00,2021,6,17,9,170.197631480353,123.0,225.0,0.72268925795362,alta_fd,257.803,225.295,213.348,11.0,19.134,1.5,0.16
2021-06-17 10:00:00,2021,6,17,10,297.7190195774542,133.0,458.0,0.446729940830666,mixto,463.966,395.169,377.203,13.0,29.502,1.0,0.16
2021-06-17 11:00:00,2021,6,17,11,402.3310509487879,132.0,575.0,0.3280880252436745,mixto,604.936,509.726,487.701,15.0,31.8,2.1,0.16
2021-06-17 12:00:00,2021,6,17,12,484.6570667417691,126.0,672.0,0.25997763913165894,baja_fd,702.807,570.402,546.227,16.0,40.955,1.0,0.16
2021-06-17 13:00:00,2021,6,17,13,489.057742771201,97.0,718.0,0.19834058745365807,baja_fd,690.657,565.445,541.446,17.6,39.376,1.5,0.16
2021-06-17 14:00:00,2021,6,17,14,426.0680953407531,98.0,648.0,0.2300101816392127,baja_fd,589.473,479.034,458.096,18.0,42.013,0.5,0.16
2021-06-17 15:00:00,2021,6,17,15,296.8821137798137,105.0,460.0,0.3536757356755906,mixto,397.547,344.038,327.884,18.0,25.924,4.1,0.16
2021-06-17 16:00:00,2021,6,17,16,128.791450642209,71.0,203.0,0.5512788282604456,mixto,167.134,139.69,130.777,17.0,20.556,3.6,0.16
2021-06-17 17:00:00,2021,6,17,17,10.0,10.0,0.0,,,9.455,5.177,1.03,14.0,14.235,2.1,0.16
2021-06-17 18:00:00,2021,6,17,18,0.0,0.0,0.0,,,0.0,0.0,0.0,14.0,14.0,1.5,0.16
2021-06-17 19:00:00,2021,6,17,19,0.0,0.0,0.0,,,0.0,0.0,0.0,13.0,13.0,1.5,0.16
2021-06-17 20:00:00,2021,6,17,20,0.0,0.0,0.0,,,0.0,0.0,0.0,9.0,9.0,1.0,0.16
2021-06-17 21:00:00,2021,6,17,21,0.0,0.0,0.0,,,0.0,0.0,0.0,9.0,9.0,1.5,0.16
2021-06-17 22:00:00,2021,6,17,22,0.0,0.0,0.0,,,0.0,0.0,0.0,8.7,8.7,0.0,0.16
2021-06-17 23:00:00,2021,6,17,23,0.0,0.0,0.0,,,0.0,0.0,0.0,9.0,9.0,0.5,0.16
2021-06-18 00:00:00,2021,6,18,0,0.0,0.0,0.0,,,0.0,0.0,0.0,9.0,9.0,0.0,0.16
2021-06-18 01:00:00,2021,6,18,1,0.0,0.0,0.0,,,0.0,0.0,0.0,4.7,4.7,1.0,0.16
2021-06-18 02:00:00,2021,6,18,2,0.0,0.0,0.0,,,0.0,0.0,0.0,5.0,5.0,2.1,0.16
2021-06-18 03:00:00,2021,6,18,3,0.0,0.0,0.0,,,0.0,0.0,0.0,5.0,5.0,1.0,0.16
2021-06-18 04:00:00,2021,6,18,4,0.0,0.0,0.0,,,0.0,0.0,0.0,3.5,3.5,0.0,0.16
2021-06-18 05:00:00,2021,6,18,5,0.0,0.0,0.0,,,0.0,0.0,0.0,4.0,4.0,2.1,0.16
2021-06-18 06:00:00,2021,6,18,6,0.0,0.0,0.0,,,0.0,0.0,0.0,3.0,3.0,1.5,0.16
2021-06-18 07:00:00,2021,6,18,7,1.0,1.0,0.0,,,0.97,0.0,0.0,2.7,2.724,2.1,0.16
2021-06-18 08:00:00,2021,6,18,8,45.727862615317,44.0,58.0,0.9622142274644991,alta_fd,69.251,56.626,50.656,4.0,6.142,1.5,0.16
2021-06-18 09:00:00,2021,6,18,9,175.04536510833398,113.0,297.0,0.6455469411033268,mixto,281.72,246.936,234.223,8.0,19.477,0.5,0.16
2021-06-18 10:00:00,2021,6,18,10,310.10908245624387,112.0,552.0,0.36116323686134894,mixto,505.49,433.764,414.431,12.4,28.363,1.5,0.16
2021-06-18 11:00:00,2021,6,18,11,421.2804889527197,102.0,680.0,0.24211897458998502,baja_fd,649.71,537.4,514.395,14.0,37.092,1.0,0.16
2021-06-18 12:00:00,2021,6,18,12,483.82775527688455,102.0,716.0,0.21081882733583054,baja_fd,709.64,580.296,555.77,17.0,39.367,1.5,0.16
2021-06-18 13:00:00,2021,6,18,13,485.7862571869122,101.0,705.0,0.2079103690270493,baja_fd,688.097,570.606,546.424,18.7,36.087,2.6,0.16
2021-06-18 14:00:00,2021,6,18,14,422.4427684928128,102.0,633.0,0.24145282534700407,baja_fd,583.616,494.413,472.93,19.0,31.506,3.6,0.16
2021-06-18 15:00:00,2021,6,18,15,287.0892102143887,111.0,422.0,0.38663940005654995,mixto,382.633,329.607,313.964,18.1,26.703,3.3,0.16
2021-06-18 16:00:00,2021,6,18,16,110.19378781125002,74.0,127.0,0.6715442083427966,mixto,134.635,111.952,104.021,17.3,20.403,3.1,0.16
2021-06-18 17:00:00,2021,6,18,17,8.0,8.0,0.0,,,7.56,4.053,0.0,16.0,16.171,2.6,0.16
2021-06-18 18:00:00,2021,6,18,18,0.0,0.0,0.0,,,0.0,0.0,0.0,14.0,14.0,2.6,0.16
2021-06-18 19:00:00,2021,6,18,19,0.0,0.0,0.0,,,0.0,0.0,0.0,14.1,14.1,1.5,0.16
2021-06-18 20:00:00,2021,6,18,20,0.0,0.0,0.0,,,0.0,0.0,0.0,11.0,11.0,1.5,0.16
2021-06-18 21:00:00,2021,6,18,21,0.0,0.0,0.0,,,0.0,0.0,0.0,11.0,11.0,2.6,0.16
2021-06-18 22:00:00,2021,6,18,22,0.0,0.0,0.0,,,0.0,0.0,0.0,11.3,11.3,1.5,0.16
2021-06-18 23:00:00,2021,6,18,23,0.0,0.0,0.0,,,0.0,0.0,0.0,9.0,9.0,3.6,0.16
2021-06-19 00:00:00,2021,6,19,0,0.0,0.0,0.0,,,0.0,0.0,0.0,10.0,10.0,4.6,0.16
2021-06-19 01:00:00,2021,6,19,1,0.0,0.0,0.0,,,0.0,0.0,0.0,10.0,10.0,5.1,0.16
2021-06-19 02:00:00,2021,6,19,2,0.0,0.0,0.0,,,0.0,0.0,0.0,10.0,10.0,3.6,0.16
2021-06-19 03:00:00,2021,6,19,3,0.0,0.0,0.0,,,0.0,0.0,0.0,10.0,10.0,1.0,0.16
2021-06-19 04:00:00,2021,6,19,4,0.0,0.0,0.0,,,0.0,0.0,0.0,9.8,9.8,2.6,0.16
2021-06-19 05:00:00,2021,6,19,5,0.0,0.0,0.0,,,0.0,0.0,0.0,9.0,9.0,0.0,0.16
2021-06-19 06:00:00,2021,6,19,6,0.0,0.0,0.0,,,0.0,0.0,0.0,9.0,9.0,2.1,0.16
2021-06-19 07:00:00,2021,6,19,7,0.0,0.0,0.0,,,0.0,0.0,0.0,9.5,0.0,3.6,0.16
2021-06-19 08:00:00,2021,6,19,8,28.0,28.0,0.0,1.0,alta_fd,26.523,20.922,16.218,10.0,10.521,4.1,0.16
2021-06-19 09:00:00,2021,6,19,9,110.33006740720222,107.0,16.0,0.9698172267500597,alta_fd,115.458,98.573,91.117,12.0,16.095,1.0,0.16
2021-06-19 10:00:00,2021,6,19,10,265.9001114142952,181.0,237.0,0.6807067474973203,mixto,364.909,305.674,290.879,13.7,31.053,0.0,0.16
2021-06-19 11:00:00,2021,6,19,11,399.5428918474889,158.0,515.0,0.3954519107308029,mixto,583.606,492.132,470.731,15.0,31.202,2.1,0.16
2021-06-19 12:00:00,2021,6,19,12,456.46483227066125,182.0,515.0,0.39871636790648296,mixto,635.011,526.835,504.203,17.0,34.613,2.1,0.16
2021-06-19 13:00:00,2021,6,19,13,475.22080679637895,114.0,662.0,0.2398884862986362,baja_fd,669.732,565.583,541.578,18.8,31.233,4.6,0.16
2021-06-19 14:00:00,2021,6,19,14,422.51126483652484,99.0,639.0,0.23431327928807863,baja_fd,584.528,499.733,478.062,19.0,29.19,5.1,0.16
2021-06-19 15:00:00,2021,6,19,15,297.8869990965976,105.0,462.0,0.3524826538869896,mixto,399.098,343.217,327.092,19.0,27.563,3.6,0.16
2021-06-19 16:00:00,2021,6,19,16,119.80940699292245,79.0,143.0,0.6593806111123378,mixto,147.412,122.585,114.278,17.5,21.205,2.6,0.16
2021-06-19 17:00:00,2021,6,19,17,11.0,11.0,0.0,1.0,alta_fd,10.403,5.663,1.499,16.0,16.33,1.0,0.16
2021-06-19 18:00:00,2021,6,19,18,0.0,0.0,0.0,,,0.0,0.0,0.0,15.0,15.0,2.1,0.16
2021-06-19 19:00:00,2021,6,19,19,0.0,0.0,0.0,,,0.0,0.0,0.0,14.0,14.0,3.6,0.16
2021-06-19 20:00:00,2021,6,19,20,0.0,0.0,0.0,,,0.0,0.0,0.0,10.0,10.0,0.0,0.16
2021-06-19 21:00:00,2021,6,19,21,0.0,0.0,0.0,,,0.0,0.0,0.0,10.0,10.0,0.0,0.16
2021-06-19 22:00:00,2021,6,19,22,0.0,0.0,0.0,,,0.0,0.0,0.0,10.3,10.3,2.1,0.16
2021-06-19 23:00:00,2021,6,19,23,0.0,0.0,0.0,,,0.0,0.0,0.0,9.0,9.0,1.0,0.16
2021-06-20 00:00:00,2021,6,20,0,0.0,0.0,0.0,,,0.0,0.0,0.0,8.0,8.0,1.5,0.16
2021-06-20 01:00:00,2021,6,20,1,0.0,0.0,0.0,,,0.0,0.0,0.0,8.0,8.0,1.5,0.16
2021-06-20 02:00:00,2021,6,20,2,0.0,0.0,0.0,,,0.0,0.0,0.0,9.0,9.0,2.1,0.16
2021-06-20 03:00:00,2021,6,20,3,0.0,0.0,0.0,,,0.0,0.0,0.0,9.0,9.0,1.0,0.16
2021-06-20 04:00:00,2021,6,20,4,0.0,0.0,0.0,,,0.0,0.0,0.0,7.2,7.2,1.0,0.16
2021-06-20 05:00:00,2021,6,20,5,0.0,0.0,0.0,,,0.0,0.0,0.0,7.0,7.0,1.0,0.16
2021-06-20 06:00:00,2021,6,20,6,0.0,0.0,0.0,,,0.0,0.0,0.0,7.0,7.0,1.0,0.16
2021-06-20 07:00:00,2021,6,20,7,0.0,0.0,0.0,,,0.0,0.0,0.0,7.6,0.0,0.0,0.16
2021-06-20 08:00:00,2021,6,20,8,15.0,15.0,0.0,1.0,alta_fd,14.182,10.969,6.617,8.0,8.57,0.5,0.16
2021-06-20 09:00:00,2021,6,20,9,59.0,59.0,0.0,1.0,alta_fd,55.95,47.579,41.93,8.0,9.76,1.5,0.16
2021-06-20 10:00:00,2021,6,20,10,103.0,103.0,0.0,1.0,alta_fd,99.429,84.707,77.742,8.7,13.414,0.0,0.16
2021-06-20 11:00:00,2021,6,20,11,134.0,134.0,0.0,1.0,alta_fd,130.253,111.143,103.241,8.8,13.782,0.7,0.16
2021-06-20 12:00:00,2021,6,20,12,147.0,147.0,0.0,1.0,alta_fd,143.186,122.35,114.051,9.0,13.487,1.5,0.16
2021-06-20 13:00:00,2021,6,20,13,142.0,142.0,0.0,1.0,alta_fd,138.188,116.921,108.814,9.4,15.936,0.0,0.16
2021-06-20 14:00:00,2021,6,20,14,384.1765898678515,252.0,261.0,0.6559483493949556,mixto,469.697,401.758,383.558,11.0,25.785,1.5,0.16
2021-06-20 15:00:00,2021,6,20,15,298.46847916431375,100.0,475.0,0.3350437549720207,mixto,401.061,337.576,321.65,14.0,33.128,0.0,0.16
2021-06-20 16:00:00,2021,6,20,16,132.31664156073316,70.0,218.0,0.5290339837402093,mixto,172.304,145.168,136.061,13.5,18.9,1.5,0.16
2021-06-20 17:00:00,2021,6,20,17,11.0,11.0,0.0,1.0,alta_fd,10.403,5.806,1.637,11.0,11.33,1.0,0.16
2021-06-20 18:00:00,2021,6,20,18,0.0,0.0,0.0,,,0.0,0.0,0.0,9.0,9.0,1.5,0.16
2021-06-20 19:00:00,2021,6,20,19,0.0,0.0,0.0,,,0.0,0.0,0.0,9.7,9.7,1.0,0.16
2021-06-20 20:00:00,2021,6,20,20,0.0,0.0,0.0,,,0.0,0.0,0.0,6.0,6.0,1.0,0.16
2021-06-20 21:00:00,2021,6,20,21,0.0,0.0,0.0,,,0.0,0.0,0.0,4.0,4.0,0.5,0.16
2021-06-20 22:00:00,2021,6,20,22,0.0,0.0,0.0,,,0.0,0.0,0.0,4.3,4.3,0.0,0.16
2021-06-20 23:00:00,2021,6,20,23,0.0,0.0,0.0,,,0.0,0.0,0.0,3.0,3.0,0.0,0.16
2021-06-21 00:00:00,2021,6,21,0,0.0,0.0,0.0,,,0.0,0.0,0.0,2.0,2.0,1.0,0.16
2021-06-21 01:00:00,2021,6,21,1,0.0,0.0,0.0,,,0.0,0.0,0.0,1.9,1.9,0.0,0.16
2021-06-21 02:00:00,2021,6,21,2,0.0,0.0,0.0,,,0.0,0.0,0.0,1.0,1.0,0.5,0.16
2021-06-21 03:00:00,2021,6,21,3,0.0,0.0,0.0,,,0.0,0.0,0.0,1.0,1.0,0.0,0.16
2021-06-21 04:00:00,2021,6,21,4,0.0,0.0,0.0,,,0.0,0.0,0.0,0.5,0.5,0.0,0.16
2021-06-21 05:00:00,2021,6,21,5,0.0,0.0,0.0,,,0.0,0.0,0.0,1.0,1.0,0.5,0.16
2021-06-21 06:00:00,2021,6,21,6,0.0,0.0,0.0,,,0.0,0.0,0.0,0.0,0.0,0.5,0.16
2021-06-21 07:00:00,2021,6,21,7,0.0,0.0,0.0,,,0.0,0.0,0.0,0.6,0.0,0.5,0.16
2021-06-21 08:00:00,2021,6,21,8,28.0,28.0,0.0,1.0,alta_fd,26.523,21.597,16.868,2.0,2.93,1.0,0.16
2021-06-21 09:00:00,2021,6,21,9,110.51602787289922,107.0,17.0,0.9681853579017256,alta_fd,116.005,102.596,94.997,4.0,7.217,2.1,0.16
2021-06-21 10:00:00,2021,6,21,10,103.0,103.0,0.0,1.0,alta_fd,99.435,86.38,79.356,5.4,8.524,1.5,0.16
2021-06-21 11:00:00,2021,6,21,11,249.52551411755877,213.0,78.0,0.8536201227889244,alta_fd,284.453,241.86,229.326,9.0,22.482,0.0,0.16
2021-06-21 12:00:00,2021,6,21,12,278.0956944077066,252.0,49.0,0.9061628966845902,alta_fd,308.727,266.098,252.705,11.0,18.118,3.1,0.16
2021-06-21 13:00:00,2021,6,21,13,143.0,143.0,0.0,1.0,alta_fd,139.223,117.916,109.774,11.9,15.744,2.1,0.16
2021-06-21 14:00:00,2021,6,21,14,119.0,119.0,0.0,1.0,alta_fd,115.275,97.288,89.878,13.0,16.187,2.1,0.16
2021-06-21 15:00:00,2021,6,21,15,81.0,81.0,0.0,1.0,alta_fd,77.603,65.367,59.088,13.0,14.794,3.1,0.16
2021-06-21 16:00:00,2021,6,21,16,35.0,35.0,0.0,1.0,alta_fd,33.145,26.934,22.016,12.8,13.717,2.1,0.16
2021-06-21 17:00:00,2021,6,21,17,3.0,3.0,0.0,,,2.831,1.475,0.0,12.0,12.09,1.0,0.16
2021-06-21 18:00:00,2021,6,21,18,0.0,0.0,0.0,,,0.0,0.0,0.0,11.0,11.0,2.1,0.16
2021-06-21 19:00:00,2021,6,21,19,0.0,0.0,0.0,,,0.0,0.0,0.0,11.1,11.1,1.5,0.16
2021-06-21 20:00:00,2021,6,21,20,0.0,0.0,0.0,,,0.0,0.0,0.0,11.0,11.0,2.1,0.16
2021-06-21 21:00:00,2021,6,21,21,0.0,0.0,0.0,,,0.0,0.0,0.0,10.0,10.0,0.5,0.16
2021-06-21 22:00:00,2021,6,21,22,0.0,0.0,0.0,,,0.0,0.0,0.0,8.1,8.1,1.5,0.16
2021-06-21 23:00:00,2021,6,21,23,0.0,0.0,0.0,,,0.0,0.0,0.0,9.0,9.0,2.1,0.16
2021-06-22 00:00:00,2021,6,22,0,0.0,0.0,0.0,,,0.0,0.0,0.0,8.0,8.0,1.0,0.16
2021-06-22 01:00:00,2021,6,22,1,0.0,0.0,0.0,,,0.0,0.0,0.0,6.4,6.4,0.0,0.16
2021-06-22 02:00:00,2021,6,22,2,0.0,0.0,0.0,,,0.0,0.0,0.0,6.0,6.0,0.0,0.16
2021-06-22 03:00:00,2021,6,22,3,0.0,0.0,0.0,,,0.0,0.0,0.0,5.0,5.0,0.5,0.16
2021-06-22 04:00:00,2021,6,22,4,0.0,0.0,0.0,,,0.0,0.0,0.0,4.4,4.4,0.5,0.16
2021-06-22 05:00:00,2021,6,22,5,0.0,0.0,0.0,,,0.0,0.0,0.0,4.0,4.0,0.0,0.16
2021-06-22 06:00:00,2021,6,22,6,0.0,0.0,0.0,,,0.0,0.0,0.0,4.0,4.0,0.0,0.16
2021-06-22 07:00:00,2021,6,22,7,0.0,0.0,0.0,,,0.0,0.0,0.0,3.1,0.0,1.0,0.16
2021-06-22 08:00:00,2021,6,22,8,15.0,15.0,0.0,1.0,alta_fd,14.182,11.208,6.848,3.0,3.569,0.5,0.16
2021-06-22 09:00:00,2021,6,22,9,59.0,59.0,0.0,1.0,alta_fd,55.951,48.147,42.477,4.6,6.872,0.5,0.16
2021-06-22 10:00:00,2021,6,22,10,103.0,103.0,0.0,1.0,alta_fd,99.44,85.946,78.937,6.3,9.82,1.0,0.16
2021-06-22 11:00:00,2021,6,22,11,425.04827739244183,206.0,468.0,0.4846508289923094,mixto,601.383,507.875,485.915,9.0,30.344,1.0,0.16
2021-06-22 12:00:00,2021,6,22,12,482.82168261200417,101.0,717.0,0.20918695998407277,baja_fd,705.823,589.095,564.257,12.0,34.248,1.5,0.16
2021-06-22 13:00:00,2021,6,22,13,485.7987166140666,101.0,705.0,0.20790503668670143,baja_fd,688.42,584.931,560.241,15.1,29.836,3.6,0.16
2021-06-22 14:00:00,2021,6,22,14,423.9777847208636,100.0,639.0,0.23586141445084793,baja_fd,586.407,498.563,476.933,17.0,30.606,3.1,0.16
2021-06-22 15:00:00,2021,6,22,15,161.2001981358767,121.0,96.0,0.7506194247851253,alta_fd,188.49,160.195,150.555,18.0,22.761,2.6,0.16
2021-06-22 16:00:00,2021,6,22,16,91.63068928006808,79.0,44.0,0.8621565615264277,alta_fd,102.187,84.851,77.881,16.6,19.171,2.6,0.16
2021-06-22 17:00:00,2021,6,22,17,7.0,7.0,0.0,,,6.613,3.577,0.0,13.0,13.127,3.6,0.16
2021-06-22 18:00:00,2021,6,22,18,0.0,0.0,0.0,,,0.0,0.0,0.0,11.0,11.0,3.1,0.16
2021-06-22 19:00:00,2021,6,22,19,0.0,0.0,0.0,,,0.0,0.0,0.0,11.5,11.5,3.1,0.16
2021-06-22 20:00:00,2021,6,22,20,0.0,0.0,0.0,,,0.0,0.0,0.0,9.0,9.0,2.1,0.16
2021-06-22 21:00:00,2021,6,22,21,0.0,0.0,0.0,,,0.0,0.0,0.0,8.0,8.0,0.0,0.16
2021-06-22 22:00:00,2021,6,22,22,0.0,0.0,0.0,,,0.0,0.0,0.0,4.4,4.4,0.0,0.16
2021-06-22 23:00:00,2021,6,22,23,0.0,0.0,0.0,,,0.0,0.0,0.0,8.0,8.0,1.5,0.16
2021-06-23 00:00:00,2021,6,23,0,0.0,0.0,0.0,,,0.0,0.0,0.0,3.0,3.0,1.0,0.16
2021-06-23 01:00:00,2021,6,23,1,0.0,0.0,0.0,,,0.0,0.0,0.0,2.5,2.5,2.1,0.16
2021-06-23 02:00:00,2021,6,23,2,0.0,0.0,0.0,,,0.0,0.0,0.0,2.0,2.0,0.0,0.16
2021-06-23 03:00:00,2021,6,23,3,0.0,0.0,0.0,,,0.0,0.0,0.0,2.0,2.0,1.5,0.16
2021-06-23 04:00:00,2021,6,23,4,0.0,0.0,0.0,,,0.0,0.0,0.0,1.4,1.4,0.0,0.16
2021-06-23 05:00:00,2021,6,23,5,0.0,0.0,0.0,,,0.0,0.0,0.0,1.0,1.0,0.0,0.16
2021-06-23 06:00:00,2021,6,23,6,0.0,0.0,0.0,,,0.0,0.0,0.0,1.0,1.0,1.0,0.16
2021-06-23 07:00:00,2021,6,23,7,1.0,1.0,0.0,,,0.97,0.0,0.0,-0.2,-0.159,0.0,0.16
2021-06-23 08:00:00,2021,6,23,8,44.15792458500296,43.0,44.0,0.9737776492920545,alta_fd,63.767,52.822,46.986,0.0,2.223,1.0,0.16
2021-06-23 09:00:00,2021,6,23,9,172.14086315244924,111.0,297.0,0.6448207471906165,mixto,278.446,252.958,240.031,2.0,9.742,2.1,0.16
2021-06-23 10:00:00,2021,6,23,10,307.354036926498,112.0,548.0,0.36440061474378543,mixto,501.429,423.395,404.429,8.6,32.495,0.0,0.16
2021-06-23 11:00:00,2021,6,23,11,420.0610268427799,100.0,684.0,0.2380606474054731,baja_fd,649.311,547.015,523.669,12.0,32.481,1.5,0.16
2021-06-23 12:00:00,2021,6,23,12,484.5286199991013,100.0,722.0,0.2063861573340817,baja_fd,708.726,577.802,553.365,15.0,40.174,1.0,0.16
2021-06-23 13:00:00,2021,6,23,13,487.3458855366487,98.0,713.0,0.20108921180710437,baja_fd,688.355,560.16,536.348,16.4,40.857,1.0,0.16
2021-06-23 14:00:00,2021,6,23,14,426.82371186880624,98.0,648.0,0.22960298895044162,baja_fd,590.78,473.912,453.156,17.0,45.138,0.0,0.16
2021-06-23 15:00:00,2021,6,23,15,302.7720446849173,104.0,474.0,0.3434927425622422,mixto,405.999,350.846,334.451,17.0,26.433,3.1,0.16
2021-06-23 16:00:00,2021,6,23,16,136.32802328525662,71.0,227.0,0.5208026808357485,mixto,177.591,149.252,140.0,15.9,19.993,3.1,0.16
2021-06-23 17:00:00,2021,6,23,17,12.0,12.0,0.0,1.0,alta_fd,11.351,6.301,2.114,13.0,13.282,2.1,0.16
2021-06-23 18:00:00,2021,6,23,18,0.0,0.0,0.0,,,0.0,0.0,0.0,11.3,11.3,0.5,0.16
2021-06-23 19:00:00,2021,6,23,19,0.0,0.0,0.0,,,0.0,0.0,0.0,9.6,9.6,0.0,0.16
2021-06-23 20:00:00,2021,6,23,20,0.0,0.0,0.0,,,0.0,0.0,0.0,8.0,8.0,0.5,0.16
2021-06-23 21:00:00,2021,6,23,21,0.0,0.0,0.0,,,0.0,0.0,0.0,8.0,8.0,1.5,0.16
2021-06-23 22:00:00,2021,6,23,22,0.0,0.0,0.0,,,0.0,0.0,0.0,6.2,6.2,0.5,0.16
2021-06-23 23:00:00,2021,6,23,23,0.0,0.0,0.0,,,0.0,0.0,0.0,6.0,6.0,1.5,0.16
2021-06-24 00:00:00,2021,6,24,0,0.0,0.0,0.0,,,0.0,0.0,0.0,4.0,4.0,0.0,0.16
2021-06-24 01:00:00,2021,6,24,1,0.0,0.0,0.0,,,0.0,0.0,0.0,2.7,2.7,1.0,0.16
2021-06-24 02:00:00,2021,6,24,2,0.0,0.0,0.0,,,0.0,0.0,0.0,1.0,1.0,1.0,0.16
2021-06-24 03:00:00,2021,6,24,3,0.0,0.0,0.0,,,0.0,0.0,0.0,1.0,1.0,0.0,0.16
2021-06-24 04:00:00,2021,6,24,4,0.0,0.0,0.0,,,0.0,0.0,0.0,0.6,0.6,0.5,0.16
2021-06-24 05:00:00,2021,6,24,5,0.0,0.0,0.0,,,0.0,0.0,0.0,1.0,1.0,0.0,0.16
2021-06-24 06:00:00,2021,6,24,6,0.0,0.0,0.0,,,0.0,0.0,0.0,1.0,1.0,0.0,0.16
2021-06-24 07:00:00,2021,6,24,7,1.0,1.0,0.0,,,0.97,0.0,0.0,0.0,0.027,1.5,0.16
2021-06-24 08:00:00,2021,6,24,8,43.370145784700796,42.0,53.0,0.968408089022746,alta_fd,65.168,53.298,47.446,2.0,4.599,0.5,0.16
2021-06-24 09:00:00,2021,6,24,9,172.24165154378497,111.0,298.0,0.6444434258793847,mixto,278.793,246.567,233.867,7.0,16.916,1.0,0.16
2021-06-24 10:00:00,2021,6,24,10,309.31115399974925,113.0,551.0,0.36532791830743877,mixto,504.282,426.745,407.66,11.4,31.953,0.5,0.16
2021-06-24 11:00:00,2021,6,24,11,420.84880612103495,98.0,690.0,0.23286272546016318,baja_fd,651.376,531.598,508.798,14.0,40.517,0.5,0.16
2021-06-24 12:00:00,2021,6,24,12,485.9069350410352,97.0,730.0,0.1996267042202398,baja_fd,711.783,566.372,542.34,17.2,46.157,0.5,0.16
2021-06-24 13:00:00,2021,6,24,13,490.51494944836907,96.0,722.0,0.19571268950714177,baja_fd,693.392,546.35,523.027,20.5,48.716,0.5,0.16
2021-06-24 14:00:00,2021,6,24,14,430.2483609725803,96.0,658.0,0.22312693947977194,baja_fd,595.896,481.961,460.92,22.0,43.195,1.0,0.16
2021-06-24 15:00:00,2021,6,24,15,305.4585613602527,103.0,482.0,0.33719794770631273,mixto,409.827,337.319,321.403,22.0,38.716,0.5,0.16
2021-06-24 16:00:00,2021,6,24,16,137.95481882771765,71.0,232.0,0.5146612536142507,mixto,179.772,145.961,136.826,22.3,28.651,1.0,0.16
2021-06-24 17:00:00,2021,6,24,17,12.0,12.0,0.0,1.0,alta_fd,11.35,6.143,1.962,18.0,18.36,1.0,0.16
2021-06-24 18:00:00,2021,6,24,18,0.0,0.0,0.0,,,0.0,0.0,0.0,14.0,14.0,1.0,0.16
2021-06-24 19:00:00,2021,6,24,19,0.0,0.0,0.0,,,0.0,0.0,0.0,12.2,12.2,1.0,0.16
2021-06-24 20:00:00,2021,6,24,20,0.0,0.0,0.0,,,0.0,0.0,0.0,11.0,11.0,0.0,0.16
2021-06-24 21:00:00,2021,6,24,21,0.0,0.0,0.0,,,0.0,0.0,0.0,8.0,8.0,0.0,0.16
2021-06-24 22:00:00,2021,6,24,22,0.0,0.0,0.0,,,0.0,0.0,0.0,6.2,6.2,0.0,0.16
2021-06-24 23:00:00,2021,6,24,23,0.0,0.0,0.0,,,0.0,0.0,0.0,4.0,4.0,0.0,0.16
2021-06-25 00:00:00,2021,6,25,0,0.0,0.0,0.0,,,0.0,0.0,0.0,3.0,3.0,1.5,0.16
2021-06-25 01:00:00,2021,6,25,1,0.0,0.0,0.0,,,0.0,0.0,0.0,3.7,3.7,0.0,0.16
2021-06-25 02:00:00,2021,6,25,2,0.0,0.0,0.0,,,0.0,0.0,0.0,5.0,5.0,0.0,0.16
2021-06-25 03:00:00,2021,6,25,3,0.0,0.0,0.0,,,0.0,0.0,0.0,2.0,2.0,0.0,0.16
2021-06-25 04:00:00,2021,6,25,4,0.0,0.0,0.0,,,0.0,0.0,0.0,1.5,1.5,0.0,0.16
2021-06-25 05:00:00,2021,6,25,5,0.0,0.0,0.0,,,0.0,0.0,0.0,0.0,0.0,0.5,0.16
2021-06-25 06:00:00,2021,6,25,6,0.0,0.0,0.0,,,0.0,0.0,0.0,0.0,0.0,2.1,0.16
2021-06-25 07:00:00,2021,6,25,7,1.0,1.0,0.0,,,0.97,0.0,0.0,0.8,0.841,0.0,0.16
2021-06-25 08:00:00,2021,6,25,8,44.1204882308232,43.0,44.0,0.9746039022741274,alta_fd,63.786,52.298,46.482,2.0,4.546,0.5,0.16
2021-06-25 09:00:00,2021,6,25,9,168.8351349094291,97.0,350.0,0.5745249651503832,mixto,295.45,261.579,248.346,8.0,17.328,1.5,0.16
2021-06-25 10:00:00,2021,6,25,10,312.9899134849033,126.0,525.0,0.4025688834412789,mixto,497.818,412.683,394.096,13.2,36.919,0.0,0.16
2021-06-25 11:00:00,2021,6,25,11,423.832518028379,100.0,692.0,0.23594225489159892,baja_fd,655.243,518.1,495.778,17.0,48.188,0.0,0.16
2021-06-25 12:00:00,2021,6,25,12,488.8283745233937,96.0,737.0,0.19638794514250474,baja_fd,716.38,597.839,572.692,19.0,34.332,3.6,0.16
2021-06-25 13:00:00,2021,6,25,13,490.93444032165115,95.0,724.0,0.1935085261847952,baja_fd,694.115,562.791,538.885,19.9,41.785,1.5,0.16
2021-06-25 14:00:00,2021,6,25,14,429.1009694706398,98.0,651.0,0.22838447585168042,baja_fd,593.666,505.302,483.433,20.0,30.349,5.1,0.16
2021-06-25 15:00:00,2021,6,25,15,304.99164802754353,103.0,480.0,0.3377141658341351,mixto,409.022,353.282,336.801,19.0,26.613,4.6,0.16
2021-06-25 16:00:00,2021,6,25,16,138.45101885948105,71.0,233.0,0.5128167389801621,mixto,180.338,151.721,142.381,16.9,20.023,5.1,0.16
2021-06-25 17:00:00,2021,6,25,17,12.0,12.0,0.0,1.0,alta_fd,11.351,6.273,2.087,14.0,14.188,4.6,0.16
2021-06-25 18:00:00,2021,6,25,18,0.0,0.0,0.0,,,0.0,0.0,0.0,13.0,13.0,4.1,0.16
2021-06-25 19:00:00,2021,6,25,19,0.0,0.0,0.0,,,0.0,0.0,0.0,11.5,11.5,3.1,0.16
2021-06-25 20:00:00,2021,6,25,20,0.0,0.0,0.0,,,0.0,0.0,0.0,9.0,9.0,1.0,0.16
2021-06-25 21:00:00,2021,6,25,21,0.0,0.0,0.0,,,0.0,0.0,0.0,6.0,6.0,0.0,0.16
2021-06-25 22:00:00,2021,6,25,22,0.0,0.0,0.0,,,0.0,0.0,0.0,5.9,5.9,0.5,0.16
2021-06-25 23:00:00,2021,6,25,23,0.0,0.0,0.0,,,0.0,0.0,0.0,4.0,4.0,1.0,0.16
2021-06-26 00:00:00,2021,6,26,0,0.0,0.0,0.0,,,0.0,0.0,0.0,2.0,2.0,1.0,0.16
2021-06-26 01:00:00,2021,6,26,1,0.0,0.0,0.0,,,0.0,0.0,0.0,4.1,4.1,1.0,0.16
2021-06-26 02:00:00,2021,6,26,2,0.0,0.0,0.0,,,0.0,0.0,0.0,1.0,1.0,1.0,0.16
2021-06-26 03:00:00,2021,6,26,3,0.0,0.0,0.0,,,0.0,0.0,0.0,1.0,1.0,1.0,0.16
2021-06-26 04:00:00,2021,6,26,4,0.0,0.0,0.0,,,0.0,0.0,0.0,0.3,0.3,0.5,0.16
2021-06-26 05:00:00,2021,6,26,5,0.0,0.0,0.0,,,0.0,0.0,0.0,1.0,1.0,0.0,0.16
2021-06-26 06:00:00,2021,6,26,6,0.0,0.0,0.0,,,0.0,0.0,0.0,0.0,0.0,0.0,0.16
2021-06-26 07:00:00,2021,6,26,7,1.0,1.0,0.0,,,0.97,0.0,0.0,-1.4,-1.373,1.5,0.16
2021-06-26 08:00:00,2021,6,26,8,42.28309339903718,41.0,51.0,0.9696546942077233,alta_fd,63.213,51.413,45.627,3.0,5.521,0.5,0.16
2021-06-26 09:00:00,2021,6,26,9,171.51953012130892,110.0,300.0,0.6413263837779953,mixto,278.325,248.944,236.16,4.0,13.899,1.0,0.16
2021-06-26 10:00:00,2021,6,26,10,306.88518439171344,111.0,550.0,0.3616987904450862,mixto,501.178,426.825,407.738,9.9,30.327,0.5,0.16
2021-06-26 11:00:00,2021,6,26,11,421.4801574765434,98.0,691.0,0.23251391141812883,baja_fd,652.115,532.129,509.31,14.0,40.547,0.5,0.16
2021-06-26 12:00:00,2021,6,26,12,486.8269963753948,98.0,729.0,0.20130354464654976,baja_fd,712.458,573.539,549.252,18.0,43.307,1.0,0.16
2021-06-26 13:00:00,2021,6,26,13,488.2158726961031,99.0,711.0,0.20277915065171173,baja_fd,691.791,555.264,531.626,19.6,44.177,1.0,0.16
2021-06-26 14:00:00,2021,6,26,14,399.7374358250957,141.0,508.0,0.3527315366622161,mixto,536.282,454.195,434.138,20.0,30.668,4.1,0.16
2021-06-26 15:00:00,2021,6,26,15,284.8293659967352,117.0,398.0,0.41077225162710607,mixto,377.599,326.314,310.788,19.0,25.588,5.1,0.16
2021-06-26 16:00:00,2021,6,26,16,135.3204391124705,72.0,218.0,0.5320703987677559,mixto,175.575,147.612,138.418,16.9,20.143,4.6,0.16
2021-06-26 17:00:00,2021,6,26,17,12.0,12.0,0.0,1.0,alta_fd,11.351,6.27,2.084,14.0,14.282,2.1,0.16
2021-06-26 18:00:00,2021,6,26,18,0.0,0.0,0.0,,,0.0,0.0,0.0,13.0,13.0,3.6,0.16
2021-06-26 19:00:00,2021,6,26,19,0.0,0.0,0.0,,,0.0,0.0,0.0,11.7,11.7,3.1,0.16
2021-06-26 20:00:00,2021,6,26,20,0.0,0.0,0.0,,,0.0,0.0,0.0,7.0,7.0,1.0,0.16
2021-06-26 21:00:00,2021,6,26,21,0.0,0.0,0.0,,,0.0,0.0,0.0,8.0,8.0,0.5,0.16
2021-06-26 22:00:00,2021,6,26,22,0.0,0.0,0.0,,,0.0,0.0,0.0,5.0,5.0,0.0,0.16
2021-06-26 23:00:00,2021,6,26,23,0.0,0.0,0.0,,,0.0,0.0,0.0,4.0,4.0,0.5,0.16
2021-06-27 00:00:00,2021,6,27,0,0.0,0.0,0.0,,,0.0,0.0,0.0,4.0,4.0,1.0,0.16
2021-06-27 01:00:00,2021,6,27,1,0.0,0.0,0.0,,,0.0,0.0,0.0,3.2,3.2,0.5,0.16
2021-06-27 02:00:00,2021,6,27,2,0.0,0.0,0.0,,,0.0,0.0,0.0,-1.0,-1.0,0.5,0.16
2021-06-27 03:00:00,2021,6,27,3,0.0,0.0,0.0,,,0.0,0.0,0.0,0.0,0.0,1.0,0.16
2021-06-27 04:00:00,2021,6,27,4,0.0,0.0,0.0,,,0.0,0.0,0.0,-0.4,-0.4,1.5,0.16
2021-06-27 05:00:00,2021,6,27,5,0.0,0.0,0.0,,,0.0,0.0,0.0,0.0,0.0,0.0,0.16
2021-06-27 06:00:00,2021,6,27,6,0.0,0.0,0.0,,,0.0,0.0,0.0,0.0,0.0,1.0,0.16
2021-06-27 07:00:00,2021,6,27,7,1.0,1.0,0.0,,,0.97,0.0,0.0,-0.8,-0.759,0.0,0.16
2021-06-27 08:00:00,2021,6,27,8,27.0,27.0,0.0,1.0,alta_fd,25.574,20.843,16.141,1.0,1.795,1.5,0.16
2021-06-27 09:00:00,2021,6,27,9,109.48457582115661,106.0,17.0,0.9681729065941793,alta_fd,114.898,100.451,92.928,6.0,10.075,1.0,0.16
2021-06-27 10:00:00,2021,6,27,10,192.63102654750776,188.0,13.0,0.9759590828616301,alta_fd,200.167,171.547,161.505,8.9,18.392,0.0,0.16
2021-06-27 11:00:00,2021,6,27,11,252.16713421921804,225.0,58.0,0.8922653647814364,alta_fd,283.375,237.8,225.411,12.0,25.425,0.0,0.16
2021-06-27 12:00:00,2021,6,27,12,280.22533991115773,253.0,51.0,0.9028448322346965,alta_fd,311.398,256.554,243.499,15.0,29.738,0.0,0.16
2021-06-27 13:00:00,2021,6,27,13,273.4033992291273,246.0,50.0,0.8997693543445606,alta_fd,302.27,246.885,234.174,17.6,31.909,0.0,0.16
2021-06-27 14:00:00,2021,6,27,14,231.95637694568993,209.0,45.0,0.9010314902829125,alta_fd,254.782,208.766,197.405,19.0,31.077,0.0,0.16
2021-06-27 15:00:00,2021,6,27,15,158.45270800201735,150.0,20.0,0.9466546952172649,alta_fd,163.658,135.814,127.038,20.0,25.802,1.0,0.16
2021-06-27 16:00:00,2021,6,27,16,69.0,69.0,0.0,1.0,alta_fd,68.424,55.392,49.466,18.8,22.044,0.0,0.16
2021-06-27 17:00:00,2021,6,27,17,7.0,7.0,0.0,,,6.612,3.501,0.0,17.0,17.281,0.0,0.16
2021-06-27 18:00:00,2021,6,27,18,0.0,0.0,0.0,,,0.0,0.0,0.0,13.0,13.0,0.0,0.16
2021-06-27 19:00:00,2021,6,27,19,0.0,0.0,0.0,,,0.0,0.0,0.0,11.1,11.1,0.0,0.16
2021-06-27 20:00:00,2021,6,27,20,0.0,0.0,0.0,,,0.0,0.0,0.0,9.0,9.0,1.0,0.16
2021-06-27 21:00:00,2021,6,27,21,0.0,0.0,0.0,,,0.0,0.0,0.0,10.0,10.0,0.0,0.16
2021-06-27 22:00:00,2021,6,27,22,0.0,0.0,0.0,,,0.0,0.0,0.0,8.4,8.4,1.0,0.16
2021-06-27 23:00:00,2021,6,27,23,0.0,0.0,0.0,,,0.0,0.0,0.0,6.0,6.0,2.1,0.16
2021-06-28 00:00:00,2021,6,28,0,0.0,0.0,0.0,,,0.0,0.0,0.0,5.0,5.0,0.0,0.16
2021-06-28 01:00:00,2021,6,28,1,0.0,0.0,0.0,,,0.0,0.0,0.0,4.8,4.8,0.0,0.16
2021-06-28 02:00:00,2021,6,28,2,0.0,0.0,0.0,,,0.0,0.0,0.0,7.0,7.0,2.6,0.16
2021-06-28 03:00:00,2021,6,28,3,0.0,0.0,0.0,,,0.0,0.0,0.0,7.0,7.0,3.1,0.16
2021-06-28 04:00:00,2021,6,28,4,0.0,0.0,0.0,,,0.0,0.0,0.0,7.3,7.3,2.6,0.16
2021-06-28 05:00:00,2021,6,28,5,0.0,0.0,0.0,,,0.0,0.0,0.0,4.0,4.0,1.0,0.16
2021-06-28 06:00:00,2021,6,28,6,0.0,0.0,0.0,,,0.0,0.0,0.0,4.0,4.0,0.5,0.16
2021-06-28 07:00:00,2021,6,28,7,0.0,0.0,0.0,,,0.0,0.0,0.0,3.9,0.0,0.0,0.16
2021-06-28 08:00:00,2021,6,28,8,14.0,14.0,0.0,1.0,alta_fd,13.235,10.264,5.937,6.0,6.621,0.0,0.16
2021-06-28 09:00:00,2021,6,28,9,58.0,58.0,0.0,1.0,alta_fd,54.999,47.13,41.496,6.0,7.73,1.5,0.16
2021-06-28 10:00:00,2021,6,28,10,102.0,102.0,0.0,1.0,alta_fd,98.405,84.195,77.248,7.6,12.265,0.0,0.16
2021-06-28 11:00:00,2021,6,28,11,134.0,134.0,0.0,1.0,alta_fd,130.233,112.08,104.145,8.0,11.598,2.1,0.16
2021-06-28 12:00:00,2021,6,28,12,148.0,148.0,0.0,1.0,alta_fd,144.18,123.453,115.115,9.0,12.98,2.1,0.16
2021-06-28 13:00:00,2021,6,28,13,144.0,144.0,0.0,1.0,alta_fd,140.197,118.225,110.072,10.2,16.83,0.0,0.16
2021-06-28 14:00:00,2021,6,28,14,121.0,121.0,0.0,1.0,alta_fd,117.267,99.772,92.273,11.0,14.242,2.1,0.16
2021-06-28 15:00:00,2021,6,28,15,83.0,83.0,0.0,1.0,alta_fd,79.581,67.438,61.085,11.0,13.502,1.5,0.16
2021-06-28 16:00:00,2021,6,28,16,37.0,37.0,0.0,1.0,alta_fd,35.044,28.687,23.707,11.6,12.841,1.0,0.16
2021-06-28 17:00:00,2021,6,28,17,4.0,4.0,0.0,,,3.776,2.007,0.0,11.0,11.12,1.0,0.16
2021-06-28 18:00:00,2021,6,28,18,0.0,0.0,0.0,,,0.0,0.0,0.0,10.0,10.0,1.0,0.16
2021-06-28 19:00:00,2021,6,28,19,0.0,0.0,0.0,,,0.0,0.0,0.0,9.9,9.9,1.0,0.16
2021-06-28 20:00:00,2021,6,28,20,0.0,0.0,0.0,,,0.0,0.0,0.0,10.0,10.0,2.1,0.16
2021-06-28 21:00:00,2021,6,28,21,0.0,0.0,0.0,,,0.0,0.0,0.0,9.0,9.0,2.1,0.16
2021-06-28 22:00:00,2021,6,28,22,0.0,0.0,0.0,,,0.0,0.0,0.0,7.8,7.8,0.0,0.16
2021-06-28 23:00:00,2021,6,28,23,0.0,0.0,0.0,,,0.0,0.0,0.0,6.9,6.9,0.0,0.16
2021-06-29 00:00:00,2021,6,29,0,0.0,0.0,0.0,,,0.0,0.0,0.0,6.0,6.0,0.0,0.16
2021-06-29 01:00:00,2021,6,29,1,0.0,0.0,0.0,,,0.0,0.0,0.0,6.1,6.1,1.0,0.16
2021-06-29 02:00:00,2021,6,29,2,0.0,0.0,0.0,,,0.0,0.0,0.0,6.0,6.0,1.0,0.16
2021-06-29 03:00:00,2021,6,29,3,0.0,0.0,0.0,,,0.0,0.0,0.0,5.0,5.0,0.5,0.16
2021-06-29 04:00:00,2021,6,29,4,0.0,0.0,0.0,,,0.0,0.0,0.0,5.6,5.6,1.0,0.16
2021-06-29 05:00:00,2021,6,29,5,0.0,0.0,0.0,,,0.0,0.0,0.0,7.0,7.0,2.1,0.16
2021-06-29 06:00:00,2021,6,29,6,0.0,0.0,0.0,,,0.0,0.0,0.0,5.0,5.0,0.5,0.16
2021-06-29 07:00:00,2021,6,29,7,0.0,0.0,0.0,,,0.0,0.0,0.0,5.9,0.0,1.0,0.16
2021-06-29 08:00:00,2021,6,29,8,27.0,27.0,0.0,1.0,alta_fd,25.574,20.465,15.776,5.0,6.026,0.5,0.16
2021-06-29 09:00:00,2021,6,29,9,109.48604580460123,106.0,17.0,0.9681599076943308,alta_fd,114.865,99.794,92.295,7.0,11.666,0.5,0.16
2021-06-29 10:00:00,2021,6,29,10,103.0,103.0,0.0,1.0,alta_fd,99.428,84.67,77.706,9.5,13.531,0.5,0.16
2021-06-29 11:00:00,2021,6,29,11,198.4460479490874,190.0,18.0,0.9574390720481656,alta_fd,203.224,171.65,161.604,11.0,20.621,0.0,0.16
2021-06-29 12:00:00,2021,6,29,12,280.7337165494701,239.0,78.0,0.8513405619302735,alta_fd,316.455,265.379,252.012,13.0,25.816,0.5,0.16
2021-06-29 13:00:00,2021,6,29,13,274.4827869125589,247.0,50.0,0.8998742791062013,alta_fd,303.365,256.783,243.721,13.4,22.917,1.5,0.16
2021-06-29 14:00:00,2021,6,29,14,232.04239828416797,209.0,45.0,0.9006974654004852,alta_fd,254.682,217.179,205.52,14.0,21.048,2.1,0.16
2021-06-29 15:00:00,2021,6,29,15,158.49604437601113,150.0,20.0,0.9463958585877679,alta_fd,163.542,139.977,131.053,14.0,18.124,2.6,0.16
2021-06-29 16:00:00,2021,6,29,16,70.0,70.0,0.0,1.0,alta_fd,69.428,57.798,51.786,13.8,15.722,2.1,0.16
2021-06-29 17:00:00,2021,6,29,17,7.0,7.0,0.0,,,6.612,3.576,0.0,13.0,13.186,1.5,0.16
2021-06-29 18:00:00,2021,6,29,18,0.0,0.0,0.0,,,0.0,0.0,0.0,12.0,12.0,2.6,0.16
2021-06-29 19:00:00,2021,6,29,19,0.0,0.0,0.0,,,0.0,0.0,0.0,9.2,9.2,0.5,0.16
2021-06-29 20:00:00,2021,6,29,20,0.0,0.0,0.0,,,0.0,0.0,0.0,10.0,10.0,1.0,0.16
2021-06-29 21:00:00,2021,6,29,21,0.0,0.0,0.0,,,0.0,0.0,0.0,9.0,9.0,1.0,0.16
2021-06-29 22:00:00,2021,6,29,22,0.0,0.0,0.0,,,0.0,0.0,0.0,5.8,5.8,1.5,0.16
2021-06-29 23:00:00,2021,6,29,23,0.0,0.0,0.0,,,0.0,0.0,0.0,5.0,5.0,0.0,0.16
2021-06-30 00:00:00,2021,6,30,0,0.0,0.0,0.0,,,0.0,0.0,0.0,4.0,4.0,1.0,0.16
2021-06-30 01:00:00,2021,6,30,1,0.0,0.0,0.0,,,0.0,0.0,0.0,3.0,3.0,0.0,0.16
2021-06-30 02:00:00,2021,6,30,2,0.0,0.0,0.0,,,0.0,0.0,0.0,3.0,3.0,0.0,0.16
2021-06-30 03:00:00,2021,6,30,3,0.0,0.0,0.0,,,0.0,0.0,0.0,1.0,1.0,0.0,0.16
2021-06-30 04:00:00,2021,6,30,4,0.0,0.0,0.0,,,0.0,0.0,0.0,0.0,0.0,0.0,0.16
2021-06-30 05:00:00,2021,6,30,5,0.0,0.0,0.0,,,0.0,0.0,0.0,0.0,0.0,0.0,0.16
2021-06-30 06:00:00,2021,6,30,6,0.0,0.0,0.0,,,0.0,0.0,0.0,2.0,2.0,0.0,0.16
2021-06-30 07:00:00,2021,6,30,7,1.0,1.0,0.0,,,0.97,0.0,0.0,0.4,0.441,0.0,0.16
2021-06-30 08:00:00,2021,6,30,8,43.06373088986711,42.0,43.0,0.9752986824902019,alta_fd,62.037,51.091,45.317,1.0,2.918,1.5,0.16
2021-06-30 09:00:00,2021,6,30,9,171.95603457779654,111.0,297.0,0.6455138388864233,mixto,277.649,246.425,233.73,6.0,15.874,1.0,0.16
2021-06-30 10:00:00,2021,6,30,10,309.29869815689995,114.0,547.0,0.36857575114063523,mixto,502.387,423.071,404.116,9.2,33.14,0.0,0.16
2021-06-30 11:00:00,2021,6,30,11,421.3333061825607,100.0,684.0,0.23734178744623316,baja_fd,649.736,549.388,525.958,11.0,31.493,1.5,0.16
2021-06-30 12:00:00,2021,6,30,12,486.85109509622106,100.0,722.0,0.20540161254076267,baja_fd,710.375,581.192,556.634,14.0,39.231,1.0,0.16
2021-06-30 13:00:00,2021,6,30,13,493.32712805568565,98.0,718.0,0.19865114733552214,baja_fd,695.014,549.357,525.928,14.8,47.864,0.0,0.16
2021-06-30 14:00:00,2021,6,30,14,432.0063427197539,100.0,647.0,0.2314780828689611,baja_fd,595.683,500.028,478.347,15.0,33.799,1.5,0.16
2021-06-30 15:00:00,2021,6,30,15,308.63449265237796,105.0,478.0,0.34020824794286325,mixto,412.284,357.45,340.821,16.0,25.578,3.1,0.16
2021-06-30 16:00:00,2021,6,30,16,143.42162636566565,72.0,242.0,0.5020163403839102,mixto,186.122,157.559,148.012,14.6,19.28,2.6,0.16
2021-06-30 17:00:00,2021,6,30,17,13.0,13.0,0.0,1.0,alta_fd,12.298,6.855,2.648,13.0,13.255,3.1,0.16
2021-06-30 18:00:00,2021,6,30,18,0.0,0.0,0.0,,,0.0,0.0,0.0,11.1,11.1,2.1,0.16
2021-06-30 19:00:00,2021,6,30,19,0.0,0.0,0.0,,,0.0,0.0,0.0,10.3,10.3,2.1,0.16
2021-06-30 20:00:00,2021,6,30,20,0.0,0.0,0.0,,,0.0,0.0,0.0,9.2,9.2,1.5,0.16
2021-06-30 21:00:00,2021,6,30,21,0.0,0.0,0.0,,,0.0,0.0,0.0,7.9,7.9,0.5,0.16
2021-06-30 22:00:00,2021,6,30,22,0.0,0.0,0.0,,,0.0,0.0,0.0,6.5,6.5,0.5,0.16
2021-06-30 23:00:00,2021,6,30,23,0.0,0.0,0.0,,,0.0,0.0,0.0,5.3,5.3,0.0,0.16
2021-07-01 00:00:00,2021,7,1,0,0.0,0.0,0.0,,,0.0,0.0,0.0,4.5,4.5,0.0,0.16
2021-07-01 01:00:00,2021,7,1,1,0.0,0.0,0.0,,,0.0,0.0,0.0,4.2,4.2,0.0,0.16
2021-07-01 02:00:00,2021,7,1,2,0.0,0.0,0.0,,,0.0,0.0,0.0,4.0,4.0,0.0,0.16
2021-07-01 03:00:00,2021,7,1,3,0.0,0.0,0.0,,,0.0,0.0,0.0,4.0,4.0,0.0,0.16
2021-07-01 04:00:00,2021,7,1,4,0.0,0.0,0.0,,,0.0,0.0,0.0,3.9,3.9,0.0,0.16
2021-07-01 05:00:00,2021,7,1,5,0.0,0.0,0.0,,,0.0,0.0,0.0,3.6,3.6,0.0,0.16
2021-07-01 06:00:00,2021,7,1,6,0.0,0.0,0.0,,,0.0,0.0,0.0,3.0,3.0,0.0,0.16
2021-07-01 07:00:00,2021,7,1,7,0.0,0.0,0.0,,,0.0,0.0,0.0,3.8,0.0,0.0,0.16
2021-07-01 08:00:00,2021,7,1,8,14.0,14.0,0.0,1.0,alta_fd,13.235,10.362,6.031,4.0,4.621,0.0,0.16
2021-07-01 09:00:00,2021,7,1,9,58.0,58.0,0.0,1.0,alta_fd,54.999,46.979,41.351,5.9,8.511,0.0,0.16
2021-07-01 10:00:00,2021,7,1,10,102.0,102.0,0.0,1.0,alta_fd,98.38,84.628,77.666,7.8,10.891,1.5,0.16
2021-07-01 11:00:00,2021,7,1,11,134.0,134.0,0.0,1.0,alta_fd,130.195,111.733,103.81,9.0,12.272,2.6,0.16
2021-07-01 12:00:00,2021,7,1,12,149.0,149.0,0.0,1.0,alta_fd,145.168,123.54,115.199,10.0,14.548,1.5,0.16
2021-07-01 13:00:00,2021,7,1,13,144.0,144.0,0.0,1.0,alta_fd,140.143,118.886,110.71,11.4,15.269,2.1,0.16
2021-07-01 14:00:00,2021,7,1,14,122.0,122.0,0.0,1.0,alta_fd,118.243,99.659,92.164,11.0,16.599,0.0,0.16
2021-07-01 15:00:00,2021,7,1,15,83.0,83.0,0.0,1.0,alta_fd,79.533,67.307,60.959,10.0,13.774,0.0,0.16
2021-07-01 16:00:00,2021,7,1,16,37.0,37.0,0.0,1.0,alta_fd,35.043,28.92,23.931,10.3,11.109,3.1,0.16
2021-07-01 17:00:00,2021,7,1,17,5.0,5.0,0.0,,,4.721,2.55,0.0,10.0,10.201,0.0,0.16
2021-07-01 18:00:00,2021,7,1,18,0.0,0.0,0.0,,,0.0,0.0,0.0,9.0,9.0,1.0,0.16
2021-07-01 19:00:00,2021,7,1,19,0.0,0.0,0.0,,,0.0,0.0,0.0,9.1,9.1,3.1,0.16
2021-07-01 20:00:00,2021,7,1,20,0.0,0.0,0.0,,,0.0,0.0,0.0,8.9,8.9,2.1,0.16
2021-07-01 21:00:00,2021,7,1,21,0.0,0.0,0.0,,,0.0,0.0,0.0,8.8,8.8,1.0,0.16
2021-07-01 22:00:00,2021,7,1,22,0.0,0.0,0.0,,,0.0,0.0,0.0,8.6,8.6,0.0,0.16
2021-07-01 23:00:00,2021,7,1,23,0.0,0.0,0.0,,,0.0,0.0,0.0,8.3,8.3,0.0,0.16
2021-07-02 00:00:00,2021,7,2,0,0.0,0.0,0.0,,,0.0,0.0,0.0,8.0,8.0,2.6,0.16
2021-07-02 01:00:00,2021,7,2,1,0.0,0.0,0.0,,,0.0,0.0,0.0,8.4,8.4,2.1,0.16
2021-07-02 02:00:00,2021,7,2,2,0.0,0.0,0.0,,,0.0,0.0,0.0,8.0,8.0,1.0,0.16
2021-07-02 03:00:00,2021,7,2,3,0.0,0.0,0.0,,,0.0,0.0,0.0,8.0,8.0,3.1,0.16
2021-07-02 04:00:00,2021,7,2,4,0.0,0.0,0.0,,,0.0,0.0,0.0,8.2,8.2,0.0,0.16
2021-07-02 05:00:00,2021,7,2,5,0.0,0.0,0.0,,,0.0,0.0,0.0,8.0,8.0,0.0,0.16
2021-07-02 06:00:00,2021,7,2,6,0.0,0.0,0.0,,,0.0,0.0,0.0,6.0,6.0,0.0,0.16
2021-07-02 07:00:00,2021,7,2,7,0.0,0.0,0.0,,,0.0,0.0,0.0,6.8,0.0,1.0,0.16
2021-07-02 08:00:00,2021,7,2,8,26.0,26.0,0.0,1.0,alta_fd,24.623,19.525,14.87,7.0,7.863,1.0,0.16
2021-07-02 09:00:00,2021,7,2,9,108.08799116403654,105.0,15.0,0.9714307655200092,alta_fd,112.655,96.751,89.359,9.0,14.351,0.0,0.16
2021-07-02 10:00:00,2021,7,2,10,192.65463808231715,188.0,13.0,0.9758394704189353,alta_fd,199.938,171.393,161.357,11.2,18.28,1.0,0.16
2021-07-02 11:00:00,2021,7,2,11,251.38731797466366,225.0,56.0,0.8950332173187705,alta_fd,281.615,234.407,222.137,14.0,27.341,0.0,0.16
2021-07-02 12:00:00,2021,7,2,12,278.80550325513775,253.0,48.0,0.9074426331121489,alta_fd,308.701,258.046,244.939,15.0,25.909,1.0,0.16
2021-07-02 13:00:00,2021,7,2,13,273.53251685695835,247.0,48.0,0.9030005018714711,alta_fd,301.589,247.222,234.498,16.6,30.875,0.0,0.16
2021-07-02 14:00:00,2021,7,2,14,232.1711350093615,210.0,43.0,0.9045052047126033,alta_fd,254.235,214.21,202.657,16.0,23.985,1.5,0.16
2021-07-02 15:00:00,2021,7,2,15,159.14505148454816,151.0,19.0,0.9488199513049955,alta_fd,163.872,139.718,130.804,16.0,19.036,4.6,0.16
2021-07-02 16:00:00,2021,7,2,16,70.0,70.0,0.0,1.0,alta_fd,69.224,57.588,51.584,14.4,15.999,3.1,0.16
2021-07-02 17:00:00,2021,7,2,17,8.0,8.0,0.0,,,7.559,4.094,0.0,14.0,14.213,1.5,0.16
2021-07-02 18:00:00,2021,7,2,18,0.0,0.0,0.0,,,0.0,0.0,0.0,13.0,13.0,2.1,0.16
2021-07-02 19:00:00,2021,7,2,19,0.0,0.0,0.0,,,0.0,0.0,0.0,11.6,11.6,1.5,0.16
2021-07-02 20:00:00,2021,7,2,20,0.0,0.0,0.0,,,0.0,0.0,0.0,11.2,11.2,1.0,0.16
2021-07-02 21:00:00,2021,7,2,21,0.0,0.0,0.0,,,0.0,0.0,0.0,10.7,10.7,0.5,0.16
2021-07-02 22:00:00,2021,7,2,22,0.0,0.0,0.0,,,0.0,0.0,0.0,10.3,10.3,0.0,0.16
2021-07-02 23:00:00,2021,7,2,23,0.0,0.0,0.0,,,0.0,0.0,0.0,10.1,10.1,0.0,0.16
2021-07-03 00:00:00,2021,7,3,0,0.0,0.0,0.0,,,0.0,0.0,0.0,10.0,10.0,0.0,0.16
2021-07-03 01:00:00,2021,7,3,1,0.0,0.0,0.0,,,0.0,0.0,0.0,9.8,9.8,0.0,0.16
2021-07-03 02:00:00,2021,7,3,2,0.0,0.0,0.0,,,0.0,0.0,0.0,10.0,10.0,1.0,0.16
2021-07-03 03:00:00,2021,7,3,3,0.0,0.0,0.0,,,0.0,0.0,0.0,10.0,10.0,0.0,0.16
2021-07-03 04:00:00,2021,7,3,4,0.0,0.0,0.0,,,0.0,0.0,0.0,10.0,10.0,0.0,0.16
2021-07-03 05:00:00,2021,7,3,5,0.0,0.0,0.0,,,0.0,0.0,0.0,10.0,10.0,2.6,0.16
2021-07-03 06:00:00,2021,7,3,6,0.0,0.0,0.0,,,0.0,0.0,0.0,10.0,10.0,2.1,0.16
2021-07-03 07:00:00,2021,7,3,7,0.0,0.0,0.0,,,0.0,0.0,0.0,10.0,0.0,3.6,0.16
2021-07-03 08:00:00,2021,7,3,8,14.0,14.0,0.0,1.0,alta_fd,13.235,10.096,5.775,10.0,10.363,2.1,0.16
2021-07-03 09:00:00,2021,7,3,9,58.0,58.0,0.0,1.0,alta_fd,54.998,46.184,40.584,10.0,12.611,0.0,0.16
2021-07-03 10:00:00,2021,7,3,10,102.0,102.0,0.0,1.0,alta_fd,98.356,83.762,76.83,11.1,13.371,3.1,0.16
2021-07-03 11:00:00,2021,7,3,11,134.0,134.0,0.0,1.0,alta_fd,130.161,109.786,101.932,12.0,16.599,1.0,0.16
2021-07-03 12:00:00,2021,7,3,12,148.0,148.0,0.0,1.0,alta_fd,144.092,120.988,112.737,12.0,17.826,0.5,0.16
2021-07-03 13:00:00,2021,7,3,13,144.0,144.0,0.0,1.0,alta_fd,140.099,117.195,109.078,12.1,18.725,0.0,0.16
2021-07-03 14:00:00,2021,7,3,14,122.0,122.0,0.0,1.0,alta_fd,118.199,99.198,91.719,12.0,17.597,0.0,0.16
2021-07-03 15:00:00,2021,7,3,15,84.0,84.0,0.0,1.0,alta_fd,80.52,67.583,61.224,13.0,15.853,1.0,0.16
2021-07-03 16:00:00,2021,7,3,16,37.0,37.0,0.0,1.0,alta_fd,35.043,28.619,23.641,12.5,13.601,1.5,0.16
2021-07-03 17:00:00,2021,7,3,17,5.0,5.0,0.0,,,4.721,2.524,0.0,12.0,12.15,1.0,0.16
2021-07-03 18:00:00,2021,7,3,18,0.0,0.0,0.0,,,0.0,0.0,0.0,12.0,12.0,1.0,0.16
2021-07-03 19:00:00,2021,7,3,19,0.0,0.0,0.0,,,0.0,0.0,0.0,10.9,10.9,0.0,0.16
2021-07-03 20:00:00,2021,7,3,20,0.0,0.0,0.0,,,0.0,0.0,0.0,11.0,11.0,0.0,0.16
2021-07-03 21:00:00,2021,7,3,21,0.0,0.0,0.0,,,0.0,0.0,0.0,11.0,11.0,0.0,0.16
2021-07-03 22:00:00,2021,7,3,22,0.0,0.0,0.0,,,0.0,0.0,0.0,11.2,11.2,3.1,0.16
2021-07-03 23:00:00,2021,7,3,23,0.0,0.0,0.0,,,0.0,0.0,0.0,11.0,11.0,1.5,0.16
2021-07-04 00:00:00,2021,7,4,0,0.0,0.0,0.0,,,0.0,0.0,0.0,11.0,11.0,1.5,0.16
2021-07-04 01:00:00,2021,7,4,1,0.0,0.0,0.0,,,0.0,0.0,0.0,9.2,9.2,5.1,0.16
2021-07-04 02:00:00,2021,7,4,2,0.0,0.0,0.0,,,0.0,0.0,0.0,6.0,6.0,2.1,0.16
2021-07-04 03:00:00,2021,7,4,3,0.0,0.0,0.0,,,0.0,0.0,0.0,7.1,7.1,2.1,0.16
2021-07-04 04:00:00,2021,7,4,4,0.0,0.0,0.0,,,0.0,0.0,0.0,8.2,8.2,2.1,0.16
2021-07-04 05:00:00,2021,7,4,5,0.0,0.0,0.0,,,0.0,0.0,0.0,8.0,8.0,5.1,0.16
2021-07-04 06:00:00,2021,7,4,6,0.0,0.0,0.0,,,0.0,0.0,0.0,7.0,7.0,4.6,0.16
2021-07-04 07:00:00,2021,7,4,7,0.0,0.0,0.0,,,0.0,0.0,0.0,6.4,0.0,5.1,0.16
2021-07-04 08:00:00,2021,7,4,8,19.0,19.0,0.0,1.0,alta_fd,17.975,14.152,9.687,6.2,6.563,3.9,0.16
2021-07-04 09:00:00,2021,7,4,9,95.0,95.0,0.0,1.0,alta_fd,94.016,82.021,75.151,6.0,8.371,2.6,0.16
2021-07-04 10:00:00,2021,7,4,10,191.8939892579023,175.0,47.0,0.9119618633015282,alta_fd,215.749,189.49,178.812,6.5,13.285,1.5,0.16
2021-07-04 11:00:00,2021,7,4,11,252.9616753037741,226.0,57.0,0.8934159679667024,alta_fd,283.42,244.661,232.028,8.0,18.026,1.0,0.16
2021-07-04 12:00:00,2021,7,4,12,282.990784674516,256.0,50.0,0.9046230968066339,alta_fd,313.712,268.319,254.848,9.0,20.086,1.0,0.16
2021-07-04 13:00:00,2021,7,4,13,276.20996432857413,249.0,49.0,0.9014881146858059,alta_fd,304.595,263.014,249.73,9.2,17.617,2.1,0.16
2021-07-04 14:00:00,2021,7,4,14,337.4587982857983,212.0,242.0,0.6282248413047877,mixto,419.314,364.879,347.986,11.0,20.702,3.1,0.16
2021-07-04 15:00:00,2021,7,4,15,285.5873700848541,125.0,372.0,0.43769442592247626,mixto,374.353,330.681,315.0,10.0,19.474,2.6,0.16
2021-07-04 16:00:00,2021,7,4,16,143.53117111289623,74.0,231.0,0.5155674507929318,mixto,184.705,159.905,150.275,9.4,14.047,2.6,0.16
2021-07-04 17:00:00,2021,7,4,17,14.0,14.0,0.0,1.0,alta_fd,13.246,7.587,3.355,8.0,8.329,2.1,0.16
2021-07-04 18:00:00,2021,7,4,18,0.0,0.0,0.0,,,0.0,0.0,0.0,6.5,6.5,1.0,0.16
2021-07-04 19:00:00,2021,7,4,19,0.0,0.0,0.0,,,0.0,0.0,0.0,5.0,5.0,0.0,0.16
2021-07-04 20:00:00,2021,7,4,20,0.0,0.0,0.0,,,0.0,0.0,0.0,4.0,4.0,0.0,0.16
2021-07-04 21:00:00,2021,7,4,21,0.0,0.0,0.0,,,0.0,0.0,0.0,4.0,4.0,0.0,0.16
2021-07-04 22:00:00,2021,7,4,22,0.0,0.0,0.0,,,0.0,0.0,0.0,3.8,3.8,0.0,0.16
2021-07-04 23:00:00,2021,7,4,23,0.0,0.0,0.0,,,0.0,0.0,0.0,3.0,3.0,0.0,0.16
2021-07-05 00:00:00,2021,7,5,0,0.0,0.0,0.0,,,0.0,0.0,0.0,0.0,0.0,0.0,0.16
2021-07-05 01:00:00,2021,7,5,1,0.0,0.0,0.0,,,0.0,0.0,0.0,-0.2,-0.2,0.0,0.16
2021-07-05 02:00:00,2021,7,5,2,0.0,0.0,0.0,,,0.0,0.0,0.0,-0.1,-0.1,0.0,0.16
2021-07-05 03:00:00,2021,7,5,3,0.0,0.0,0.0,,,0.0,0.0,0.0,0.0,0.0,0.0,0.16
2021-07-05 04:00:00,2021,7,5,4,0.0,0.0,0.0,,,0.0,0.0,0.0,-1.6,-1.6,0.0,0.16
2021-07-05 05:00:00,2021,7,5,5,0.0,0.0,0.0,,,0.0,0.0,0.0,-1.1,-1.1,0.0,0.16
2021-07-05 06:00:00,2021,7,5,6,0.0,0.0,0.0,,,0.0,0.0,0.0,-0.7,-0.7,0.0,0.16
2021-07-05 07:00:00,2021,7,5,7,1.0,1.0,0.0,,,0.97,0.0,0.0,-0.2,-0.159,0.0,0.16
2021-07-05 08:00:00,2021,7,5,8,42.93904595055253,42.0,36.0,0.9781307215899973,alta_fd,55.67,45.891,40.301,1.0,2.381,2.6,0.16
2021-07-05 09:00:00,2021,7,5,9,151.40639670092696,118.0,161.0,0.7793594099797869,alta_fd,211.775,191.525,180.775,1.4,8.078,1.5,0.16
2021-07-05 10:00:00,2021,7,5,10,104.0,104.0,0.0,1.0,alta_fd,100.384,87.883,80.805,1.8,6.558,0.0,0.16
2021-07-05 11:00:00,2021,7,5,11,375.36171738716286,318.0,121.0,0.8471828246459195,alta_fd,444.863,380.846,363.387,2.0,23.081,0.0,0.16
2021-07-05 12:00:00,2021,7,5,12,488.0476469813205,158.0,610.0,0.3237388828268386,mixto,691.9,586.089,561.358,5.0,29.554,1.0,0.16
2021-07-05 13:00:00,2021,7,5,13,499.0531853820741,101.0,715.0,0.2023832388178719,baja_fd,702.405,568.376,544.273,8.6,42.01,0.0,0.16
2021-07-05 14:00:00,2021,7,5,14,442.25630792298784,97.0,664.0,0.21932982811607757,baja_fd,607.799,501.813,480.068,9.0,37.943,0.0,0.16
2021-07-05 15:00:00,2021,7,5,15,312.3536135194505,110.0,467.0,0.35216496700829814,mixto,414.091,351.622,335.199,11.0,30.742,0.0,0.16
2021-07-05 16:00:00,2021,7,5,16,134.42333201521728,86.0,160.0,0.6397698874944153,mixto,169.702,144.896,135.798,11.3,17.306,1.0,0.16
2021-07-05 17:00:00,2021,7,5,17,14.0,14.0,0.0,1.0,alta_fd,13.247,7.548,3.317,9.0,9.421,1.0,0.16
2021-07-05 18:00:00,2021,7,5,18,0.0,0.0,0.0,,,0.0,0.0,0.0,7.0,7.0,1.0,0.16
2021-07-05 19:00:00,2021,7,5,19,0.0,0.0,0.0,,,0.0,0.0,0.0,5.7,5.7,1.5,0.16
2021-07-05 20:00:00,2021,7,5,20,0.0,0.0,0.0,,,0.0,0.0,0.0,5.0,5.0,0.0,0.16
2021-07-05 21:00:00,2021,7,5,21,0.0,0.0,0.0,,,0.0,0.0,0.0,2.0,2.0,0.0,0.16
2021-07-05 22:00:00,2021,7,5,22,0.0,0.0,0.0,,,0.0,0.0,0.0,2.0,2.0,0.0,0.16
2021-07-05 23:00:00,2021,7,5,23,0.0,0.0,0.0,,,0.0,0.0,0.0,3.0,3.0,0.0,0.16
2021-07-06 00:00:00,2021,7,6,0,0.0,0.0,0.0,,,0.0,0.0,0.0,2.0,2.0,0.0,0.16
2021-07-06 01:00:00,2021,7,6,1,0.0,0.0,0.0,,,0.0,0.0,0.0,1.3,1.3,0.0,0.16
2021-07-06 02:00:00,2021,7,6,2,0.0,0.0,0.0,,,0.0,0.0,0.0,1.0,1.0,0.0,0.16
2021-07-06 03:00:00,2021,7,6,3,0.0,0.0,0.0,,,0.0,0.0,0.0,0.2,0.2,0.5,0.16
2021-07-06 04:00:00,2021,7,6,4,0.0,0.0,0.0,,,0.0,0.0,0.0,-0.5,-0.5,1.0,0.16
2021-07-06 05:00:00,2021,7,6,5,0.0,0.0,0.0,,,0.0,0.0,0.0,-0.6,-0.6,1.0,0.16
2021-07-06 06:00:00,2021,7,6,6,0.0,0.0,0.0,,,0.0,0.0,0.0,-0.8,-0.8,1.5,0.16
2021-07-06 07:00:00,2021,7,6,7,0.0,0.0,0.0,,,0.0,0.0,0.0,-0.9,0.0,1.0,0.16
2021-07-06 08:00:00,2021,7,6,8,38.0,38.0,0.0,1.0,alta_fd,37.605,31.131,26.065,1.0,2.318,1.0,0.16
2021-07-06 09:00:00,2021,7,6,9,131.82475792357823,116.0,76.0,0.8799561010174417,alta_fd,160.852,142.951,133.922,4.0,9.711,1.0,0.16
2021-07-06 10:00:00,2021,7,6,10,195.695988109404,191.0,13.0,0.976003656718917,alta_fd,203.031,176.455,166.239,7.6,14.789,1.0,0.16
2021-07-06 11:00:00,2021,7,6,11,255.0871667470135,228.0,57.0,0.8938121149235327,alta_fd,285.628,245.743,233.071,11.0,18.899,2.1,0.16
2021-07-06 12:00:00,2021,7,6,12,284.1201990874569,257.0,50.0,0.9045467405184069,alta_fd,314.716,261.071,247.856,13.0,27.892,0.0,0.16
2021-07-06 13:00:00,2021,7,6,13,278.35289084697973,251.0,49.0,0.9017330455460706,alta_fd,306.784,255.987,242.953,15.6,26.443,1.0,0.16
2021-07-06 14:00:00,2021,7,6,14,237.47153481083933,214.0,45.0,0.9011606387707232,alta_fd,260.073,217.269,205.607,17.0,26.204,1.0,0.16
2021-07-06 15:00:00,2021,7,6,15,163.7000375661391,155.0,20.0,0.946853783936219,alta_fd,168.628,142.933,133.904,16.0,20.673,2.1,0.16
2021-07-06 16:00:00,2021,7,6,16,73.0,73.0,0.0,1.0,alta_fd,72.262,60.053,53.961,15.2,16.87,3.1,0.16
2021-07-06 17:00:00,2021,7,6,17,12.0,12.0,0.0,1.0,alta_fd,11.348,6.299,2.112,13.1,13.317,3.6,0.16
2021-07-06 18:00:00,2021,7,6,18,0.0,0.0,0.0,,,0.0,0.0,0.0,11.1,11.1,2.5,0.16
2021-07-06 19:00:00,2021,7,6,19,0.0,0.0,0.0,,,0.0,0.0,0.0,9.0,9.0,1.5,0.16
2021-07-06 20:00:00,2021,7,6,20,0.0,0.0,0.0,,,0.0,0.0,0.0,9.0,9.0,1.0,0.16
2021-07-06 21:00:00,2021,7,6,21,0.0,0.0,0.0,,,0.0,0.0,0.0,7.0,7.0,3.1,0.16
2021-07-06 22:00:00,2021,7,6,22,0.0,0.0,0.0,,,0.0,0.0,0.0,7.6,7.6,4.6,0.16
2021-07-06 23:00:00,2021,7,6,23,0.0,0.0,0.0,,,0.0,0.0,0.0,8.0,8.0,2.1,0.16
2021-07-07 00:00:00,2021,7,7,0,0.0,0.0,0.0,,,0.0,0.0,0.0,7.0,7.0,1.0,0.16
2021-07-07 01:00:00,2021,7,7,1,0.0,0.0,0.0,,,0.0,0.0,0.0,5.2,5.2,1.0,0.16
2021-07-07 02:00:00,2021,7,7,2,0.0,0.0,0.0,,,0.0,0.0,0.0,5.0,5.0,1.0,0.16
2021-07-07 03:00:00,2021,7,7,3,0.0,0.0,0.0,,,0.0,0.0,0.0,5.4,5.4,1.2,0.16
2021-07-07 04:00:00,2021,7,7,4,0.0,0.0,0.0,,,0.0,0.0,0.0,5.8,5.8,1.5,0.16
2021-07-07 05:00:00,2021,7,7,5,0.0,0.0,0.0,,,0.0,0.0,0.0,4.0,4.0,2.1,0.16
2021-07-07 06:00:00,2021,7,7,6,0.0,0.0,0.0,,,0.0,0.0,0.0,3.4,3.4,1.5,0.16
2021-07-07 07:00:00,2021,7,7,7,1.0,1.0,0.0,,,0.97,0.0,0.0,2.8,2.831,1.0,0.16
2021-07-07 08:00:00,2021,7,7,8,40.59894933991871,40.0,22.0,0.9852471714254487,alta_fd,48.724,39.763,34.39,3.0,5.28,0.0,0.16
2021-07-07 09:00:00,2021,7,7,9,130.64985650238893,111.0,94.0,0.8495990961763541,alta_fd,169.919,150.051,140.77,4.0,12.081,0.0,0.16
2021-07-07 10:00:00,2021,7,7,10,104.0,104.0,0.0,1.0,alta_fd,100.348,86.742,79.705,6.2,9.752,1.0,0.16
2021-07-07 11:00:00,2021,7,7,11,181.28814513315908,177.0,9.0,0.9763462463030367,alta_fd,182.08,156.782,147.263,8.0,14.435,1.0,0.16
2021-07-07 12:00:00,2021,7,7,12,245.894576655944,241.0,9.0,0.9800948165571276,alta_fd,250.685,211.845,200.375,9.0,20.853,0.0,0.16
2021-07-07 13:00:00,2021,7,7,13,278.74707778111184,239.0,71.0,0.8574080916022248,alta_fd,310.099,260.27,247.084,10.7,25.382,0.0,0.16
2021-07-07 14:00:00,2021,7,7,14,238.02518182736233,215.0,44.0,0.9032657736017935,alta_fd,260.431,220.013,208.253,11.0,23.341,0.0,0.16
2021-07-07 15:00:00,2021,7,7,15,164.7354906984285,156.0,20.0,0.9469726246518424,alta_fd,169.654,144.75,135.657,11.0,19.053,0.0,0.16
2021-07-07 16:00:00,2021,7,7,16,74.30613869548475,74.0,1.0,0.9958800349357495,alta_fd,73.713,62.18,56.013,11.2,13.517,1.5,0.16
2021-07-07 17:00:00,2021,7,7,17,7.0,7.0,0.0,,,6.612,3.63,0.0,10.0,10.281,0.0,0.16
2021-07-07 18:00:00,2021,7,7,18,0.0,0.0,0.0,,,0.0,0.0,0.0,10.0,10.0,0.0,0.16
2021-07-07 19:00:00,2021,7,7,19,0.0,0.0,0.0,,,0.0,0.0,0.0,9.2,9.2,0.0,0.16
2021-07-07 20:00:00,2021,7,7,20,0.0,0.0,0.0,,,0.0,0.0,0.0,9.0,9.0,0.0,0.16
2021-07-07 21:00:00,2021,7,7,21,0.0,0.0,0.0,,,0.0,0.0,0.0,8.6,8.6,0.0,0.16
2021-07-07 22:00:00,2021,7,7,22,0.0,0.0,0.0,,,0.0,0.0,0.0,8.2,8.2,0.0,0.16
2021-07-07 23:00:00,2021,7,7,23,0.0,0.0,0.0,,,0.0,0.0,0.0,8.6,8.6,0.0,0.16
2021-07-08 00:00:00,2021,7,8,0,0.0,0.0,0.0,,,0.0,0.0,0.0,9.0,9.0,0.0,0.16
2021-07-08 01:00:00,2021,7,8,1,0.0,0.0,0.0,,,0.0,0.0,0.0,9.2,9.2,0.0,0.16
2021-07-08 02:00:00,2021,7,8,2,0.0,0.0,0.0,,,0.0,0.0,0.0,8.6,8.6,1.0,0.16
2021-07-08 03:00:00,2021,7,8,3,0.0,0.0,0.0,,,0.0,0.0,0.0,8.0,8.0,2.1,0.16
2021-07-08 04:00:00,2021,7,8,4,0.0,0.0,0.0,,,0.0,0.0,0.0,9.0,9.0,3.6,0.16
2021-07-08 05:00:00,2021,7,8,5,0.0,0.0,0.0,,,0.0,0.0,0.0,10.0,10.0,5.1,0.16
2021-07-08 06:00:00,2021,7,8,6,0.0,0.0,0.0,,,0.0,0.0,0.0,9.7,9.7,4.6,0.16
2021-07-08 07:00:00,2021,7,8,7,0.0,0.0,0.0,,,0.0,0.0,0.0,9.4,0.0,5.1,0.16
2021-07-08 08:00:00,2021,7,8,8,27.0,27.0,0.0,1.0,alta_fd,25.572,20.323,15.639,8.0,8.44,5.1,0.16
2021-07-08 09:00:00,2021,7,8,9,111.35928128762606,108.0,16.0,0.969833845470415,alta_fd,116.217,101.548,93.986,8.0,10.307,4.1,0.16
2021-07-08 10:00:00,2021,7,8,10,195.7241942487019,191.0,13.0,0.9758630032079785,alta_fd,202.83,177.312,167.066,7.6,13.215,2.1,0.16
2021-07-08 11:00:00,2021,7,8,11,256.234873183306,229.0,57.0,0.8937112936855296,alta_fd,286.633,251.498,238.622,8.0,13.675,4.1,0.16
2021-07-08 12:00:00,2021,7,8,12,286.26873147273386,259.0,50.0,0.9047442892821457,alta_fd,316.878,275.953,262.211,9.0,15.267,4.1,0.16
2021-07-08 13:00:00,2021,7,8,13,281.07519659417403,253.0,50.0,0.9001149979280813,alta_fd,309.744,267.401,253.962,9.1,17.658,2.1,0.16
2021-07-08 14:00:00,2021,7,8,14,270.65983786270255,215.0,106.0,0.794355016605984,alta_fd,305.364,265.306,251.941,11.0,18.056,3.1,0.16
2021-07-08 15:00:00,2021,7,8,15,209.42356524538002,166.0,99.0,0.7926519625692507,alta_fd,236.227,204.408,193.201,11.0,19.384,1.0,0.16
2021-07-08 16:00:00,2021,7,8,16,107.0227000157825,83.0,78.0,0.7755364047791738,alta_fd,125.71,104.854,97.175,18.1,21.004,3.1,0.16
2021-07-08 17:00:00,2021,7,8,17,15.0,15.0,0.0,1.0,alta_fd,14.194,8.352,4.093,8.0,8.455,1.0,0.16
2021-07-08 18:00:00,2021,7,8,18,0.0,0.0,0.0,,,0.0,0.0,0.0,8.0,8.0,0.0,0.16
2021-07-08 19:00:00,2021,7,8,19,0.0,0.0,0.0,,,0.0,0.0,0.0,5.4,5.4,1.0,0.16
2021-07-08 20:00:00,2021,7,8,20,0.0,0.0,0.0,,,0.0,0.0,0.0,5.0,5.0,1.0,0.16
2021-07-08 21:00:00,2021,7,8,21,0.0,0.0,0.0,,,0.0,0.0,0.0,4.0,4.0,0.0,0.16
2021-07-08 22:00:00,2021,7,8,22,0.0,0.0,0.0,,,0.0,0.0,0.0,2.5,2.5,0.0,0.16
2021-07-08 23:00:00,2021,7,8,23,0.0,0.0,0.0,,,0.0,0.0,0.0,0.0,0.0,0.0,0.16
2021-07-09 00:00:00,2021,7,9,0,0.0,0.0,0.0,,,0.0,0.0,0.0,1.0,1.0,0.0,0.16
2021-07-09 01:00:00,2021,7,9,1,0.0,0.0,0.0,,,0.0,0.0,0.0,0.0,0.0,0.0,0.16
2021-07-09 02:00:00,2021,7,9,2,0.0,0.0,0.0,,,0.0,0.0,0.0,-0.5,-0.5,0.0,0.16
2021-07-09 03:00:00,2021,7,9,3,0.0,0.0,0.0,,,0.0,0.0,0.0,-1.0,-1.0,0.0,0.16
2021-07-09 04:00:00,2021,7,9,4,0.0,0.0,0.0,,,0.0,0.0,0.0,-1.0,-1.0,0.0,0.16
2021-07-09 05:00:00,2021,7,9,5,0.0,0.0,0.0,,,0.0,0.0,0.0,1.0,1.0,0.0,0.16
2021-07-09 06:00:00,2021,7,9,6,0.0,0.0,0.0,,,0.0,0.0,0.0,-1.0,-1.0,0.0,0.16
2021-07-09 07:00:00,2021,7,9,7,1.0,1.0,0.0,,,0.97,0.0,0.0,-1.3,-1.259,0.0,0.16
2021-07-09 08:00:00,2021,7,9,8,45.206127242690215,44.0,42.0,0.9733193857501863,alta_fd,63.708,52.894,47.057,0.5,2.473,1.5,0.16
2021-07-09 09:00:00,2021,7,9,9,166.7274110899034,95.0,340.0,0.5697923297613836,mixto,287.804,260.421,247.229,2.3,11.387,1.5,0.16
2021-07-09 10:00:00,2021,7,9,10,285.139901058277,167.0,324.0,0.5856774144207494,mixto,404.928,359.592,342.887,4.2,16.968,1.5,0.16
2021-07-09 11:00:00,2021,7,9,11,411.4379715240306,156.0,533.0,0.3791580038715231,mixto,597.5,497.365,475.778,6.0,34.409,0.0,0.16
2021-07-09 12:00:00,2021,7,9,12,491.36301489678203,138.0,646.0,0.2808514190450189,baja_fd,701.583,578.66,554.192,8.0,36.518,0.5,0.16
2021-07-09 13:00:00,2021,7,9,13,503.928089189629,104.0,710.0,0.20637865249234918,baja_fd,705.326,586.234,561.498,10.1,35.149,1.0,0.16
2021-07-09 14:00:00,2021,7,9,14,442.1516458887371,107.0,636.0,0.24199842066612015,baja_fd,602.479,512.601,490.474,11.0,30.007,1.5,0.16
2021-07-09 15:00:00,2021,7,9,15,313.6846035737458,115.0,451.0,0.3666102788910519,mixto,412.54,350.102,333.732,11.0,30.664,0.0,0.16
2021-07-09 16:00:00,2021,7,9,16,141.3716249562654,89.0,169.0,0.6295464173063934,mixto,177.46,151.179,141.858,10.3,18.714,0.0,0.16
2021-07-09 17:00:00,2021,7,9,17,15.0,15.0,0.0,1.0,alta_fd,14.195,8.107,3.857,9.0,9.604,0.0,0.16
2021-07-09 18:00:00,2021,7,9,18,0.0,0.0,0.0,,,0.0,0.0,0.0,8.0,8.0,0.0,0.16
2021-07-09 19:00:00,2021,7,9,19,0.0,0.0,0.0,,,0.0,0.0,0.0,6.6,6.6,0.0,0.16
2021-07-09 20:00:00,2021,7,9,20,0.0,0.0,0.0,,,0.0,0.0,0.0,6.0,6.0,0.0,0.16
2021-07-09 21:00:00,2021,7,9,21,0.0,0.0,0.0,,,0.0,0.0,0.0,5.7,5.7,0.0,0.16
2021-07-09 22:00:00,2021,7,9,22,0.0,0.0,0.0,,,0.0,0.0,0.0,5.3,5.3,0.0,0.16
2021-07-09 23:00:00,2021,7,9,23,0.0,0.0,0.0,,,0.0,0.0,0.0,5.0,5.0,0.0,0.16
2021-07-10 00:00:00,2021,7,10,0,0.0,0.0,0.0,,,0.0,0.0,0.0,6.0,6.0,0.0,0.16
2021-07-10 01:00:00,2021,7,10,1,0.0,0.0,0.0,,,0.0,0.0,0.0,3.8,3.8,0.0,0.16
2021-07-10 02:00:00,2021,7,10,2,0.0,0.0,0.0,,,0.0,0.0,0.0,10.0,10.0,0.0,0.16
2021-07-10 03:00:00,2021,7,10,3,0.0,0.0,0.0,,,0.0,0.0,0.0,3.0,3.0,2.1,0.16
2021-07-10 04:00:00,2021,7,10,4,0.0,0.0,0.0,,,0.0,0.0,0.0,3.2,3.2,0.0,0.16
2021-07-10 05:00:00,2021,7,10,5,0.0,0.0,0.0,,,0.0,0.0,0.0,3.0,3.0,0.0,0.16
2021-07-10 06:00:00,2021,7,10,6,0.0,0.0,0.0,,,0.0,0.0,0.0,3.0,3.0,0.0,0.16
2021-07-10 07:00:00,2021,7,10,7,1.0,1.0,0.0,,,0.97,0.0,0.0,2.4,2.441,0.0,0.16
2021-07-10 08:00:00,2021,7,10,8,43.095089358734064,42.0,37.0,0.9745889990012951,alta_fd,55.554,45.334,39.764,3.0,5.596,0.0,0.16
2021-07-10 09:00:00,2021,7,10,9,174.1661302015608,115.0,279.0,0.6602891151506415,mixto,273.395,245.55,232.885,5.0,12.601,2.1,0.16
2021-07-10 10:00:00,2021,7,10,10,316.59052002183523,123.0,529.0,0.38851447602258177,mixto,498.82,438.606,419.101,9.0,21.621,2.6,0.16
2021-07-10 11:00:00,2021,7,10,11,431.9708231362051,106.0,678.0,0.2453869435681239,baja_fd,656.855,557.478,533.761,12.0,30.246,2.1,0.16
2021-07-10 12:00:00,2021,7,10,12,499.53102899998936,105.0,719.0,0.2101971527378377,baja_fd,723.301,569.282,545.146,14.0,48.39,0.0,0.16
2021-07-10 13:00:00,2021,7,10,13,505.8160168925256,104.0,711.0,0.20560835664897031,baja_fd,707.04,580.339,555.812,16.0,38.282,1.5,0.16
2021-07-10 14:00:00,2021,7,10,14,448.38721653037913,103.0,653.0,0.22971216886380957,baja_fd,611.084,509.875,487.844,17.0,35.059,1.8,0.16
2021-07-10 15:00:00,2021,7,10,15,324.7441258120157,111.0,483.0,0.341807568412352,mixto,427.755,365.958,349.027,17.0,28.905,2.1,0.16
2021-07-10 16:00:00,2021,7,10,16,158.14823471725913,78.0,257.0,0.4932081609348982,mixto,201.763,170.612,160.603,16.0,21.584,2.1,0.16
2021-07-10 17:00:00,2021,7,10,17,16.0,16.0,0.0,1.0,alta_fd,15.144,8.841,4.565,12.0,12.346,2.6,0.16
2021-07-10 18:00:00,2021,7,10,18,0.0,0.0,0.0,,,0.0,0.0,0.0,11.0,11.0,2.6,0.16
2021-07-10 19:00:00,2021,7,10,19,0.0,0.0,0.0,,,0.0,0.0,0.0,10.0,10.0,2.6,0.16
2021-07-10 20:00:00,2021,7,10,20,0.0,0.0,0.0,,,0.0,0.0,0.0,9.0,9.0,0.0,0.16
2021-07-10 21:00:00,2021,7,10,21,0.0,0.0,0.0,,,0.0,0.0,0.0,7.0,7.0,1.0,0.16
2021-07-10 22:00:00,2021,7,10,22,0.0,0.0,0.0,,,0.0,0.0,0.0,5.0,5.0,2.1,0.16
2021-07-10 23:00:00,2021,7,10,23,0.0,0.0,0.0,,,0.0,0.0,0.0,5.0,5.0,1.5,0.16
2021-07-11 00:00:00,2021,7,11,0,0.0,0.0,0.0,,,0.0,0.0,0.0,3.0,3.0,2.1,0.16
2021-07-11 01:00:00,2021,7,11,1,0.0,0.0,0.0,,,0.0,0.0,0.0,4.2,4.2,1.5,0.16
2021-07-11 02:00:00,2021,7,11,2,0.0,0.0,0.0,,,0.0,0.0,0.0,3.4,3.4,1.0,0.16
2021-07-11 03:00:00,2021,7,11,3,0.0,0.0,0.0,,,0.0,0.0,0.0,2.6,2.6,0.5,0.16
2021-07-11 04:00:00,2021,7,11,4,0.0,0.0,0.0,,,0.0,0.0,0.0,1.8,1.8,0.0,0.16
2021-07-11 05:00:00,2021,7,11,5,0.0,0.0,0.0,,,0.0,0.0,0.0,1.0,1.0,0.0,0.16
2021-07-11 06:00:00,2021,7,11,6,0.0,0.0,0.0,,,0.0,0.0,0.0,1.0,1.0,0.0,0.16
2021-07-11 07:00:00,2021,7,11,7,1.0,1.0,0.0,,,0.97,0.0,0.0,0.9,0.941,0.0,0.16
2021-07-11 08:00:00,2021,7,11,8,44.58945664424268,43.0,52.0,0.9643535318915372,alta_fd,65.184,53.439,47.582,3.0,5.273,1.0,0.16
2021-07-11 09:00:00,2021,7,11,9,177.3386194120431,114.0,297.0,0.6428379806832885,mixto,281.236,249.689,236.878,6.0,16.003,1.0,0.16
2021-07-11 10:00:00,2021,7,11,10,318.690690474965,117.0,549.0,0.36712713454424245,mixto,509.821,437.508,418.041,10.0,28.138,1.0,0.16
2021-07-11 11:00:00,2021,7,11,11,431.2186529455653,108.0,670.0,0.2504529877413103,baja_fd,653.778,547.518,524.153,13.0,33.613,1.5,0.16
2021-07-11 12:00:00,2021,7,11,12,480.8368577214486,134.0,630.0,0.27868079962710957,baja_fd,685.555,538.167,515.134,16.0,48.58,0.0,0.16
2021-07-11 13:00:00,2021,7,11,13,440.3128224286479,201.0,422.0,0.45649363307508894,mixto,581.314,460.609,440.324,17.6,45.199,0.0,0.16
2021-07-11 14:00:00,2021,7,11,14,349.9160981594257,197.0,288.0,0.5629921030676462,mixto,436.911,353.242,336.761,19.0,39.755,0.0,0.16
2021-07-11 15:00:00,2021,7,11,15,214.46374880880123,158.0,127.0,0.736721244861108,alta_fd,251.078,208.102,196.765,19.0,30.937,0.0,0.16
2021-07-11 16:00:00,2021,7,11,16,78.94167094759132,78.0,3.0,0.9880713071273031,alta_fd,78.651,64.236,57.996,18.3,22.031,0.0,0.16
2021-07-11 17:00:00,2021,7,11,17,13.0,13.0,0.0,1.0,alta_fd,12.295,7.193,2.975,16.3,16.787,0.3,0.16
2021-07-11 18:00:00,2021,7,11,18,0.0,0.0,0.0,,,0.0,0.0,0.0,14.4,14.4,0.7,0.16
2021-07-11 19:00:00,2021,7,11,19,0.0,0.0,0.0,,,0.0,0.0,0.0,12.4,12.4,1.0,0.16
2021-07-11 20:00:00,2021,7,11,20,0.0,0.0,0.0,,,0.0,0.0,0.0,11.1,11.1,1.0,0.16
2021-07-11 21:00:00,2021,7,11,21,0.0,0.0,0.0,,,0.0,0.0,0.0,9.7,9.7,1.0,0.16
2021-07-11 22:00:00,2021,7,11,22,0.0,0.0,0.0,,,0.0,0.0,0.0,8.4,8.4,1.0,0.16
2021-07-11 23:00:00,2021,7,11,23,0.0,0.0,0.0,,,0.0,0.0,0.0,7.9,7.9,0.7,0.16
2021-07-12 00:00:00,2021,7,12,0,0.0,0.0,0.0,,,0.0,0.0,0.0,7.3,7.3,0.3,0.16
2021-07-12 01:00:00,2021,7,12,1,0.0,0.0,0.0,,,0.0,0.0,0.0,6.8,6.8,0.0,0.16
2021-07-12 02:00:00,2021,7,12,2,0.0,0.0,0.0,,,0.0,0.0,0.0,6.0,6.0,0.2,0.16
2021-07-12 03:00:00,2021,7,12,3,0.0,0.0,0.0,,,0.0,0.0,0.0,5.3,5.3,0.3,0.16
2021-07-12 04:00:00,2021,7,12,4,0.0,0.0,0.0,,,0.0,0.0,0.0,4.5,4.5,0.5,0.16
2021-07-12 05:00:00,2021,7,12,5,0.0,0.0,0.0,,,0.0,0.0,0.0,3.7,3.7,0.7,0.16
2021-07-12 06:00:00,2021,7,12,6,0.0,0.0,0.0,,,0.0,0.0,0.0,3.0,3.0,0.8,0.16
2021-07-12 07:00:00,2021,7,12,7,1.0,1.0,0.0,,,0.97,0.0,0.0,2.2,2.231,1.0,0.16
2021-07-12 08:00:00,2021,7,12,8,45.04366557251854,44.0,33.0,0.9768299147226754,alta_fd,56.716,46.887,41.262,1.0,3.654,0.0,0.16
2021-07-12 09:00:00,2021,7,12,9,176.7182875758056,116.0,283.0,0.6564119740592229,mixto,276.695,244.404,231.781,4.0,17.178,0.0,0.16
2021-07-12 10:00:00,2021,7,12,10,319.1466354372801,124.0,529.0,0.3885361342760229,mixto,500.78,420.12,401.27,9.9,33.755,0.0,0.16
2021-07-12 11:00:00,2021,7,12,11,436.18628068076515,106.0,682.0,0.24301543788714206,baja_fd,661.349,545.527,522.233,6.0,37.466,0.0,0.16
2021-07-12 12:00:00,2021,7,12,12,501.7842184792631,109.0,711.0,0.21722484682826781,baja_fd,723.341,594.19,569.172,15.0,37.788,1.5,0.16
2021-07-12 13:00:00,2021,7,12,13,506.7879345260874,101.0,713.0,0.19929440525147493,baja_fd,704.075,576.458,552.068,16.7,38.888,1.5,0.16
2021-07-12 14:00:00,2021,7,12,14,449.89710527713413,105.0,647.0,0.23338669835477288,baja_fd,610.892,514.757,492.554,17.0,32.445,2.6,0.16
2021-07-12 15:00:00,2021,7,12,15,326.87558376347437,112.0,481.0,0.3426380114124482,mixto,428.997,366.883,349.919,17.0,28.939,2.1,0.16
2021-07-12 16:00:00,2021,7,12,16,159.41460516404476,82.0,245.0,0.5143819784618752,mixto,201.885,170.924,160.904,16.0,21.59,2.1,0.16
2021-07-12 17:00:00,2021,7,12,17,17.0,17.0,0.0,1.0,alta_fd,16.092,10.003,5.685,13.0,13.346,3.1,0.16
2021-07-12 18:00:00,2021,7,12,18,0.0,0.0,0.0,,,0.0,0.0,0.0,11.0,11.0,2.1,0.16
2021-07-12 19:00:00,2021,7,12,19,0.0,0.0,0.0,,,0.0,0.0,0.0,9.6,9.6,3.6,0.16
2021-07-12 20:00:00,2021,7,12,20,0.0,0.0,0.0,,,0.0,0.0,0.0,9.0,9.0,3.1,0.16
2021-07-12 21:00:00,2021,7,12,21,0.0,0.0,0.0,,,0.0,0.0,0.0,8.0,8.0,4.1,0.16
2021-07-12 22:00:00,2021,7,12,22,0.0,0.0,0.0,,,0.0,0.0,0.0,8.6,8.6,3.6,0.16
2021-07-12 23:00:00,2021,7,12,23,0.0,0.0,0.0,,,0.0,0.0,0.0,8.5,8.5,1.0,0.16
2021-07-13 00:00:00,2021,7,13,0,0.0,0.0,0.0,,,0.0,0.0,0.0,8.3,8.3,0.5,0.16
2021-07-13 01:00:00,2021,7,13,1,0.0,0.0,0.0,,,0.0,0.0,0.0,8.2,8.2,0.0,0.16
2021-07-13 02:00:00,2021,7,13,2,0.0,0.0,0.0,,,0.0,0.0,0.0,9.0,9.0,0.0,0.16
2021-07-13 03:00:00,2021,7,13,3,0.0,0.0,0.0,,,0.0,0.0,0.0,8.0,8.0,1.0,0.16
2021-07-13 04:00:00,2021,7,13,4,0.0,0.0,0.0,,,0.0,0.0,0.0,7.6,7.6,0.0,0.16
2021-07-13 05:00:00,2021,7,13,5,0.0,0.0,0.0,,,0.0,0.0,0.0,7.0,7.0,0.0,0.16
2021-07-13 06:00:00,2021,7,13,6,0.0,0.0,0.0,,,0.0,0.0,0.0,7.0,7.0,0.0,0.16
2021-07-13 07:00:00,2021,7,13,7,0.0,0.0,0.0,,,0.0,0.0,0.0,7.4,0.0,0.0,0.16
2021-07-13 08:00:00,2021,7,13,8,15.0,15.0,0.0,1.0,alta_fd,14.181,11.075,6.719,7.0,7.498,1.0,0.16
2021-07-13 09:00:00,2021,7,13,9,61.0,61.0,0.0,1.0,alta_fd,57.853,49.347,43.635,7.0,9.349,0.5,0.16
2021-07-13 10:00:00,2021,7,13,10,107.0,107.0,0.0,1.0,alta_fd,103.287,88.562,81.46,7.0,11.895,0.0,0.16
2021-07-13 11:00:00,2021,7,13,11,139.0,139.0,0.0,1.0,alta_fd,135.051,115.39,107.338,7.0,13.388,0.0,0.16
2021-07-13 12:00:00,2021,7,13,12,155.0,155.0,0.0,1.0,alta_fd,151.023,130.003,121.433,7.8,11.591,2.6,0.16
2021-07-13 13:00:00,2021,7,13,13,151.0,151.0,0.0,1.0,alta_fd,147.013,126.011,117.582,8.6,12.657,2.1,0.16
2021-07-13 14:00:00,2021,7,13,14,129.0,129.0,0.0,1.0,alta_fd,125.106,106.198,98.472,9.0,14.921,0.0,0.16
2021-07-13 15:00:00,2021,7,13,15,90.0,90.0,0.0,1.0,alta_fd,86.412,73.784,67.206,9.0,12.061,1.0,0.16
2021-07-13 16:00:00,2021,7,13,16,43.0,43.0,0.0,1.0,alta_fd,40.741,34.044,28.874,9.0,10.281,1.5,0.16
2021-07-13 17:00:00,2021,7,13,17,5.0,5.0,0.0,,,4.72,2.776,0.0,9.0,9.076,5.1,0.16
2021-07-13 18:00:00,2021,7,13,18,0.0,0.0,0.0,,,0.0,0.0,0.0,9.0,9.0,1.0,0.16
2021-07-13 19:00:00,2021,7,13,19,0.0,0.0,0.0,,,0.0,0.0,0.0,8.8,8.8,0.0,0.16
2021-07-13 20:00:00,2021,7,13,20,0.0,0.0,0.0,,,0.0,0.0,0.0,9.0,9.0,3.1,0.16
2021-07-13 21:00:00,2021,7,13,21,0.0,0.0,0.0,,,0.0,0.0,0.0,8.7,8.7,3.1,0.16
2021-07-13 22:00:00,2021,7,13,22,0.0,0.0,0.0,,,0.0,0.0,0.0,8.4,8.4,3.1,0.16
2021-07-13 23:00:00,2021,7,13,23,0.0,0.0,0.0,,,0.0,0.0,0.0,8.0,8.0,2.6,0.16
2021-07-14 00:00:00,2021,7,14,0,0.0,0.0,0.0,,,0.0,0.0,0.0,8.0,8.0,2.1,0.16
2021-07-14 01:00:00,2021,7,14,1,0.0,0.0,0.0,,,0.0,0.0,0.0,7.6,7.6,1.0,0.16
2021-07-14 02:00:00,2021,7,14,2,0.0,0.0,0.0,,,0.0,0.0,0.0,8.0,8.0,1.0,0.16
2021-07-14 03:00:00,2021,7,14,3,0.0,0.0,0.0,,,0.0,0.0,0.0,7.0,7.0,0.0,0.16
2021-07-14 04:00:00,2021,7,14,4,0.0,0.0,0.0,,,0.0,0.0,0.0,7.0,7.0,2.1,0.16
2021-07-14 05:00:00,2021,7,14,5,0.0,0.0,0.0,,,0.0,0.0,0.0,6.5,6.5,1.0,0.16
2021-07-14 06:00:00,2021,7,14,6,0.0,0.0,0.0,,,0.0,0.0,0.0,6.0,6.0,1.0,0.16
2021-07-14 07:00:00,2021,7,14,7,0.0,0.0,0.0,,,0.0,0.0,0.0,6.2,0.0,2.1,0.16
2021-07-14 08:00:00,2021,7,14,8,16.0,16.0,0.0,1.0,alta_fd,15.129,11.905,7.52,6.2,6.682,1.4,0.16
2021-07-14 09:00:00,2021,7,14,9,62.0,62.0,0.0,1.0,alta_fd,58.851,50.438,44.687,6.1,8.358,0.7,0.16
2021-07-14 10:00:00,2021,7,14,10,107.0,107.0,0.0,1.0,alta_fd,103.258,88.843,81.731,6.1,10.993,0.0,0.16
2021-07-14 11:00:00,2021,7,14,11,387.0339339096032,328.0,121.0,0.847470909557529,alta_fd,455.659,387.003,369.327,7.5,24.948,0.7,0.16
2021-07-14 12:00:00,2021,7,14,12,504.7026378150079,163.0,614.0,0.3229624491476217,mixto,707.078,594.284,569.263,9.0,31.26,1.5,0.16
2021-07-14 13:00:00,2021,7,14,13,516.8842779007034,104.0,720.0,0.20120557820483567,baja_fd,715.272,590.428,565.543,14.2,36.738,1.5,0.16
2021-07-14 14:00:00,2021,7,14,14,459.91552381863846,103.0,664.0,0.22395417128954462,baja_fd,623.004,516.324,494.065,17.0,36.652,1.5,0.16
2021-07-14 15:00:00,2021,7,14,15,336.5928412092402,111.0,500.0,0.32977528458781974,mixto,440.722,362.214,345.415,18.0,39.009,0.0,0.16
2021-07-14 16:00:00,2021,7,14,16,167.76791887596053,80.0,274.0,0.4768492125073574,mixto,219.292,181.099,170.718,18.3,28.703,0.0,0.16
2021-07-14 17:00:00,2021,7,14,17,18.0,18.0,0.0,1.0,alta_fd,17.042,10.582,6.243,16.0,16.401,2.6,0.16
2021-07-14 18:00:00,2021,7,14,18,0.0,0.0,0.0,,,0.0,0.0,0.0,14.0,14.0,2.1,0.16
2021-07-14 19:00:00,2021,7,14,19,0.0,0.0,0.0,,,0.0,0.0,0.0,11.4,11.4,2.6,0.16
2021-07-14 20:00:00,2021,7,14,20,0.0,0.0,0.0,,,0.0,0.0,0.0,11.0,11.0,2.1,0.16
2021-07-14 21:00:00,2021,7,14,21,0.0,0.0,0.0,,,0.0,0.0,0.0,10.0,10.0,1.5,0.16
2021-07-14 22:00:00,2021,7,14,22,0.0,0.0,0.0,,,0.0,0.0,0.0,9.8,9.8,2.1,0.16
2021-07-14 23:00:00,2021,7,14,23,0.0,0.0,0.0,,,0.0,0.0,0.0,9.0,9.0,1.0,0.16
2021-07-15 00:00:00,2021,7,15,0,0.0,0.0,0.0,,,0.0,0.0,0.0,8.0,8.0,0.0,0.16
2021-07-15 01:00:00,2021,7,15,1,0.0,0.0,0.0,,,0.0,0.0,0.0,7.9,7.9,0.0,0.16
2021-07-15 02:00:00,2021,7,15,2,0.0,0.0,0.0,,,0.0,0.0,0.0,8.0,8.0,0.0,0.16
2021-07-15 03:00:00,2021,7,15,3,0.0,0.0,0.0,,,0.0,0.0,0.0,8.0,8.0,2.1,0.16
2021-07-15 04:00:00,2021,7,15,4,0.0,0.0,0.0,,,0.0,0.0,0.0,7.8,7.8,1.0,0.16
2021-07-15 05:00:00,2021,7,15,5,0.0,0.0,0.0,,,0.0,0.0,0.0,8.0,8.0,2.1,0.16
2021-07-15 06:00:00,2021,7,15,6,0.0,0.0,0.0,,,0.0,0.0,0.0,7.7,7.7,1.8,0.16
2021-07-15 07:00:00,2021,7,15,7,1.0,1.0,0.0,,,0.97,0.0,0.0,7.5,7.527,1.5,0.16
2021-07-15 08:00:00,2021,7,15,8,41.31816465490684,41.0,9.0,0.992299642117113,alta_fd,43.24,35.061,29.855,7.0,9.031,0.0,0.16
2021-07-15 09:00:00,2021,7,15,9,139.45355657615985,125.0,66.0,0.896355769397202,alta_fd,165.87,145.3,136.187,9.0,13.603,2.1,0.16
2021-07-15 10:00:00,2021,7,15,10,203.23640277772583,198.0,14.0,0.9742349170416447,alta_fd,210.494,184.886,174.371,8.4,12.052,5.1,0.16
2021-07-15 11:00:00,2021,7,15,11,228.91915028666884,225.0,8.0,0.982879762214035,alta_fd,232.775,203.085,191.925,9.0,12.546,6.2,0.16
2021-07-15 12:00:00,2021,7,15,12,207.67607680280935,206.0,3.0,0.9919293698695936,alta_fd,206.983,177.906,167.639,11.0,14.58,5.1,0.16
2021-07-15 13:00:00,2021,7,15,13,153.0,153.0,0.0,1.0,alta_fd,148.996,127.331,118.856,10.5,13.444,4.1,0.16
2021-07-15 14:00:00,2021,7,15,14,174.0797195956691,173.0,2.0,0.9937975566701455,alta_fd,172.623,149.263,140.011,10.0,12.99,5.1,0.16
2021-07-15 15:00:00,2021,7,15,15,150.2675542337591,148.0,5.0,0.9849098879307527,alta_fd,150.817,130.338,121.756,10.0,14.177,2.1,0.16
2021-07-15 16:00:00,2021,7,15,16,83.29029044215616,82.0,4.0,0.9845085131135153,alta_fd,83.112,70.636,64.169,10.3,13.245,1.0,0.16
2021-07-15 17:00:00,2021,7,15,17,11.0,11.0,0.0,1.0,alta_fd,10.398,6.663,2.464,10.0,10.464,0.0,0.16
2021-07-15 18:00:00,2021,7,15,18,0.0,0.0,0.0,,,0.0,0.0,0.0,9.0,9.0,1.0,0.16
2021-07-15 19:00:00,2021,7,15,19,0.0,0.0,0.0,,,0.0,0.0,0.0,8.0,8.0,0.0,0.16
2021-07-15 20:00:00,2021,7,15,20,0.0,0.0,0.0,,,0.0,0.0,0.0,9.0,9.0,0.0,0.16
2021-07-15 21:00:00,2021,7,15,21,0.0,0.0,0.0,,,0.0,0.0,0.0,9.0,9.0,1.0,0.16
2021-07-15 22:00:00,2021,7,15,22,0.0,0.0,0.0,,,0.0,0.0,0.0,9.0,9.0,0.0,0.16
2021-07-15 23:00:00,2021,7,15,23,0.0,0.0,0.0,,,0.0,0.0,0.0,9.0,9.0,0.0,0.16
2021-07-16 00:00:00,2021,7,16,0,0.0,0.0,0.0,,,0.0,0.0,0.0,9.0,9.0,1.5,0.16
2021-07-16 01:00:00,2021,7,16,1,0.0,0.0,0.0,,,0.0,0.0,0.0,8.8,8.8,1.0,0.16
2021-07-16 02:00:00,2021,7,16,2,0.0,0.0,0.0,,,0.0,0.0,0.0,8.0,8.0,2.1,0.16
2021-07-16 03:00:00,2021,7,16,3,0.0,0.0,0.0,,,0.0,0.0,0.0,8.0,8.0,2.1,0.16
2021-07-16 04:00:00,2021,7,16,4,0.0,0.0,0.0,,,0.0,0.0,0.0,8.0,8.0,2.6,0.16
2021-07-16 05:00:00,2021,7,16,5,0.0,0.0,0.0,,,0.0,0.0,0.0,8.0,8.0,1.5,0.16
2021-07-16 06:00:00,2021,7,16,6,0.0,0.0,0.0,,,0.0,0.0,0.0,8.0,8.0,1.5,0.16
2021-07-16 07:00:00,2021,7,16,7,1.0,1.0,0.0,,,0.97,0.0,0.0,7.2,7.227,1.5,0.16
2021-07-16 08:00:00,2021,7,16,8,48.05948581520848,46.0,56.0,0.9571471525282788,alta_fd,69.679,56.412,50.45,7.0,10.259,0.0,0.16
2021-07-16 09:00:00,2021,7,16,9,171.7295046837131,102.0,316.0,0.5939573411561452,mixto,284.851,250.326,237.493,9.0,19.135,1.0,0.16
2021-07-16 10:00:00,2021,7,16,10,295.17711842546043,173.0,325.0,0.586088789411659,mixto,413.963,362.713,345.897,10.8,20.393,3.1,0.16
2021-07-16 11:00:00,2021,7,16,11,383.3747615227867,222.0,328.0,0.579067852871178,mixto,507.622,434.875,415.502,11.0,25.068,2.1,0.16
2021-07-16 12:00:00,2021,7,16,12,414.91925986813976,227.0,335.0,0.5470943915019515,mixto,535.652,436.262,416.84,12.0,37.408,0.0,0.16
2021-07-16 13:00:00,2021,7,16,13,387.7600888659355,260.0,221.0,0.670517692422679,mixto,466.574,391.843,373.995,13.8,28.455,1.5,0.16
2021-07-16 14:00:00,2021,7,16,14,312.67829158143786,227.0,158.0,0.7259858010989461,alta_fd,367.343,321.218,305.872,6.0,17.548,1.5,0.16
2021-07-16 15:00:00,2021,7,16,15,202.75129180548834,164.0,85.0,0.8088727748148465,alta_fd,224.873,199.376,188.348,6.0,12.237,2.1,0.16
2021-07-16 16:00:00,2021,7,16,16,84.94925347999192,83.0,6.0,0.977053906889823,alta_fd,84.983,71.444,64.949,13.8,16.154,2.1,0.16
2021-07-16 17:00:00,2021,7,16,17,15.0,15.0,0.0,1.0,alta_fd,14.192,8.979,4.697,13.0,13.368,2.1,0.16
2021-07-16 18:00:00,2021,7,16,18,0.0,0.0,0.0,,,0.0,0.0,0.0,11.8,11.8,2.1,0.16
2021-07-16 19:00:00,2021,7,16,19,0.0,0.0,0.0,,,0.0,0.0,0.0,10.6,10.6,2.1,0.16
2021-07-16 20:00:00,2021,7,16,20,0.0,0.0,0.0,,,0.0,0.0,0.0,10.0,10.0,1.5,0.16
2021-07-16 21:00:00,2021,7,16,21,0.0,0.0,0.0,,,0.0,0.0,0.0,9.0,9.0,1.5,0.16
2021-07-16 22:00:00,2021,7,16,22,0.0,0.0,0.0,,,0.0,0.0,0.0,9.1,9.1,1.0,0.16
2021-07-16 23:00:00,2021,7,16,23,0.0,0.0,0.0,,,0.0,0.0,0.0,7.0,7.0,0.0,0.16
2021-07-17 00:00:00,2021,7,17,0,0.0,0.0,0.0,,,0.0,0.0,0.0,6.0,6.0,0.0,0.16
2021-07-17 01:00:00,2021,7,17,1,0.0,0.0,0.0,,,0.0,0.0,0.0,5.5,5.5,0.0,0.16
2021-07-17 02:00:00,2021,7,17,2,0.0,0.0,0.0,,,0.0,0.0,0.0,5.7,5.7,0.0,0.16
2021-07-17 03:00:00,2021,7,17,3,0.0,0.0,0.0,,,0.0,0.0,0.0,6.0,6.0,0.0,0.16
2021-07-17 04:00:00,2021,7,17,4,0.0,0.0,0.0,,,0.0,0.0,0.0,5.7,5.7,0.0,0.16
2021-07-17 05:00:00,2021,7,17,5,0.0,0.0,0.0,,,0.0,0.0,0.0,5.0,5.0,0.0,0.16
2021-07-17 06:00:00,2021,7,17,6,0.0,0.0,0.0,,,0.0,0.0,0.0,4.4,4.4,0.0,0.16
2021-07-17 07:00:00,2021,7,17,7,1.0,1.0,0.0,,,0.97,0.0,0.0,3.9,3.941,0.0,0.16
2021-07-17 08:00:00,2021,7,17,8,42.0,42.0,0.0,1.0,alta_fd,41.475,34.255,29.078,5.0,6.14,2.1,0.16
2021-07-17 09:00:00,2021,7,17,9,118.78126036442971,115.0,17.0,0.9681661875549348,alta_fd,123.771,107.31,99.544,7.0,12.879,0.0,0.16
2021-07-17 10:00:00,2021,7,17,10,109.0,109.0,0.0,1.0,alta_fd,105.215,90.636,83.461,8.1,10.748,2.6,0.16
2021-07-17 11:00:00,2021,7,17,11,266.02940193612125,226.0,81.0,0.849530158528368,alta_fd,300.77,252.807,239.886,11.0,25.247,0.0,0.16
2021-07-17 12:00:00,2021,7,17,12,392.5148948025867,250.0,253.0,0.6369185050308376,mixto,495.087,414.425,395.777,14.0,29.551,1.5,0.16
2021-07-17 13:00:00,2021,7,17,13,455.9256378127477,215.0,415.0,0.471568129029634,mixto,594.77,502.282,480.521,15.2,28.952,3.1,0.16
2021-07-17 14:00:00,2021,7,17,14,365.4236114093351,202.0,300.0,0.5527831089538614,mixto,453.561,389.204,371.449,15.0,24.692,3.6,0.16
2021-07-17 15:00:00,2021,7,17,15,226.87645290774103,165.0,135.0,0.7272680698472354,alta_fd,264.338,229.995,217.882,14.0,18.904,4.6,0.16
2021-07-17 16:00:00,2021,7,17,16,85.96336855736662,84.0,6.0,0.977160404596565,alta_fd,85.981,72.763,66.221,13.0,14.706,4.1,0.16
2021-07-17 17:00:00,2021,7,17,17,11.0,11.0,0.0,1.0,alta_fd,10.398,6.682,2.481,12.0,12.21,3.6,0.16
2021-07-17 18:00:00,2021,7,17,18,0.0,0.0,0.0,,,0.0,0.0,0.0,11.0,11.0,3.1,0.16
2021-07-17 19:00:00,2021,7,17,19,0.0,0.0,0.0,,,0.0,0.0,0.0,10.1,10.1,2.1,0.16
2021-07-17 20:00:00,2021,7,17,20,0.0,0.0,0.0,,,0.0,0.0,0.0,10.1,10.1,2.1,0.16
2021-07-17 21:00:00,2021,7,17,21,0.0,0.0,0.0,,,0.0,0.0,0.0,10.0,10.0,0.5,0.16
2021-07-17 22:00:00,2021,7,17,22,0.0,0.0,0.0,,,0.0,0.0,0.0,9.2,9.2,2.1,0.16
2021-07-17 23:00:00,2021,7,17,23,0.0,0.0,0.0,,,0.0,0.0,0.0,8.0,8.0,2.1,0.16
2021-07-18 00:00:00,2021,7,18,0,0.0,0.0,0.0,,,0.0,0.0,0.0,8.0,8.0,1.5,0.16
2021-07-18 01:00:00,2021,7,18,1,0.0,0.0,0.0,,,0.0,0.0,0.0,7.8,7.8,1.5,0.16
2021-07-18 02:00:00,2021,7,18,2,0.0,0.0,0.0,,,0.0,0.0,0.0,8.0,8.0,2.1,0.16
2021-07-18 03:00:00,2021,7,18,3,0.0,0.0,0.0,,,0.0,0.0,0.0,7.0,7.0,1.5,0.16
2021-07-18 04:00:00,2021,7,18,4,0.0,0.0,0.0,,,0.0,0.0,0.0,8.9,8.9,0.0,0.16
2021-07-18 05:00:00,2021,7,18,5,0.0,0.0,0.0,,,0.0,0.0,0.0,9.0,9.0,1.0,0.16
2021-07-18 06:00:00,2021,7,18,6,0.0,0.0,0.0,,,0.0,0.0,0.0,8.0,8.0,0.0,0.16
2021-07-18 07:00:00,2021,7,18,7,0.0,0.0,0.0,,,0.0,0.0,0.0,8.0,0.0,0.5,0.16
2021-07-18 08:00:00,2021,7,18,8,27.0,27.0,0.0,1.0,alta_fd,25.566,20.417,15.73,8.5,9.473,0.7,0.16
2021-07-18 09:00:00,2021,7,18,9,111.2428518645212,109.0,10.0,0.9798382383503375,alta_fd,113.473,97.957,90.523,9.0,13.024,1.0,0.16
2021-07-18 10:00:00,2021,7,18,10,206.32018693629462,201.0,14.0,0.9742139292558061,alta_fd,213.389,183.397,172.935,11.0,17.703,1.5,0.16
2021-07-18 11:00:00,2021,7,18,11,349.1256850134486,226.0,248.0,0.6473313471373333,mixto,450.948,380.515,363.068,12.0,27.976,1.0,0.16
2021-07-18 12:00:00,2021,7,18,12,455.77872616167434,221.0,415.0,0.4848844127964117,mixto,606.969,499.217,477.564,14.0,35.506,1.0,0.16
2021-07-18 13:00:00,2021,7,18,13,496.92677214278865,157.0,583.0,0.31594192303828433,mixto,671.968,555.306,531.666,14.4,35.554,1.5,0.16
2021-07-18 14:00:00,2021,7,18,14,457.50975141937073,116.0,624.0,0.25354650833151315,baja_fd,612.63,506.688,484.771,15.0,36.768,1.0,0.16
2021-07-18 15:00:00,2021,7,18,15,344.33712825472765,107.0,515.0,0.3107419770337558,mixto,452.466,386.641,368.977,15.0,29.292,1.5,0.16
2021-07-18 16:00:00,2021,7,18,16,177.26263619500668,82.0,289.0,0.46259043507505876,mixto,229.376,194.425,183.572,15.0,23.13,1.0,0.16
2021-07-18 17:00:00,2021,7,18,17,20.0,20.0,0.0,1.0,alta_fd,18.941,12.7,8.286,13.0,13.639,1.0,0.16
2021-07-18 18:00:00,2021,7,18,18,0.0,0.0,0.0,,,0.0,0.0,0.0,11.0,11.0,1.0,0.16
2021-07-18 19:00:00,2021,7,18,19,0.0,0.0,0.0,,,0.0,0.0,0.0,9.4,9.4,1.0,0.16
2021-07-18 20:00:00,2021,7,18,20,0.0,0.0,0.0,,,0.0,0.0,0.0,9.0,9.0,0.0,0.16
2021-07-18 21:00:00,2021,7,18,21,0.0,0.0,0.0,,,0.0,0.0,0.0,7.0,7.0,2.1,0.16
2021-07-18 22:00:00,2021,7,18,22,0.0,0.0,0.0,,,0.0,0.0,0.0,5.0,5.0,3.1,0.16
2021-07-18 23:00:00,2021,7,18,23,0.0,0.0,0.0,,,0.0,0.0,0.0,5.0,5.0,2.6,0.16
2021-07-19 00:00:00,2021,7,19,0,0.0,0.0,0.0,,,0.0,0.0,0.0,4.5,4.5,2.1,0.16
2021-07-19 01:00:00,2021,7,19,1,0.0,0.0,0.0,,,0.0,0.0,0.0,4.0,4.0,0.5,0.16
2021-07-19 02:00:00,2021,7,19,2,0.0,0.0,0.0,,,0.0,0.0,0.0,4.0,4.0,1.5,0.16
2021-07-19 03:00:00,2021,7,19,3,0.0,0.0,0.0,,,0.0,0.0,0.0,3.0,3.0,0.0,0.16
2021-07-19 04:00:00,2021,7,19,4,0.0,0.0,0.0,,,0.0,0.0,0.0,0.0,0.0,1.5,0.16
2021-07-19 05:00:00,2021,7,19,5,0.0,0.0,0.0,,,0.0,0.0,0.0,-0.3,-0.3,2.1,0.16
2021-07-19 06:00:00,2021,7,19,6,0.0,0.0,0.0,,,0.0,0.0,0.0,-0.5,-0.5,0.5,0.16
2021-07-19 07:00:00,2021,7,19,7,0.0,0.0,0.0,,,0.0,0.0,0.0,-0.8,0.0,0.0,0.16
2021-07-19 08:00:00,2021,7,19,8,46.79043548135009,46.0,19.0,0.9831069005189075,alta_fd,54.047,45.436,39.862,0.0,2.539,0.0,0.16
2021-07-19 09:00:00,2021,7,19,9,189.45470026826916,120.0,307.0,0.6333967952765446,mixto,294.404,258.962,245.823,5.0,19.026,0.0,0.16
2021-07-19 10:00:00,2021,7,19,10,335.3797911491239,116.0,574.0,0.3458765347862643,mixto,530.201,443.926,424.232,9.1,34.354,0.0,0.16
2021-07-19 11:00:00,2021,7,19,11,456.1845763272283,103.0,708.0,0.22578580106600646,baja_fd,684.291,548.09,524.706,12.0,44.55,0.0,0.16
2021-07-19 12:00:00,2021,7,19,12,524.4584786494115,96.0,754.0,0.18304594912302638,baja_fd,748.162,582.991,558.37,15.0,50.564,0.0,0.16
2021-07-19 13:00:00,2021,7,19,13,533.2899892949722,104.0,733.0,0.19501584895207127,baja_fd,731.825,566.021,542.001,17.6,52.39,0.0,0.16
2021-07-19 14:00:00,2021,7,19,14,475.5842290775227,100.0,683.0,0.21026769578538626,baja_fd,638.984,504.452,482.614,18.0,48.41,0.0,0.16
2021-07-19 15:00:00,2021,7,19,15,351.9731821420944,111.0,520.0,0.31536493582965197,mixto,456.695,371.173,354.057,20.0,41.767,0.0,0.16
2021-07-19 16:00:00,2021,7,19,16,180.62633079701635,82.0,297.0,0.45397589398053867,mixto,233.216,195.054,184.179,19.4,26.737,1.5,0.16
2021-07-19 17:00:00,2021,7,19,17,21.0,21.0,0.0,1.0,alta_fd,19.893,12.973,8.549,17.0,17.895,0.0,0.16
2021-07-19 18:00:00,2021,7,19,18,0.0,0.0,0.0,,,0.0,0.0,0.0,13.0,13.0,1.5,0.16
2021-07-19 19:00:00,2021,7,19,19,0.0,0.0,0.0,,,0.0,0.0,0.0,8.6,8.6,1.0,0.16
2021-07-19 20:00:00,2021,7,19,20,0.0,0.0,0.0,,,0.0,0.0,0.0,8.0,8.0,1.0,0.16
2021-07-19 21:00:00,2021,7,19,21,0.0,0.0,0.0,,,0.0,0.0,0.0,6.0,6.0,1.5,0.16
2021-07-19 22:00:00,2021,7,19,22,0.0,0.0,0.0,,,0.0,0.0,0.0,4.4,4.4,1.5,0.16
2021-07-19 23:00:00,2021,7,19,23,0.0,0.0,0.0,,,0.0,0.0,0.0,4.0,4.0,0.5,0.16
2021-07-20 00:00:00,2021,7,20,0,0.0,0.0,0.0,,,0.0,0.0,0.0,4.0,4.0,0.5,0.16
2021-07-20 01:00:00,2021,7,20,1,0.0,0.0,0.0,,,0.0,0.0,0.0,3.8,3.8,1.5,0.16
2021-07-20 02:00:00,2021,7,20,2,0.0,0.0,0.0,,,0.0,0.0,0.0,2.0,2.0,0.0,0.16
2021-07-20 03:00:00,2021,7,20,3,0.0,0.0,0.0,,,0.0,0.0,0.0,1.0,1.0,1.0,0.16
2021-07-20 04:00:00,2021,7,20,4,0.0,0.0,0.0,,,0.0,0.0,0.0,-0.3,-0.3,0.0,0.16
2021-07-20 05:00:00,2021,7,20,5,0.0,0.0,0.0,,,0.0,0.0,0.0,-0.5,-0.5,1.5,0.16
2021-07-20 06:00:00,2021,7,20,6,0.0,0.0,0.0,,,0.0,0.0,0.0,-0.8,-0.8,0.7,0.16
2021-07-20 07:00:00,2021,7,20,7,1.0,1.0,0.0,,,0.97,0.0,0.0,-1.0,-0.959,0.0,0.16
2021-07-20 08:00:00,2021,7,20,8,52.34323770699259,50.0,54.0,0.9552332295508813,alta_fd,73.616,61.405,55.266,2.5,5.076,1.0,0.16
2021-07-20 09:00:00,2021,7,20,9,181.58330714618867,101.0,353.0,0.5562185290451129,mixto,303.501,272.29,258.678,6.0,14.446,2.1,0.16
2021-07-20 10:00:00,2021,7,20,10,323.16015889730284,139.0,479.0,0.4301272795331582,mixto,489.033,414.777,396.116,10.4,30.312,0.5,0.16
2021-07-20 11:00:00,2021,7,20,11,421.07253189967264,202.0,437.0,0.47972732652181116,mixto,581.598,482.102,461.056,13.7,34.326,1.0,0.16
2021-07-20 12:00:00,2021,7,20,12,448.62542143965294,222.0,397.0,0.49484489596598225,mixto,594.436,488.152,466.891,17.0,35.687,1.5,0.16
2021-07-20 13:00:00,2021,7,20,13,401.4964970159474,245.0,266.0,0.6102170300884807,mixto,497.984,406.404,388.04,18.5,36.129,1.0,0.16
2021-07-20 14:00:00,2021,7,20,14,350.384268469399,236.0,207.0,0.6735462212128716,mixto,414.672,338.737,322.77,19.0,35.827,0.5,0.16
2021-07-20 15:00:00,2021,7,20,15,252.50581528856327,184.0,147.0,0.728696088799876,alta_fd,294.208,243.671,231.073,20.0,31.959,0.5,0.16
2021-07-20 16:00:00,2021,7,20,16,125.75052821030839,103.0,68.0,0.8190820465401161,alta_fd,139.254,116.921,108.815,17.5,21.359,2.1,0.16
2021-07-20 17:00:00,2021,7,20,17,19.0,19.0,0.0,1.0,alta_fd,17.989,12.052,7.661,15.0,15.433,2.6,0.16
2021-07-20 18:00:00,2021,7,20,18,0.0,0.0,0.0,,,0.0,0.0,0.0,12.0,12.0,2.6,0.16
2021-07-20 19:00:00,2021,7,20,19,0.0,0.0,0.0,,,0.0,0.0,0.0,10.2,10.2,0.5,0.16
2021-07-20 20:00:00,2021,7,20,20,0.0,0.0,0.0,,,0.0,0.0,0.0,8.0,8.0,2.6,0.16
2021-07-20 21:00:00,2021,7,20,21,0.0,0.0,0.0,,,0.0,0.0,0.0,8.0,8.0,2.6,0.16
2021-07-20 22:00:00,2021,7,20,22,0.0,0.0,0.0,,,0.0,0.0,0.0,5.0,5.0,2.6,0.16
2021-07-20 23:00:00,2021,7,20,23,0.0,0.0,0.0,,,0.0,0.0,0.0,5.0,5.0,2.1,0.16
2021-07-21 00:00:00,2021,7,21,0,0.0,0.0,0.0,,,0.0,0.0,0.0,6.0,6.0,2.6,0.16
2021-07-21 01:00:00,2021,7,21,1,0.0,0.0,0.0,,,0.0,0.0,0.0,6.4,6.4,3.1,0.16
2021-07-21 02:00:00,2021,7,21,2,0.0,0.0,0.0,,,0.0,0.0,0.0,6.7,6.7,2.0,0.16
2021-07-21 03:00:00,2021,7,21,3,0.0,0.0,0.0,,,0.0,0.0,0.0,7.0,7.0,1.0,0.16
2021-07-21 04:00:00,2021,7,21,4,0.0,0.0,0.0,,,0.0,0.0,0.0,4.9,4.9,2.1,0.16
2021-07-21 05:00:00,2021,7,21,5,0.0,0.0,0.0,,,0.0,0.0,0.0,5.0,5.0,2.6,0.16
2021-07-21 06:00:00,2021,7,21,6,0.0,0.0,0.0,,,0.0,0.0,0.0,5.0,5.0,2.1,0.16
2021-07-21 07:00:00,2021,7,21,7,0.0,0.0,0.0,,,0.0,0.0,0.0,4.8,0.0,2.6,0.16
2021-07-21 08:00:00,2021,7,21,8,18.0,18.0,0.0,1.0,alta_fd,17.023,13.697,9.248,4.0,4.532,1.5,0.16
2021-07-21 09:00:00,2021,7,21,9,66.0,66.0,0.0,1.0,alta_fd,62.767,54.444,48.551,4.0,5.975,1.5,0.16
2021-07-21 10:00:00,2021,7,21,10,113.0,113.0,0.0,1.0,alta_fd,109.17,94.317,87.011,5.0,10.172,0.0,0.16
2021-07-21 11:00:00,2021,7,21,11,236.61962465664246,221.0,31.0,0.9339884649073042,alta_fd,255.769,221.801,209.978,6.0,15.038,1.0,0.16
2021-07-21 12:00:00,2021,7,21,12,342.1461871224538,263.0,138.0,0.7686772785980881,alta_fd,404.166,337.505,321.582,9.0,28.134,0.0,0.16
2021-07-21 13:00:00,2021,7,21,13,401.9066109248034,250.0,257.0,0.6220350529311769,mixto,496.689,428.873,409.713,11.6,21.441,4.1,0.16
2021-07-21 14:00:00,2021,7,21,14,293.52793826417826,228.0,118.0,0.7767574062909051,alta_fd,338.9,293.611,279.244,13.0,18.88,5.1,0.16
2021-07-21 15:00:00,2021,7,21,15,159.90520730769174,151.0,19.0,0.9443094602256684,alta_fd,162.021,139.925,131.003,12.0,15.082,4.4,0.16
2021-07-21 16:00:00,2021,7,21,16,48.0,48.0,0.0,1.0,alta_fd,45.491,37.999,32.689,10.8,11.772,3.6,0.16
2021-07-21 17:00:00,2021,7,21,17,7.0,7.0,0.0,,,6.611,4.431,0.31,9.0,9.16,2.6,0.16
2021-07-21 18:00:00,2021,7,21,18,0.0,0.0,0.0,,,0.0,0.0,0.0,9.0,9.0,2.1,0.16
2021-07-21 19:00:00,2021,7,21,19,0.0,0.0,0.0,,,0.0,0.0,0.0,8.3,8.3,1.5,0.16
2021-07-21 20:00:00,2021,7,21,20,0.0,0.0,0.0,,,0.0,0.0,0.0,8.0,8.0,1.5,0.16
2021-07-21 21:00:00,2021,7,21,21,0.0,0.0,0.0,,,0.0,0.0,0.0,8.1,8.1,1.2,0.16
2021-07-21 22:00:00,2021,7,21,22,0.0,0.0,0.0,,,0.0,0.0,0.0,8.3,8.3,1.0,0.16
2021-07-21 23:00:00,2021,7,21,23,0.0,0.0,0.0,,,0.0,0.0,0.0,8.0,8.0,1.5,0.16
2021-07-22 00:00:00,2021,7,22,0,0.0,0.0,0.0,,,0.0,0.0,0.0,7.6,7.6,1.2,0.16
2021-07-22 01:00:00,2021,7,22,1,0.0,0.0,0.0,,,0.0,0.0,0.0,7.2,7.2,1.0,0.16
2021-07-22 02:00:00,2021,7,22,2,0.0,0.0,0.0,,,0.0,0.0,0.0,7.0,7.0,0.0,0.16
2021-07-22 03:00:00,2021,7,22,3,0.0,0.0,0.0,,,0.0,0.0,0.0,7.0,7.0,1.5,0.16
2021-07-22 04:00:00,2021,7,22,4,0.0,0.0,0.0,,,0.0,0.0,0.0,6.3,6.3,1.5,0.16
2021-07-22 05:00:00,2021,7,22,5,0.0,0.0,0.0,,,0.0,0.0,0.0,5.6,5.6,0.7,0.16
2021-07-22 06:00:00,2021,7,22,6,0.0,0.0,0.0,,,0.0,0.0,0.0,5.0,5.0,0.0,0.16
2021-07-22 07:00:00,2021,7,22,7,0.0,0.0,0.0,,,0.0,0.0,0.0,4.4,0.0,0.0,0.16
2021-07-22 08:00:00,2021,7,22,8,18.0,18.0,0.0,1.0,alta_fd,17.023,13.651,9.204,5.0,5.532,1.5,0.16
2021-07-22 09:00:00,2021,7,22,9,66.0,66.0,0.0,1.0,alta_fd,62.744,53.658,47.793,8.0,9.451,3.1,0.16
2021-07-22 10:00:00,2021,7,22,10,113.0,113.0,0.0,1.0,alta_fd,109.129,93.455,86.18,9.6,12.346,2.6,0.16
2021-07-22 11:00:00,2021,7,22,11,147.0,147.0,0.0,1.0,alta_fd,142.911,122.046,113.758,10.0,13.589,2.6,0.16
2021-07-22 12:00:00,2021,7,22,12,163.0,163.0,0.0,1.0,alta_fd,158.864,134.097,125.382,11.0,16.604,1.0,0.16
2021-07-22 13:00:00,2021,7,22,13,159.0,159.0,0.0,1.0,alta_fd,154.85,129.83,121.266,12.0,18.257,0.5,0.16
2021-07-22 14:00:00,2021,7,22,14,137.0,137.0,0.0,1.0,alta_fd,132.949,112.34,104.396,12.0,16.168,1.5,0.16
2021-07-22 15:00:00,2021,7,22,15,98.0,98.0,0.0,1.0,alta_fd,94.284,79.756,72.966,11.0,14.823,0.5,0.16
2021-07-22 16:00:00,2021,7,22,16,49.0,49.0,0.0,1.0,alta_fd,46.442,38.622,33.29,11.4,13.046,1.0,0.16
2021-07-22 17:00:00,2021,7,22,17,7.0,7.0,0.0,,,6.611,4.456,0.335,10.7,10.959,0.5,0.16
2021-07-22 18:00:00,2021,7,22,18,0.0,0.0,0.0,,,0.0,0.0,0.0,10.0,10.0,0.0,0.16
2021-07-22 19:00:00,2021,7,22,19,0.0,0.0,0.0,,,0.0,0.0,0.0,9.4,9.4,0.0,0.16
2021-07-22 20:00:00,2021,7,22,20,0.0,0.0,0.0,,,0.0,0.0,0.0,9.0,9.0,1.0,0.16
2021-07-22 21:00:00,2021,7,22,21,0.0,0.0,0.0,,,0.0,0.0,0.0,9.0,9.0,3.1,0.16
2021-07-22 22:00:00,2021,7,22,22,0.0,0.0,0.0,,,0.0,0.0,0.0,7.8,7.8,1.0,0.16
2021-07-22 23:00:00,2021,7,22,23,0.0,0.0,0.0,,,0.0,0.0,0.0,6.0,6.0,2.6,0.16
2021-07-23 00:00:00,2021,7,23,0,0.0,0.0,0.0,,,0.0,0.0,0.0,6.0,6.0,1.5,0.16
2021-07-23 01:00:00,2021,7,23,1,0.0,0.0,0.0,,,0.0,0.0,0.0,4.2,4.2,0.5,0.16
2021-07-23 02:00:00,2021,7,23,2,0.0,0.0,0.0,,,0.0,0.0,0.0,3.0,3.0,2.1,0.16
2021-07-23 03:00:00,2021,7,23,3,0.0,0.0,0.0,,,0.0,0.0,0.0,4.0,4.0,2.1,0.16
2021-07-23 04:00:00,2021,7,23,4,0.0,0.0,0.0,,,0.0,0.0,0.0,5.4,5.4,1.5,0.16
2021-07-23 05:00:00,2021,7,23,5,0.0,0.0,0.0,,,0.0,0.0,0.0,4.7,4.7,1.5,0.16
2021-07-23 06:00:00,2021,7,23,6,0.0,0.0,0.0,,,0.0,0.0,0.0,4.0,4.0,1.5,0.16
2021-07-23 07:00:00,2021,7,23,7,0.0,0.0,0.0,,,0.0,0.0,0.0,4.6,0.0,0.0,0.16
2021-07-23 08:00:00,2021,7,23,8,19.0,19.0,0.0,1.0,alta_fd,17.97,14.519,10.041,4.0,4.633,1.0,0.16
2021-07-23 09:00:00,2021,7,23,9,67.0,67.0,0.0,1.0,alta_fd,63.732,55.066,49.151,4.8,7.059,1.0,0.16
2021-07-23 10:00:00,2021,7,23,10,114.0,114.0,0.0,1.0,alta_fd,110.112,95.377,88.033,5.6,9.495,1.0,0.16
2021-07-23 11:00:00,2021,7,23,11,408.6514325936235,345.0,125.0,0.8442402803052924,alta_fd,477.534,401.791,383.59,7.8,27.14,0.5,0.16
2021-07-23 12:00:00,2021,7,23,12,532.0040664697863,155.0,651.0,0.2913511564460998,baja_fd,738.475,586.792,562.036,10.0,45.071,0.0,0.16
2021-07-23 13:00:00,2021,7,23,13,547.3552291222306,95.0,758.0,0.17356187526032646,baja_fd,747.414,590.306,565.426,11.8,47.327,0.0,0.16
2021-07-23 14:00:00,2021,7,23,14,489.20196398276863,101.0,692.0,0.20645869689018168,baja_fd,651.688,546.284,522.964,12.9,33.449,1.5,0.16
2021-07-23 15:00:00,2021,7,23,15,364.318898575576,113.0,530.0,0.3101678239635948,mixto,472.505,410.451,391.943,14.0,24.97,3.1,0.16
2021-07-23 16:00:00,2021,7,23,16,191.45346575846037,85.0,311.0,0.4439721143895972,mixto,244.226,211.555,200.095,13.5,18.719,3.6,0.16
2021-07-23 17:00:00,2021,7,23,17,23.0,23.0,0.0,1.0,alta_fd,21.927,15.447,10.936,11.8,12.322,2.7,0.16
2021-07-23 18:00:00,2021,7,23,18,0.0,0.0,0.0,,,0.0,0.0,0.0,10.1,10.1,1.9,0.16
2021-07-23 19:00:00,2021,7,23,19,0.0,0.0,0.0,,,0.0,0.0,0.0,8.4,8.4,1.0,0.16
2021-07-23 20:00:00,2021,7,23,20,0.0,0.0,0.0,,,0.0,0.0,0.0,6.7,6.7,0.5,0.16
2021-07-23 21:00:00,2021,7,23,21,0.0,0.0,0.0,,,0.0,0.0,0.0,5.0,5.0,0.0,0.16
2021-07-23 22:00:00,2021,7,23,22,0.0,0.0,0.0,,,0.0,0.0,0.0,4.9,4.9,0.5,0.16
2021-07-23 23:00:00,2021,7,23,23,0.0,0.0,0.0,,,0.0,0.0,0.0,3.4,3.4,1.0,0.16
2021-07-24 00:00:00,2021,7,24,0,0.0,0.0,0.0,,,0.0,0.0,0.0,2.0,2.0,1.5,0.16
2021-07-24 01:00:00,2021,7,24,1,0.0,0.0,0.0,,,0.0,0.0,0.0,2.0,2.0,0.7,0.16
2021-07-24 02:00:00,2021,7,24,2,0.0,0.0,0.0,,,0.0,0.0,0.0,2.0,2.0,0.0,0.16
2021-07-24 03:00:00,2021,7,24,3,0.0,0.0,0.0,,,0.0,0.0,0.0,1.8,1.8,0.5,0.16
2021-07-24 04:00:00,2021,7,24,4,0.0,0.0,0.0,,,0.0,0.0,0.0,1.7,1.7,1.0,0.16
2021-07-24 05:00:00,2021,7,24,5,0.0,0.0,0.0,,,0.0,0.0,0.0,1.5,1.5,0.7,0.16
2021-07-24 06:00:00,2021,7,24,6,0.0,0.0,0.0,,,0.0,0.0,0.0,1.2,1.2,0.3,0.16
2021-07-24 07:00:00,2021,7,24,7,2.0,2.0,0.0,,,1.94,1.055,0.0,1.0,1.083,0.0,0.16
2021-07-24 08:00:00,2021,7,24,8,51.59534433621885,50.0,31.0,0.9690796842865733,alta_fd,61.931,51.935,46.132,2.0,4.911,0.0,0.16
2021-07-24 09:00:00,2021,7,24,9,141.8686348775176,130.0,50.0,0.9163406704535898,alta_fd,162.406,143.64,134.587,3.0,10.719,0.0,0.16
2021-07-24 10:00:00,2021,7,24,10,115.0,115.0,0.0,1.0,alta_fd,111.094,95.721,88.365,5.6,10.862,0.0,0.16
2021-07-24 11:00:00,2021,7,24,11,149.0,149.0,0.0,1.0,alta_fd,144.867,124.08,115.719,6.0,12.849,0.0,0.16
2021-07-24 12:00:00,2021,7,24,12,165.0,165.0,0.0,1.0,alta_fd,160.818,135.211,126.456,10.0,17.596,0.0,0.16
2021-07-24 13:00:00,2021,7,24,13,162.0,162.0,0.0,1.0,alta_fd,157.833,133.088,124.409,10.5,16.877,0.5,0.16
2021-07-24 14:00:00,2021,7,24,14,185.69171716433505,184.0,3.0,0.9908896466133819,alta_fd,184.216,154.587,145.146,12.0,20.715,0.0,0.16
2021-07-24 15:00:00,2021,7,24,15,163.86203482851238,161.0,6.0,0.9825338747226738,alta_fd,164.463,143.632,134.579,6.0,11.824,1.0,0.16
2021-07-24 16:00:00,2021,7,24,16,96.10454654373969,93.0,9.0,0.9676961532477891,alta_fd,96.433,81.964,75.096,11.6,15.019,1.0,0.16
2021-07-24 17:00:00,2021,7,24,17,13.0,13.0,0.0,1.0,alta_fd,12.292,8.791,4.516,6.0,6.374,1.5,0.16
2021-07-24 18:00:00,2021,7,24,18,0.0,0.0,0.0,,,0.0,0.0,0.0,10.0,10.0,2.1,0.16
2021-07-24 19:00:00,2021,7,24,19,0.0,0.0,0.0,,,0.0,0.0,0.0,7.6,7.6,1.5,0.16
2021-07-24 20:00:00,2021,7,24,20,0.0,0.0,0.0,,,0.0,0.0,0.0,8.0,8.0,1.0,0.16
2021-07-24 21:00:00,2021,7,24,21,0.0,0.0,0.0,,,0.0,0.0,0.0,7.0,7.0,2.1,0.16
2021-07-24 22:00:00,2021,7,24,22,0.0,0.0,0.0,,,0.0,0.0,0.0,7.5,7.5,1.8,0.16
2021-07-24 23:00:00,2021,7,24,23,0.0,0.0,0.0,,,0.0,0.0,0.0,8.0,8.0,1.5,0.16
2021-07-25 00:00:00,2021,7,25,0,0.0,0.0,0.0,,,0.0,0.0,0.0,8.0,8.0,0.0,0.16
2021-07-25 01:00:00,2021,7,25,1,0.0,0.0,0.0,,,0.0,0.0,0.0,7.2,7.2,0.0,0.16
2021-07-25 02:00:00,2021,7,25,2,0.0,0.0,0.0,,,0.0,0.0,0.0,7.0,7.0,0.0,0.16
2021-07-25 03:00:00,2021,7,25,3,0.0,0.0,0.0,,,0.0,0.0,0.0,7.0,7.0,0.0,0.16
2021-07-25 04:00:00,2021,7,25,4,0.0,0.0,0.0,,,0.0,0.0,0.0,6.6,6.6,0.0,0.16
2021-07-25 05:00:00,2021,7,25,5,0.0,0.0,0.0,,,0.0,0.0,0.0,7.0,7.0,0.0,0.16
2021-07-25 06:00:00,2021,7,25,6,0.0,0.0,0.0,,,0.0,0.0,0.0,6.9,6.9,0.0,0.16
2021-07-25 07:00:00,2021,7,25,7,1.0,1.0,0.0,,,0.97,0.0,0.0,6.8,6.841,0.0,0.16
2021-07-25 08:00:00,2021,7,25,8,20.0,20.0,0.0,1.0,alta_fd,18.918,15.146,10.646,7.0,7.667,1.0,0.16
2021-07-25 09:00:00,2021,7,25,9,69.0,69.0,0.0,1.0,alta_fd,65.704,56.079,50.128,8.0,10.329,1.0,0.16
2021-07-25 10:00:00,2021,7,25,10,116.0,116.0,0.0,1.0,alta_fd,112.074,96.172,88.801,8.4,11.918,1.5,0.16
2021-07-25 11:00:00,2021,7,25,11,150.0,150.0,0.0,1.0,alta_fd,145.843,125.007,116.614,9.0,12.662,2.6,0.16
2021-07-25 12:00:00,2021,7,25,12,166.0,166.0,0.0,1.0,alta_fd,161.792,136.542,127.74,9.0,16.641,0.0,0.16
2021-07-25 13:00:00,2021,7,25,13,163.0,163.0,0.0,1.0,alta_fd,158.808,135.65,126.88,9.6,13.584,2.6,0.16
2021-07-25 14:00:00,2021,7,25,14,140.0,140.0,0.0,1.0,alta_fd,135.882,115.703,107.64,10.0,14.259,1.5,0.16
2021-07-25 15:00:00,2021,7,25,15,101.0,101.0,0.0,1.0,alta_fd,97.23,82.759,75.863,10.0,13.442,1.0,0.16
2021-07-25 16:00:00,2021,7,25,16,51.0,51.0,0.0,1.0,alta_fd,48.342,40.529,35.129,10.1,11.621,1.5,0.16
2021-07-25 17:00:00,2021,7,25,17,12.0,12.0,0.0,1.0,alta_fd,11.344,8.027,3.779,10.0,10.346,1.5,0.16
2021-07-25 18:00:00,2021,7,25,18,0.0,0.0,0.0,,,0.0,0.0,0.0,8.5,8.5,1.2,0.16
2021-07-25 19:00:00,2021,7,25,19,0.0,0.0,0.0,,,0.0,0.0,0.0,7.0,7.0,1.0,0.16
2021-07-25 20:00:00,2021,7,25,20,0.0,0.0,0.0,,,0.0,0.0,0.0,7.0,7.0,1.5,0.16
2021-07-25 21:00:00,2021,7,25,21,0.0,0.0,0.0,,,0.0,0.0,0.0,7.0,7.0,1.5,0.16
2021-07-25 22:00:00,2021,7,25,22,0.0,0.0,0.0,,,0.0,0.0,0.0,4.4,4.4,1.5,0.16
2021-07-25 23:00:00,2021,7,25,23,0.0,0.0,0.0,,,0.0,0.0,0.0,3.5,3.5,1.2,0.16
2021-07-26 00:00:00,2021,7,26,0,0.0,0.0,0.0,,,0.0,0.0,0.0,2.5,2.5,0.8,0.16
2021-07-26 01:00:00,2021,7,26,1,0.0,0.0,0.0,,,0.0,0.0,0.0,1.6,1.6,0.5,0.16
2021-07-26 02:00:00,2021,7,26,2,0.0,0.0,0.0,,,0.0,0.0,0.0,2.0,2.0,1.0,0.16
2021-07-26 03:00:00,2021,7,26,3,0.0,0.0,0.0,,,0.0,0.0,0.0,2.0,2.0,0.0,0.16
2021-07-26 04:00:00,2021,7,26,4,0.0,0.0,0.0,,,0.0,0.0,0.0,-0.2,-0.2,0.0,0.16
2021-07-26 05:00:00,2021,7,26,5,0.0,0.0,0.0,,,0.0,0.0,0.0,0.0,0.0,0.0,0.16
2021-07-26 06:00:00,2021,7,26,6,0.0,0.0,0.0,,,0.0,0.0,0.0,0.3,0.3,0.0,0.16
2021-07-26 07:00:00,2021,7,26,7,1.0,1.0,0.0,,,0.97,0.0,0.0,0.5,0.541,0.0,0.16
2021-07-26 08:00:00,2021,7,26,8,27.0,27.0,0.0,1.0,alta_fd,25.56,21.25,16.533,1.0,2.206,0.0,0.16
2021-07-26 09:00:00,2021,7,26,9,113.4547245364262,112.0,6.0,0.9871779289723704,alta_fd,113.825,100.387,92.866,2.0,7.404,0.0,0.16
2021-07-26 10:00:00,2021,7,26,10,218.79826992824422,192.0,67.0,0.8775206497883515,alta_fd,246.597,216.587,204.949,5.0,13.734,1.0,0.16
2021-07-26 11:00:00,2021,7,26,11,317.1071909213086,256.0,118.0,0.8072979967948044,alta_fd,374.362,319.851,304.554,7.0,22.163,0.5,0.16
2021-07-26 12:00:00,2021,7,26,12,385.9150688594341,293.0,158.0,0.7592344109960694,alta_fd,456.016,376.174,358.881,10.0,31.583,0.0,0.16
2021-07-26 13:00:00,2021,7,26,13,414.01179368403865,288.0,208.0,0.6956323573231176,mixto,490.22,399.505,381.385,12.3,35.517,0.0,0.16
2021-07-26 14:00:00,2021,7,26,14,336.4659896235297,243.0,164.0,0.7222126678297905,alta_fd,391.1,331.762,316.043,13.0,25.287,1.5,0.16
2021-07-26 15:00:00,2021,7,26,15,222.41608341900445,178.0,92.0,0.8003018363769583,alta_fd,244.8,211.014,199.574,13.0,19.787,2.1,0.16
2021-07-26 16:00:00,2021,7,26,16,98.85409134489375,95.0,11.0,0.9610123233903679,alta_fd,99.283,84.373,77.42,12.9,15.404,2.6,0.16
2021-07-26 17:00:00,2021,7,26,17,18.0,18.0,0.0,1.0,alta_fd,17.036,12.111,7.719,12.0,12.457,2.1,0.16
2021-07-26 18:00:00,2021,7,26,18,0.0,0.0,0.0,,,0.0,0.0,0.0,10.0,0.0,1.5,0.16
2021-07-26 19:00:00,2021,7,26,19,0.0,0.0,0.0,,,0.0,0.0,0.0,9.8,9.8,2.1,0.16
2021-07-26 20:00:00,2021,7,26,20,0.0,0.0,0.0,,,0.0,0.0,0.0,8.0,8.0,2.1,0.16
2021-07-26 21:00:00,2021,7,26,21,0.0,0.0,0.0,,,0.0,0.0,0.0,6.0,6.0,0.0,0.16
2021-07-26 22:00:00,2021,7,26,22,0.0,0.0,0.0,,,0.0,0.0,0.0,4.7,4.7,0.5,0.16
2021-07-26 23:00:00,2021,7,26,23,0.0,0.0,0.0,,,0.0,0.0,0.0,4.0,4.0,1.0,0.16
2021-07-27 00:00:00,2021,7,27,0,0.0,0.0,0.0,,,0.0,0.0,0.0,3.0,3.0,1.5,0.16
2021-07-27 01:00:00,2021,7,27,1,0.0,0.0,0.0,,,0.0,0.0,0.0,4.2,4.2,1.5,0.16
2021-07-27 02:00:00,2021,7,27,2,0.0,0.0,0.0,,,0.0,0.0,0.0,3.4,3.4,1.3,0.16
2021-07-27 03:00:00,2021,7,27,3,0.0,0.0,0.0,,,0.0,0.0,0.0,2.7,2.7,1.2,0.16
2021-07-27 04:00:00,2021,7,27,4,0.0,0.0,0.0,,,0.0,0.0,0.0,1.9,1.9,1.0,0.16
2021-07-27 05:00:00,2021,7,27,5,0.0,0.0,0.0,,,0.0,0.0,0.0,1.3,1.3,0.8,0.16
2021-07-27 06:00:00,2021,7,27,6,0.0,0.0,0.0,,,0.0,0.0,0.0,0.8,0.8,0.7,0.16
2021-07-27 07:00:00,2021,7,27,7,2.0,2.0,0.0,,,1.94,1.059,0.0,0.2,0.271,0.5,0.16
2021-07-27 08:00:00,2021,7,27,8,58.91597613115721,55.0,67.0,0.9335328651359427,alta_fd,82.853,69.633,63.202,2.9,6.044,0.7,0.16
2021-07-27 09:00:00,2021,7,27,9,202.80225763403993,130.0,297.0,0.641018505003959,mixto,302.948,268.86,255.369,5.6,16.955,0.8,0.16
2021-07-27 10:00:00,2021,7,27,10,352.018075944442,124.0,566.0,0.3522546382520725,mixto,540.77,464.225,443.812,8.3,27.525,1.0,0.16
2021-07-27 11:00:00,2021,7,27,11,459.47171931167037,186.0,525.0,0.4048127277096501,mixto,638.46,515.058,492.844,11.0,41.323,0.0,0.16
2021-07-27 12:00:00,2021,7,27,12,483.40469871472504,215.0,454.0,0.4447619159922139,mixto,639.51,509.29,487.28,13.0,43.334,0.0,0.16
2021-07-27 13:00:00,2021,7,27,13,417.3324021673532,259.0,260.0,0.6206084134731029,mixto,511.409,421.781,402.872,15.0,33.095,1.0,0.16
2021-07-27 14:00:00,2021,7,27,14,429.62697375742925,201.0,399.0,0.4678477197139074,mixto,541.851,462.523,442.17,15.0,26.578,3.6,0.16
2021-07-27 15:00:00,2021,7,27,15,353.84008906069516,127.0,467.0,0.3589191952136756,mixto,448.006,394.292,376.357,13.0,20.81,5.1,0.16
2021-07-27 16:00:00,2021,7,27,16,198.94411662613527,87.0,317.0,0.4373087351132595,mixto,250.593,218.487,206.782,11.9,17.702,3.1,0.16
2021-07-27 17:00:00,2021,7,27,17,26.0,26.0,0.0,1.0,alta_fd,25.103,18.609,13.986,9.0,9.521,3.6,0.16
2021-07-27 18:00:00,2021,7,27,18,0.0,0.0,0.0,,,0.0,0.0,0.0,7.6,0.0,2.5,0.16
2021-07-27 19:00:00,2021,7,27,19,0.0,0.0,0.0,,,0.0,0.0,0.0,6.2,6.2,1.5,0.16
2021-07-27 20:00:00,2021,7,27,20,0.0,0.0,0.0,,,0.0,0.0,0.0,6.0,6.0,1.0,0.16
2021-07-27 21:00:00,2021,7,27,21,0.0,0.0,0.0,,,0.0,0.0,0.0,3.0,3.0,0.0,0.16
2021-07-27 22:00:00,2021,7,27,22,0.0,0.0,0.0,,,0.0,0.0,0.0,2.0,2.0,0.5,0.16
2021-07-27 23:00:00,2021,7,27,23,0.0,0.0,0.0,,,0.0,0.0,0.0,2.2,2.2,0.7,0.16
2021-07-28 00:00:00,2021,7,28,0,0.0,0.0,0.0,,,0.0,0.0,0.0,2.5,2.5,0.8,0.16
2021-07-28 01:00:00,2021,7,28,1,0.0,0.0,0.0,,,0.0,0.0,0.0,2.7,2.7,1.0,0.16
2021-07-28 02:00:00,2021,7,28,2,0.0,0.0,0.0,,,0.0,0.0,0.0,2.9,2.9,1.2,0.16
2021-07-28 03:00:00,2021,7,28,3,0.0,0.0,0.0,,,0.0,0.0,0.0,3.2,3.2,1.3,0.16
2021-07-28 04:00:00,2021,7,28,4,0.0,0.0,0.0,,,0.0,0.0,0.0,3.4,3.4,1.5,0.16
2021-07-28 05:00:00,2021,7,28,5,0.0,0.0,0.0,,,0.0,0.0,0.0,4.0,4.0,1.0,0.16
2021-07-28 06:00:00,2021,7,28,6,0.0,0.0,0.0,,,0.0,0.0,0.0,3.0,3.0,2.1,0.16
2021-07-28 07:00:00,2021,7,28,7,1.0,1.0,0.0,,,0.97,0.0,0.0,4.0,4.031,1.0,0.16
2021-07-28 08:00:00,2021,7,28,8,22.0,22.0,0.0,1.0,alta_fd,20.814,16.615,12.062,9.0,9.983,0.0,0.16
2021-07-28 09:00:00,2021,7,28,9,72.0,72.0,0.0,1.0,alta_fd,68.654,59.442,53.372,5.0,7.16,1.5,0.16
2021-07-28 10:00:00,2021,7,28,10,119.0,119.0,0.0,1.0,alta_fd,115.004,99.667,92.172,5.4,9.467,1.0,0.16
2021-07-28 11:00:00,2021,7,28,11,154.0,154.0,0.0,1.0,alta_fd,149.788,129.396,120.848,6.0,10.692,1.5,0.16
2021-07-28 12:00:00,2021,7,28,12,170.0,170.0,0.0,1.0,alta_fd,165.735,142.571,133.556,6.9,11.758,1.8,0.16
2021-07-28 13:00:00,2021,7,28,13,166.0,166.0,0.0,1.0,alta_fd,161.723,138.783,129.902,7.9,12.359,2.1,0.16
2021-07-28 14:00:00,2021,7,28,14,235.86024773039043,218.0,31.0,0.9242761427487081,alta_fd,251.272,216.381,204.75,8.0,16.88,1.0,0.16
2021-07-28 15:00:00,2021,7,28,15,227.8736662558578,179.0,100.0,0.7855229739403842,alta_fd,250.833,216.87,205.222,9.0,19.188,0.5,0.16
2021-07-28 16:00:00,2021,7,28,16,143.57641763130968,103.0,114.0,0.7173880063263175,alta_fd,164.526,142.358,133.35,9.3,15.984,0.5,0.16
2021-07-28 17:00:00,2021,7,28,17,19.0,19.0,0.0,1.0,alta_fd,17.983,13.252,8.819,9.0,9.621,1.0,0.16
2021-07-28 18:00:00,2021,7,28,18,0.0,0.0,0.0,,,0.0,0.0,0.0,7.0,0.0,1.5,0.16
2021-07-28 19:00:00,2021,7,28,19,0.0,0.0,0.0,,,0.0,0.0,0.0,6.5,6.5,0.5,0.16
2021-07-28 20:00:00,2021,7,28,20,0.0,0.0,0.0,,,0.0,0.0,0.0,5.7,5.7,0.7,0.16
2021-07-28 21:00:00,2021,7,28,21,0.0,0.0,0.0,,,0.0,0.0,0.0,5.0,5.0,1.0,0.16
2021-07-28 22:00:00,2021,7,28,22,0.0,0.0,0.0,,,0.0,0.0,0.0,5.0,5.0,1.0,0.16
2021-07-28 23:00:00,2021,7,28,23,0.0,0.0,0.0,,,0.0,0.0,0.0,6.0,6.0,0.5,0.16
2021-07-29 00:00:00,2021,7,29,0,0.0,0.0,0.0,,,0.0,0.0,0.0,6.0,6.0,1.5,0.16
2021-07-29 01:00:00,2021,7,29,1,0.0,0.0,0.0,,,0.0,0.0,0.0,5.9,5.9,2.1,0.16
2021-07-29 02:00:00,2021,7,29,2,0.0,0.0,0.0,,,0.0,0.0,0.0,6.0,6.0,1.0,0.16
2021-07-29 03:00:00,2021,7,29,3,0.0,0.0,0.0,,,0.0,0.0,0.0,6.0,6.0,3.6,0.16
2021-07-29 04:00:00,2021,7,29,4,0.0,0.0,0.0,,,0.0,0.0,0.0,6.3,6.3,1.5,0.16
2021-07-29 05:00:00,2021,7,29,5,0.0,0.0,0.0,,,0.0,0.0,0.0,6.1,6.1,0.7,0.16
2021-07-29 06:00:00,2021,7,29,6,0.0,0.0,0.0,,,0.0,0.0,0.0,6.0,6.0,0.0,0.16
2021-07-29 07:00:00,2021,7,29,7,1.0,1.0,0.0,,,0.97,0.0,0.0,6.0,6.031,1.0,0.16
2021-07-29 08:00:00,2021,7,29,8,36.0,36.0,0.0,1.0,alta_fd,34.112,28.217,23.254,6.0,6.941,2.1,0.16
2021-07-29 09:00:00,2021,7,29,9,126.7608678211373,123.0,15.0,0.9703310028892831,alta_fd,130.095,114.665,106.639,6.5,8.911,4.6,0.16
2021-07-29 10:00:00,2021,7,29,10,223.75907828725005,198.0,63.0,0.8848802985585152,alta_fd,250.424,220.597,208.817,7.0,12.785,3.1,0.16
2021-07-29 11:00:00,2021,7,29,11,290.88771023113543,264.0,51.0,0.9075667025954076,alta_fd,319.841,278.29,264.466,8.0,15.371,3.1,0.16
2021-07-29 12:00:00,2021,7,29,12,321.97367025173185,264.0,97.0,0.8199428226338952,alta_fd,359.617,313.166,298.105,8.0,15.653,3.6,0.16
2021-07-29 13:00:00,2021,7,29,13,318.6978727803789,259.0,97.0,0.8126819226637327,alta_fd,353.158,304.093,289.354,9.0,18.754,2.1,0.16
2021-07-29 14:00:00,2021,7,29,14,276.38688135877936,248.0,49.0,0.8972929495813147,alta_fd,299.367,260.607,247.409,9.0,15.376,3.6,0.16
2021-07-29 15:00:00,2021,7,29,15,200.29437561547073,188.0,25.0,0.9386184680538723,alta_fd,205.335,179.363,169.044,8.7,13.692,2.8,0.16
2021-07-29 16:00:00,2021,7,29,16,103.58762903184679,100.0,10.0,0.9653662404924451,alta_fd,103.938,89.983,82.831,8.4,11.281,2.1,0.16
2021-07-29 17:00:00,2021,7,29,17,20.0,20.0,0.0,1.0,alta_fd,18.932,14.161,9.696,8.0,8.655,1.0,0.16
2021-07-29 18:00:00,2021,7,29,18,0.0,0.0,0.0,,,0.0,0.0,0.0,6.9,0.0,0.7,0.16
2021-07-29 19:00:00,2021,7,29,19,0.0,0.0,0.0,,,0.0,0.0,0.0,5.8,5.8,0.5,0.16
2021-07-29 20:00:00,2021,7,29,20,0.0,0.0,0.0,,,0.0,0.0,0.0,4.0,4.0,1.0,0.16
2021-07-29 21:00:00,2021,7,29,21,0.0,0.0,0.0,,,0.0,0.0,0.0,4.1,4.1,1.0,0.16
2021-07-29 22:00:00,2021,7,29,22,0.0,0.0,0.0,,,0.0,0.0,0.0,4.2,4.2,1.0,0.16
2021-07-29 23:00:00,2021,7,29,23,0.0,0.0,0.0,,,0.0,0.0,0.0,4.0,4.0,1.0,0.16
2021-07-30 00:00:00,2021,7,30,0,0.0,0.0,0.0,,,0.0,0.0,0.0,4.0,4.0,0.0,0.16
2021-07-30 01:00:00,2021,7,30,1,0.0,0.0,0.0,,,0.0,0.0,0.0,1.0,1.0,0.0,0.16
2021-07-30 02:00:00,2021,7,30,2,0.0,0.0,0.0,,,0.0,0.0,0.0,0.0,0.0,0.0,0.16
2021-07-30 03:00:00,2021,7,30,3,0.0,0.0,0.0,,,0.0,0.0,0.0,-1.0,-1.0,1.0,0.16
2021-07-30 04:00:00,2021,7,30,4,0.0,0.0,0.0,,,0.0,0.0,0.0,-0.8,-0.8,1.0,0.16
2021-07-30 05:00:00,2021,7,30,5,0.0,0.0,0.0,,,0.0,0.0,0.0,2.0,2.0,0.0,0.16
2021-07-30 06:00:00,2021,7,30,6,0.0,0.0,0.0,,,0.0,0.0,0.0,-0.1,-0.1,1.0,0.16
2021-07-30 07:00:00,2021,7,30,7,3.0,3.0,0.0,,,2.91,1.639,0.0,-2.2,-2.076,0.0,0.16
2021-07-30 08:00:00,2021,7,30,8,67.76042376611113,62.0,87.0,0.9149883745415406,alta_fd,97.466,83.393,76.474,0.4,3.434,1.5,0.16
2021-07-30 09:00:00,2021,7,30,9,214.5531102429032,124.0,357.0,0.5779454786724612,mixto,335.553,301.044,286.413,3.0,14.942,1.0,0.16
2021-07-30 10:00:00,2021,7,30,10,363.489426255472,127.0,574.0,0.3493911812189561,mixto,552.74,464.819,444.385,6.4,32.71,0.0,0.16
2021-07-30 11:00:00,2021,7,30,11,454.88451200725626,161.0,554.0,0.35393598979565116,mixto,636.347,527.038,504.399,9.0,34.851,0.5,0.16
2021-07-30 12:00:00,2021,7,30,12,428.0581361635389,273.0,258.0,0.6377638384513752,mixto,529.645,441.389,421.786,11.4,30.132,1.0,0.16
2021-07-30 13:00:00,2021,7,30,13,427.4417988253779,248.0,290.0,0.5801959487385441,mixto,524.994,438.61,419.104,11.4,29.978,1.0,0.16
2021-07-30 14:00:00,2021,7,30,14,347.2874230627156,250.0,167.0,0.7198648249201159,alta_fd,401.716,341.503,325.438,12.0,24.618,1.5,0.16
2021-07-30 15:00:00,2021,7,30,15,232.01097429757533,185.0,95.0,0.7973760748175668,alta_fd,254.448,220.354,208.582,11.6,18.653,2.1,0.16
2021-07-30 16:00:00,2021,7,30,16,105.70109592414943,101.0,13.0,0.9555246245741585,alta_fd,106.27,90.9,83.716,11.2,14.544,1.5,0.16
2021-07-30 17:00:00,2021,7,30,17,23.0,23.0,0.0,1.0,alta_fd,21.782,16.355,11.812,10.0,10.756,1.0,0.16
2021-07-30 18:00:00,2021,7,30,18,0.0,0.0,0.0,,,0.0,0.0,0.0,9.0,0.0,1.0,0.16
2021-07-30 19:00:00,2021,7,30,19,0.0,0.0,0.0,,,0.0,0.0,0.0,7.6,7.6,0.5,0.16
2021-07-30 20:00:00,2021,7,30,20,0.0,0.0,0.0,,,0.0,0.0,0.0,6.0,6.0,1.0,0.16
2021-07-30 21:00:00,2021,7,30,21,0.0,0.0,0.0,,,0.0,0.0,0.0,7.0,7.0,0.5,0.16
2021-07-30 22:00:00,2021,7,30,22,0.0,0.0,0.0,,,0.0,0.0,0.0,4.6,4.6,1.0,0.16
2021-07-30 23:00:00,2021,7,30,23,0.0,0.0,0.0,,,0.0,0.0,0.0,3.0,3.0,1.5,0.16
2021-07-31 00:00:00,2021,7,31,0,0.0,0.0,0.0,,,0.0,0.0,0.0,3.0,3.0,1.0,0.16
2021-07-31 01:00:00,2021,7,31,1,0.0,0.0,0.0,,,0.0,0.0,0.0,2.1,2.1,1.0,0.16
2021-07-31 02:00:00,2021,7,31,2,0.0,0.0,0.0,,,0.0,0.0,0.0,1.0,1.0,2.1,0.16
2021-07-31 03:00:00,2021,7,31,3,0.0,0.0,0.0,,,0.0,0.0,0.0,1.0,1.0,0.5,0.16
2021-07-31 04:00:00,2021,7,31,4,0.0,0.0,0.0,,,0.0,0.0,0.0,0.8,0.8,1.0,0.16
2021-07-31 05:00:00,2021,7,31,5,0.0,0.0,0.0,,,0.0,0.0,0.0,0.1,0.1,1.0,0.16
2021-07-31 06:00:00,2021,7,31,6,0.0,0.0,0.0,,,0.0,0.0,0.0,-0.5,-0.5,0.5,0.16
2021-07-31 07:00:00,2021,7,31,7,3.0,3.0,0.0,,,2.91,1.631,0.0,-1.2,-1.094,0.5,0.16
2021-07-31 08:00:00,2021,7,31,8,69.41419000545544,63.0,93.0,0.9075954065739105,alta_fd,100.487,86.085,79.071,0.0,3.525,1.0,0.16
2021-07-31 09:00:00,2021,7,31,9,213.67306419595212,101.0,439.0,0.47268475500204565,mixto,353.573,316.377,301.203,4.0,16.592,1.0,0.16
2021-07-31 10:00:00,2021,7,31,10,372.69284087717176,119.0,611.0,0.3192977888169813,mixto,570.619,489.437,468.131,7.5,27.785,1.0,0.16
2021-07-31 11:00:00,2021,7,31,11,496.6189751130436,108.0,728.0,0.21747054666088092,baja_fd,718.83,599.958,574.736,11.0,33.644,1.5,0.16
2021-07-31 12:00:00,2021,7,31,12,570.244369688517,97.0,783.0,0.17010251245967414,baja_fd,791.648,650.476,623.463,12.0,36.921,1.5,0.16
2021-07-31 13:00:00,2021,7,31,13,577.6725578995761,98.0,771.0,0.16964627912450803,baja_fd,773.954,643.53,616.764,12.6,34.068,2.1,0.16
2021-07-31 14:00:00,2021,7,31,14,520.8764180467164,102.0,715.0,0.19582380093631313,baja_fd,680.725,582.853,558.236,14.0,27.533,4.1,0.16
2021-07-31 15:00:00,2021,7,31,15,396.29847454490266,102.0,591.0,0.2573817628673281,baja_fd,506.309,440.188,420.627,14.0,24.855,3.6,0.16
2021-07-31 16:00:00,2021,7,31,16,216.75648094609818,91.0,345.0,0.419825970613674,mixto,269.304,231.713,219.539,13.6,22.085,1.5,0.16
2021-07-31 17:00:00,2021,7,31,17,33.52945309923285,31.0,13.0,0.9245602637255445,alta_fd,35.075,26.387,21.489,12.0,13.077,1.5,0.16
2021-07-31 18:00:00,2021,7,31,18,0.0,0.0,0.0,,,0.0,0.0,0.0,9.3,0.0,1.5,0.16
2021-07-31 19:00:00,2021,7,31,19,0.0,0.0,0.0,,,0.0,0.0,0.0,7.5,7.5,1.0,0.16
2021-07-31 20:00:00,2021,7,31,20,0.0,0.0,0.0,,,0.0,0.0,0.0,5.9,5.9,2.1,0.16
2021-07-31 21:00:00,2021,7,31,21,0.0,0.0,0.0,,,0.0,0.0,0.0,4.4,4.4,0.5,0.16
2021-07-31 22:00:00,2021,7,31,22,0.0,0.0,0.0,,,0.0,0.0,0.0,3.2,3.2,1.5,0.16
2021-07-31 23:00:00,2021,7,31,23,0.0,0.0,0.0,,,0.0,0.0,0.0,2.1,2.1,1.5,0.16
2021-08-01 00:00:00,2021,8,1,0,0.0,0.0,0.0,,,0.0,0.0,0.0,1.0,1.0,1.0,0.17
2021-08-01 01:00:00,2021,8,1,1,0.0,0.0,0.0,,,0.0,0.0,0.0,-0.2,-0.2,1.0,0.17
2021-08-01 02:00:00,2021,8,1,2,0.0,0.0,0.0,,,0.0,0.0,0.0,-1.5,-1.5,1.0,0.17
2021-08-01 03:00:00,2021,8,1,3,0.0,0.0,0.0,,,0.0,0.0,0.0,-2.9,-2.9,0.0,0.17
2021-08-01 04:00:00,2021,8,1,4,0.0,0.0,0.0,,,0.0,0.0,0.0,-4.3,-4.3,1.0,0.17
2021-08-01 05:00:00,2021,8,1,5,0.0,0.0,0.0,,,0.0,0.0,0.0,-5.8,-5.8,0.0,0.17
2021-08-01 06:00:00,2021,8,1,6,0.0,0.0,0.0,,,0.0,0.0,0.0,-6.0,-6.0,0.5,0.17
2021-08-01 07:00:00,2021,8,1,7,3.0,3.0,0.0,,,2.91,1.654,0.0,-4.0,-3.876,0.0,0.17
2021-08-01 08:00:00,2021,8,1,8,65.08789292443791,62.0,43.0,0.952558105882722,alta_fd,78.933,68.496,62.105,-2.0,0.777,1.0,0.17
2021-08-01 09:00:00,2021,8,1,9,206.74272356079462,127.0,307.0,0.6142900597062826,mixto,306.645,276.754,262.984,0.0,12.496,0.5,0.17
2021-08-01 10:00:00,2021,8,1,10,362.2465510009553,153.0,500.0,0.4223642697969994,mixto,529.006,460.21,439.939,4.4,23.192,1.0,0.17
2021-08-01 11:00:00,2021,8,1,11,484.7353114077674,135.0,651.0,0.27850250811712735,baja_fd,693.321,574.146,549.838,7.0,35.173,0.5,0.17
2021-08-01 12:00:00,2021,8,1,12,555.5414082942309,127.0,705.0,0.22860582146333383,baja_fd,765.323,614.99,589.235,11.0,42.078,0.5,0.17
2021-08-01 13:00:00,2021,8,1,13,554.2590884164939,137.0,667.0,0.24717682192890333,baja_fd,736.672,590.291,565.411,12.9,42.815,0.5,0.17
2021-08-01 14:00:00,2021,8,1,14,444.2086041150535,238.0,350.0,0.5357843089828043,mixto,539.392,442.627,422.98,14.0,35.89,0.5,0.17
2021-08-01 15:00:00,2021,8,1,15,246.62846514072157,189.0,115.0,0.7663348993075886,alta_fd,279.596,239.747,227.288,14.0,21.907,2.0,0.17
2021-08-01 16:00:00,2021,8,1,16,52.0,52.0,0.0,1.0,alta_fd,49.305,40.611,35.208,14.3,16.048,1.0,0.17
2021-08-01 17:00:00,2021,8,1,17,9.0,9.0,0.0,,,8.505,6.148,1.967,12.0,12.339,0.5,0.17
2021-08-01 18:00:00,2021,8,1,18,0.0,0.0,0.0,,,0.0,0.0,0.0,11.0,0.0,1.5,0.17
2021-08-01 19:00:00,2021,8,1,19,0.0,0.0,0.0,,,0.0,0.0,0.0,9.7,9.7,3.1,0.17
2021-08-01 20:00:00,2021,8,1,20,0.0,0.0,0.0,,,0.0,0.0,0.0,9.0,9.0,0.5,0.17
2021-08-01 21:00:00,2021,8,1,21,0.0,0.0,0.0,,,0.0,0.0,0.0,6.0,6.0,0.5,0.17
2021-08-01 22:00:00,2021,8,1,22,0.0,0.0,0.0,,,0.0,0.0,0.0,7.7,7.7,2.1,0.17
2021-08-01 23:00:00,2021,8,1,23,0.0,0.0,0.0,,,0.0,0.0,0.0,8.0,8.0,1.0,0.17
2021-08-02 00:00:00,2021,8,2,0,0.0,0.0,0.0,,,0.0,0.0,0.0,7.7,7.7,1.0,0.17
2021-08-02 01:00:00,2021,8,2,1,0.0,0.0,0.0,,,0.0,0.0,0.0,7.5,7.5,3.6,0.17
2021-08-02 02:00:00,2021,8,2,2,0.0,0.0,0.0,,,0.0,0.0,0.0,7.0,7.0,1.5,0.17
2021-08-02 03:00:00,2021,8,2,3,0.0,0.0,0.0,,,0.0,0.0,0.0,6.0,6.0,1.0,0.17
2021-08-02 04:00:00,2021,8,2,4,0.0,0.0,0.0,,,0.0,0.0,0.0,6.1,6.1,1.5,0.17
2021-08-02 05:00:00,2021,8,2,5,0.0,0.0,0.0,,,0.0,0.0,0.0,5.0,5.0,2.0,0.17
2021-08-02 06:00:00,2021,8,2,6,0.0,0.0,0.0,,,0.0,0.0,0.0,4.0,4.0,2.0,0.17
2021-08-02 07:00:00,2021,8,2,7,3.0,3.0,0.0,,,2.91,1.596,0.0,3.0,3.092,1.0,0.17
2021-08-02 08:00:00,2021,8,2,8,63.76523132114083,61.0,37.0,0.9566341834907758,alta_fd,75.576,64.022,57.79,5.0,7.122,2.0,0.17
2021-08-02 09:00:00,2021,8,2,9,210.77674911435673,139.0,273.0,0.6594655273129091,mixto,302.822,266.461,253.056,8.0,18.77,1.0,0.17
2021-08-02 10:00:00,2021,8,2,10,364.9263292403443,154.0,500.0,0.42200298432995226,mixto,531.099,447.236,427.426,10.0,31.606,0.5,0.17
2021-08-02 11:00:00,2021,8,2,11,488.6226628889047,135.0,654.0,0.27628681650137493,baja_fd,697.154,565.47,541.469,12.0,40.327,0.5,0.17
2021-08-02 12:00:00,2021,8,2,12,559.6359388456908,128.0,706.0,0.22872012162766697,baja_fd,768.877,645.799,618.952,13.0,30.784,3.1,0.17
2021-08-02 13:00:00,2021,8,2,13,568.2293773868918,126.0,703.0,0.22174143931000959,baja_fd,755.864,646.11,619.252,14.0,26.368,5.6,0.17
2021-08-02 14:00:00,2021,8,2,14,504.15020031806466,135.0,623.0,0.2677773407901643,baja_fd,650.81,561.945,538.069,14.0,24.659,5.6,0.17
2021-08-02 15:00:00,2021,8,2,15,371.44834226040064,143.0,453.0,0.3849795078631717,mixto,461.565,403.633,385.367,14.0,22.042,5.1,0.17
2021-08-02 16:00:00,2021,8,2,16,189.85170159178864,118.0,194.0,0.6215377529442363,mixto,224.649,195.559,184.666,13.0,17.463,4.1,0.17
2021-08-02 17:00:00,2021,8,2,17,30.0,30.0,0.0,1.0,alta_fd,28.968,22.313,17.559,11.3,11.908,3.6,0.17
2021-08-02 18:00:00,2021,8,2,18,0.0,0.0,0.0,,,0.0,0.0,0.0,9.7,0.0,3.0,0.17
2021-08-02 19:00:00,2021,8,2,19,0.0,0.0,0.0,,,0.0,0.0,0.0,8.0,8.0,2.5,0.17
2021-08-02 20:00:00,2021,8,2,20,0.0,0.0,0.0,,,0.0,0.0,0.0,6.0,6.0,2.5,0.17
2021-08-02 21:00:00,2021,8,2,21,0.0,0.0,0.0,,,0.0,0.0,0.0,5.2,5.2,2.0,0.17
2021-08-02 22:00:00,2021,8,2,22,0.0,0.0,0.0,,,0.0,0.0,0.0,4.4,4.4,1.5,0.17
2021-08-02 23:00:00,2021,8,2,23,0.0,0.0,0.0,,,0.0,0.0,0.0,3.6,3.6,1.0,0.17
2021-08-03 00:00:00,2021,8,3,0,0.0,0.0,0.0,,,0.0,0.0,0.0,2.8,2.8,0.5,0.17
2021-08-03 01:00:00,2021,8,3,1,0.0,0.0,0.0,,,0.0,0.0,0.0,2.0,2.0,0.0,0.17
2021-08-03 02:00:00,2021,8,3,2,0.0,0.0,0.0,,,0.0,0.0,0.0,1.0,1.0,0.5,0.17
2021-08-03 03:00:00,2021,8,3,3,0.0,0.0,0.0,,,0.0,0.0,0.0,1.0,1.0,0.0,0.17
2021-08-03 04:00:00,2021,8,3,4,0.0,0.0,0.0,,,0.0,0.0,0.0,0.8,0.8,0.4,0.17
2021-08-03 05:00:00,2021,8,3,5,0.0,0.0,0.0,,,0.0,0.0,0.0,0.7,0.7,0.7,0.17
2021-08-03 06:00:00,2021,8,3,6,0.0,0.0,0.0,,,0.0,0.0,0.0,0.5,0.5,1.1,0.17
2021-08-03 07:00:00,2021,8,3,7,4.0,4.0,0.0,,,3.879,2.185,0.0,0.4,0.509,1.5,0.17
2021-08-03 08:00:00,2021,8,3,8,68.65389665927853,65.0,47.0,0.946778014984169,alta_fd,83.477,71.275,64.786,2.0,5.935,0.0,0.17
2021-08-03 09:00:00,2021,8,3,9,214.79318104696978,140.0,281.0,0.6517897789752719,mixto,308.568,275.804,262.068,5.0,14.739,1.5,0.17
2021-08-03 10:00:00,2021,8,3,10,369.34435989679673,155.0,504.0,0.41966256109423344,mixto,536.004,462.424,442.075,8.4,25.295,1.5,0.17
2021-08-03 11:00:00,2021,8,3,11,491.6768619752723,139.0,648.0,0.28270600215267133,baja_fd,698.256,570.589,546.407,10.0,38.368,0.5,0.17
2021-08-03 12:00:00,2021,8,3,12,548.4964610280776,150.0,648.0,0.27347487296243733,baja_fd,745.697,593.005,568.029,14.0,44.268,0.5,0.17
2021-08-03 13:00:00,2021,8,3,13,496.18158665748433,252.0,386.0,0.507878580697829,mixto,613.0,504.121,482.294,15.3,34.554,1.5,0.17
2021-08-03 14:00:00,2021,8,3,14,404.03657056898476,233.0,287.0,0.5766804714530608,mixto,485.839,401.733,383.534,16.0,33.208,1.0,0.17
2021-08-03 15:00:00,2021,8,3,15,219.04872958599535,182.0,73.0,0.8308653528554223,alta_fd,236.506,196.364,185.442,17.0,28.222,0.0,0.17
2021-08-03 16:00:00,2021,8,3,16,154.61352853180694,124.0,82.0,0.8019996773729334,alta_fd,168.489,141.44,132.465,17.0,23.846,0.5,0.17
2021-08-03 17:00:00,2021,8,3,17,23.0,23.0,0.0,1.0,alta_fd,21.784,16.336,11.793,15.0,15.871,0.5,0.17
2021-08-03 18:00:00,2021,8,3,18,0.0,0.0,0.0,,,0.0,0.0,0.0,14.0,0.0,1.5,0.17
2021-08-03 19:00:00,2021,8,3,19,0.0,0.0,0.0,,,0.0,0.0,0.0,11.0,11.0,0.5,0.17
2021-08-03 20:00:00,2021,8,3,20,0.0,0.0,0.0,,,0.0,0.0,0.0,11.0,11.0,1.5,0.17
2021-08-03 21:00:00,2021,8,3,21,0.0,0.0,0.0,,,0.0,0.0,0.0,8.0,8.0,0.5,0.17
2021-08-03 22:00:00,2021,8,3,22,0.0,0.0,0.0,,,0.0,0.0,0.0,10.0,10.0,0.5,0.17
2021-08-03 23:00:00,2021,8,3,23,0.0,0.0,0.0,,,0.0,0.0,0.0,8.0,8.0,2.0,0.17
2021-08-04 00:00:00,2021,8,4,0,0.0,0.0,0.0,,,0.0,0.0,0.0,8.0,8.0,0.0,0.17
2021-08-04 01:00:00,2021,8,4,1,0.0,0.0,0.0,,,0.0,0.0,0.0,8.0,8.0,0.5,0.17
2021-08-04 02:00:00,2021,8,4,2,0.0,0.0,0.0,,,0.0,0.0,0.0,6.0,6.0,1.5,0.17
2021-08-04 03:00:00,2021,8,4,3,0.0,0.0,0.0,,,0.0,0.0,0.0,7.0,7.0,1.5,0.17
2021-08-04 04:00:00,2021,8,4,4,0.0,0.0,0.0,,,0.0,0.0,0.0,6.3,6.3,1.0,0.17
2021-08-04 05:00:00,2021,8,4,5,0.0,0.0,0.0,,,0.0,0.0,0.0,6.0,6.0,0.5,0.17
2021-08-04 06:00:00,2021,8,4,6,0.0,0.0,0.0,,,0.0,0.0,0.0,6.0,6.0,2.0,0.17
2021-08-04 07:00:00,2021,8,4,7,1.0,1.0,0.0,,,0.97,0.0,0.0,6.9,6.931,1.0,0.17
2021-08-04 08:00:00,2021,8,4,8,30.0,30.0,0.0,1.0,alta_fd,28.411,23.269,18.481,8.0,8.891,1.5,0.17
2021-08-04 09:00:00,2021,8,4,9,117.53899057782252,117.0,2.0,0.9954143678180931,alta_fd,115.978,99.116,91.64,11.0,15.11,1.0,0.17
2021-08-04 10:00:00,2021,8,4,10,226.43809475820578,208.0,43.0,0.9185733532253295,alta_fd,247.139,210.017,198.611,12.5,21.244,1.0,0.17
2021-08-04 11:00:00,2021,8,4,11,293.8293622645524,250.0,80.0,0.850833960477067,alta_fd,326.191,272.097,258.492,15.0,26.524,1.0,0.17
2021-08-04 12:00:00,2021,8,4,12,327.58119070203196,275.0,85.0,0.8394865389268951,alta_fd,361.627,298.784,284.233,16.0,28.765,1.0,0.17
2021-08-04 13:00:00,2021,8,4,13,322.4389022884178,269.0,84.0,0.8342665791591818,alta_fd,353.28,293.315,278.959,16.5,27.568,1.5,0.17
2021-08-04 14:00:00,2021,8,4,14,376.6771704417565,255.0,203.0,0.6769722723066627,mixto,435.81,355.154,338.605,18.0,35.665,0.5,0.17
2021-08-04 15:00:00,2021,8,4,15,273.3345984453222,210.0,124.0,0.7682891269324925,alta_fd,309.462,258.797,245.663,19.0,28.735,1.5,0.17
2021-08-04 16:00:00,2021,8,4,16,199.5864046576278,104.0,254.0,0.5210775762928466,mixto,236.474,197.574,186.609,19.0,28.617,0.5,0.17
2021-08-04 17:00:00,2021,8,4,17,32.0,32.0,0.0,1.0,alta_fd,30.997,23.584,18.785,16.0,17.083,1.0,0.17
2021-08-04 18:00:00,2021,8,4,18,0.0,0.0,0.0,,,0.0,0.0,0.0,13.0,0.0,0.5,0.17
2021-08-04 19:00:00,2021,8,4,19,0.0,0.0,0.0,,,0.0,0.0,0.0,12.0,12.0,1.0,0.17
2021-08-04 20:00:00,2021,8,4,20,0.0,0.0,0.0,,,0.0,0.0,0.0,9.0,9.0,1.5,0.17
2021-08-04 21:00:00,2021,8,4,21,0.0,0.0,0.0,,,0.0,0.0,0.0,6.0,6.0,1.0,0.17
2021-08-04 22:00:00,2021,8,4,22,0.0,0.0,0.0,,,0.0,0.0,0.0,7.0,7.0,0.5,0.17
2021-08-04 23:00:00,2021,8,4,23,0.0,0.0,0.0,,,0.0,0.0,0.0,6.0,6.0,0.5,0.17
2021-08-05 00:00:00,2021,8,5,0,0.0,0.0,0.0,,,0.0,0.0,0.0,5.0,5.0,1.0,0.17
2021-08-05 01:00:00,2021,8,5,1,0.0,0.0,0.0,,,0.0,0.0,0.0,4.0,4.0,0.5,0.17
2021-08-05 02:00:00,2021,8,5,2,0.0,0.0,0.0,,,0.0,0.0,0.0,3.0,3.0,0.0,0.17
2021-08-05 03:00:00,2021,8,5,3,0.0,0.0,0.0,,,0.0,0.0,0.0,3.0,3.0,0.0,0.17
2021-08-05 04:00:00,2021,8,5,4,0.0,0.0,0.0,,,0.0,0.0,0.0,2.0,2.0,2.0,0.17
2021-08-05 05:00:00,2021,8,5,5,0.0,0.0,0.0,,,0.0,0.0,0.0,3.0,3.0,0.5,0.17
2021-08-05 06:00:00,2021,8,5,6,0.0,0.0,0.0,,,0.0,0.0,0.0,3.0,3.0,2.0,0.17
2021-08-05 07:00:00,2021,8,5,7,3.0,3.0,0.0,,,2.91,1.587,0.0,4.0,4.106,0.5,0.17
2021-08-05 08:00:00,2021,8,5,8,59.0,59.0,0.0,1.0,alta_fd,58.04,49.179,43.473,6.0,8.051,1.0,0.17
2021-08-05 09:00:00,2021,8,5,9,175.4731339665688,146.0,108.0,0.8320362023500187,alta_fd,216.524,189.535,178.856,10.0,16.132,2.0,0.17
2021-08-05 10:00:00,2021,8,5,10,297.20587875587313,225.0,167.0,0.7570509740314272,alta_fd,362.099,300.678,286.06,13.8,30.979,0.0,0.17
2021-08-05 11:00:00,2021,8,5,11,366.7728722067476,305.0,112.0,0.8315773142242466,alta_fd,415.573,334.839,319.011,17.0,36.662,0.0,0.17
2021-08-05 12:00:00,2021,8,5,12,370.8519104375162,308.0,101.0,0.8305201923771511,alta_fd,413.231,331.687,315.971,20.0,36.705,0.5,0.17
2021-08-05 13:00:00,2021,8,5,13,324.0281770540447,285.0,61.0,0.8795531382212628,alta_fd,351.817,291.656,277.358,21.0,27.488,4.6,0.17
2021-08-05 14:00:00,2021,8,5,14,241.22016396827303,237.0,7.0,0.9825049286973037,alta_fd,242.403,200.776,189.698,21.0,25.472,4.6,0.17
2021-08-05 15:00:00,2021,8,5,15,142.5140373017548,142.0,1.0,0.9963930759980759,alta_fd,139.553,115.798,107.732,20.0,22.42,5.1,0.17
2021-08-05 16:00:00,2021,8,5,16,55.0,55.0,0.0,1.0,alta_fd,52.158,42.562,37.09,17.8,18.766,4.6,0.17
2021-08-05 17:00:00,2021,8,5,17,10.0,10.0,0.0,,,9.451,6.847,2.64,16.0,16.185,4.1,0.17
2021-08-05 18:00:00,2021,8,5,18,0.0,0.0,0.0,,,0.0,0.0,0.0,15.0,0.0,3.0,0.17
2021-08-05 19:00:00,2021,8,5,19,0.0,0.0,0.0,,,0.0,0.0,0.0,12.2,12.2,2.1,0.17
2021-08-05 20:00:00,2021,8,5,20,0.0,0.0,0.0,,,0.0,0.0,0.0,12.0,12.0,2.0,0.17
2021-08-05 21:00:00,2021,8,5,21,0.0,0.0,0.0,,,0.0,0.0,0.0,13.0,13.0,6.1,0.17
2021-08-05 22:00:00,2021,8,5,22,0.0,0.0,0.0,,,0.0,0.0,0.0,12.8,12.8,4.1,0.17
2021-08-05 23:00:00,2021,8,5,23,0.0,0.0,0.0,,,0.0,0.0,0.0,12.0,12.0,4.1,0.17
2021-08-06 00:00:00,2021,8,6,0,0.0,0.0,0.0,,,0.0,0.0,0.0,11.0,11.0,3.6,0.17
2021-08-06 01:00:00,2021,8,6,1,0.0,0.0,0.0,,,0.0,0.0,0.0,9.4,9.4,3.6,0.17
2021-08-06 02:00:00,2021,8,6,2,0.0,0.0,0.0,,,0.0,0.0,0.0,8.0,8.0,1.0,0.17
2021-08-06 03:00:00,2021,8,6,3,0.0,0.0,0.0,,,0.0,0.0,0.0,7.0,7.0,2.5,0.17
2021-08-06 04:00:00,2021,8,6,4,0.0,0.0,0.0,,,0.0,0.0,0.0,7.9,7.9,4.1,0.17
2021-08-06 05:00:00,2021,8,6,5,0.0,0.0,0.0,,,0.0,0.0,0.0,8.0,8.0,1.5,0.17
2021-08-06 06:00:00,2021,8,6,6,0.0,0.0,0.0,,,0.0,0.0,0.0,8.0,8.0,1.0,0.17
2021-08-06 07:00:00,2021,8,6,7,1.0,1.0,0.0,,,0.97,0.0,0.0,8.1,8.141,0.0,0.17
2021-08-06 08:00:00,2021,8,6,8,24.0,24.0,0.0,1.0,alta_fd,22.714,18.486,13.868,8.0,8.533,3.0,0.17
2021-08-06 09:00:00,2021,8,6,9,74.0,74.0,0.0,1.0,alta_fd,70.415,59.943,53.855,9.0,11.214,1.5,0.17
2021-08-06 10:00:00,2021,8,6,10,124.0,124.0,0.0,1.0,alta_fd,119.674,102.218,94.632,9.1,12.853,1.5,0.17
2021-08-06 11:00:00,2021,8,6,11,159.0,159.0,0.0,1.0,alta_fd,154.406,131.557,122.932,9.0,13.833,1.5,0.17
2021-08-06 12:00:00,2021,8,6,12,176.0,176.0,0.0,1.0,alta_fd,171.366,144.775,135.682,10.0,16.039,1.0,0.17
2021-08-06 13:00:00,2021,8,6,13,172.0,172.0,0.0,1.0,alta_fd,167.365,140.377,131.44,11.1,17.856,0.5,0.17
2021-08-06 14:00:00,2021,8,6,14,148.0,148.0,0.0,1.0,alta_fd,143.458,121.137,112.881,12.0,16.038,2.0,0.17
2021-08-06 15:00:00,2021,8,6,15,107.0,107.0,0.0,1.0,alta_fd,102.866,87.632,80.563,11.0,13.037,4.1,0.17
2021-08-06 16:00:00,2021,8,6,16,55.0,55.0,0.0,1.0,alta_fd,52.158,43.958,38.437,10.0,11.206,3.1,0.17
2021-08-06 17:00:00,2021,8,6,17,20.0,20.0,0.0,1.0,alta_fd,18.931,14.613,10.131,10.0,10.399,3.6,0.17
2021-08-06 18:00:00,2021,8,6,18,0.0,0.0,0.0,,,0.0,0.0,0.0,10.0,0.0,3.0,0.17
2021-08-06 19:00:00,2021,8,6,19,0.0,0.0,0.0,,,0.0,0.0,0.0,9.0,9.0,2.0,0.17
2021-08-06 20:00:00,2021,8,6,20,0.0,0.0,0.0,,,0.0,0.0,0.0,7.0,7.0,1.5,0.17
2021-08-06 21:00:00,2021,8,6,21,0.0,0.0,0.0,,,0.0,0.0,0.0,7.0,7.0,1.5,0.17
2021-08-06 22:00:00,2021,8,6,22,0.0,0.0,0.0,,,0.0,0.0,0.0,7.0,7.0,2.0,0.17
2021-08-06 23:00:00,2021,8,6,23,0.0,0.0,0.0,,,0.0,0.0,0.0,7.0,7.0,2.5,0.17
2021-08-07 00:00:00,2021,8,7,0,0.0,0.0,0.0,,,0.0,0.0,0.0,7.0,7.0,3.0,0.17
2021-08-07 01:00:00,2021,8,7,1,0.0,0.0,0.0,,,0.0,0.0,0.0,7.0,7.0,2.5,0.17
2021-08-07 02:00:00,2021,8,7,2,0.0,0.0,0.0,,,0.0,0.0,0.0,7.0,7.0,1.5,0.17
2021-08-07 03:00:00,2021,8,7,3,0.0,0.0,0.0,,,0.0,0.0,0.0,7.0,7.0,1.5,0.17
2021-08-07 04:00:00,2021,8,7,4,0.0,0.0,0.0,,,0.0,0.0,0.0,6.7,6.7,0.5,0.17
2021-08-07 05:00:00,2021,8,7,5,0.0,0.0,0.0,,,0.0,0.0,0.0,6.3,6.3,1.0,0.17
2021-08-07 06:00:00,2021,8,7,6,0.0,0.0,0.0,,,0.0,0.0,0.0,6.0,6.0,1.5,0.17
2021-08-07 07:00:00,2021,8,7,7,1.0,1.0,0.0,,,0.97,0.0,0.0,6.0,6.024,2.1,0.17
2021-08-07 08:00:00,2021,8,7,8,58.0,58.0,0.0,1.0,alta_fd,56.648,48.179,42.508,6.0,7.329,3.0,0.17
2021-08-07 09:00:00,2021,8,7,9,208.30353383429645,140.0,244.0,0.6720961350150148,mixto,290.073,255.524,242.507,6.0,17.811,0.5,0.17
2021-08-07 10:00:00,2021,8,7,10,378.95126403007066,167.0,482.0,0.4406899141171572,mixto,538.058,468.872,448.294,8.6,22.187,2.6,0.17
2021-08-07 11:00:00,2021,8,7,11,509.63009912655053,163.0,620.0,0.3198398216262421,mixto,707.767,584.75,560.066,10.0,35.093,1.0,0.17
2021-08-07 12:00:00,2021,8,7,12,583.8894965204549,143.0,700.0,0.24490935502723227,baja_fd,788.845,630.154,603.862,11.0,43.016,0.5,0.17
2021-08-07 13:00:00,2021,8,7,13,591.3910234248892,128.0,716.0,0.21643886181890432,baja_fd,776.774,637.128,610.589,12.3,36.736,1.5,0.17
2021-08-07 14:00:00,2021,8,7,14,527.5910067360086,136.0,642.0,0.2577754326052235,baja_fd,672.717,557.246,533.537,14.0,35.183,1.5,0.17
2021-08-07 15:00:00,2021,8,7,15,395.43932342033247,145.0,481.0,0.3666807811267474,mixto,485.289,418.968,400.159,15.0,25.392,3.6,0.17
2021-08-07 16:00:00,2021,8,7,16,209.97740995329465,109.0,262.0,0.5191034598638249,mixto,246.443,213.655,202.121,14.0,19.806,3.0,0.17
2021-08-07 17:00:00,2021,8,7,17,36.0,36.0,0.0,1.0,alta_fd,35.128,27.612,22.67,12.0,13.092,1.5,0.17
2021-08-07 18:00:00,2021,8,7,18,0.0,0.0,0.0,,,0.0,0.0,0.0,12.0,0.0,2.0,0.17
2021-08-07 19:00:00,2021,8,7,19,0.0,0.0,0.0,,,0.0,0.0,0.0,9.5,9.5,0.5,0.17
2021-08-07 20:00:00,2021,8,7,20,0.0,0.0,0.0,,,0.0,0.0,0.0,8.0,8.0,0.0,0.17
2021-08-07 21:00:00,2021,8,7,21,0.0,0.0,0.0,,,0.0,0.0,0.0,7.0,7.0,0.5,0.17
2021-08-07 22:00:00,2021,8,7,22,0.0,0.0,0.0,,,0.0,0.0,0.0,4.7,4.7,0.0,0.17
2021-08-07 23:00:00,2021,8,7,23,0.0,0.0,0.0,,,0.0,0.0,0.0,2.0,2.0,0.5,0.17
2021-08-08 00:00:00,2021,8,8,0,0.0,0.0,0.0,,,0.0,0.0,0.0,2.0,2.0,1.0,0.17
2021-08-08 01:00:00,2021,8,8,1,0.0,0.0,0.0,,,0.0,0.0,0.0,0.5,0.5,1.0,0.17
2021-08-08 02:00:00,2021,8,8,2,0.0,0.0,0.0,,,0.0,0.0,0.0,0.0,0.0,1.0,0.17
2021-08-08 03:00:00,2021,8,8,3,0.0,0.0,0.0,,,0.0,0.0,0.0,0.0,0.0,0.5,0.17
2021-08-08 04:00:00,2021,8,8,4,0.0,0.0,0.0,,,0.0,0.0,0.0,-1.0,-1.0,1.0,0.17
2021-08-08 05:00:00,2021,8,8,5,0.0,0.0,0.0,,,0.0,0.0,0.0,-3.0,-3.0,0.5,0.17
2021-08-08 06:00:00,2021,8,8,6,0.0,0.0,0.0,,,0.0,0.0,0.0,-3.0,-3.0,1.5,0.17
2021-08-08 07:00:00,2021,8,8,7,5.0,5.0,0.0,,,4.723,2.7,0.0,-1.2,-1.05,1.0,0.17
2021-08-08 08:00:00,2021,8,8,8,79.29613111473674,73.0,67.0,0.9205997691662079,alta_fd,102.791,89.359,82.23,1.0,4.214,1.5,0.17
2021-08-08 09:00:00,2021,8,8,9,229.82780506308774,132.0,345.0,0.5743430389711375,mixto,336.264,297.82,283.304,6.0,17.963,1.0,0.17
2021-08-08 10:00:00,2021,8,8,10,389.15887003084316,147.0,546.0,0.37773776038652124,mixto,562.149,481.925,460.885,9.2,26.916,1.5,0.17
2021-08-08 11:00:00,2021,8,8,11,516.2943032185722,138.0,672.0,0.2672894105933568,baja_fd,724.3,592.826,567.856,12.0,37.686,1.0,0.17
2021-08-08 12:00:00,2021,8,8,12,590.4949719235688,126.0,733.0,0.21338030972482003,baja_fd,799.639,635.582,609.097,16.0,44.34,1.0,0.17
2021-08-08 13:00:00,2021,8,8,13,597.9382601548941,126.0,725.0,0.21072409711223375,baja_fd,783.722,635.393,608.915,17.9,39.619,2.1,0.17
2021-08-08 14:00:00,2021,8,8,14,531.1194410506159,136.0,644.0,0.2560629295191609,baja_fd,675.494,565.269,541.275,20.0,32.526,4.6,0.17
2021-08-08 15:00:00,2021,8,8,15,393.22499451875643,181.0,405.0,0.46029627445609,mixto,475.707,401.991,383.783,20.0,30.179,3.6,0.17
2021-08-08 16:00:00,2021,8,8,16,207.52165669402063,124.0,215.0,0.5975279976818576,mixto,241.629,205.877,194.619,18.7,23.869,3.6,0.17
2021-08-08 17:00:00,2021,8,8,17,35.0,35.0,0.0,1.0,alta_fd,33.905,26.242,21.348,16.0,16.788,3.0,0.17
2021-08-08 18:00:00,2021,8,8,18,0.0,0.0,0.0,,,0.0,0.0,0.0,14.0,0.0,2.0,0.17
2021-08-08 19:00:00,2021,8,8,19,0.0,0.0,0.0,,,0.0,0.0,0.0,11.6,11.6,1.0,0.17
2021-08-08 20:00:00,2021,8,8,20,0.0,0.0,0.0,,,0.0,0.0,0.0,12.0,12.0,1.5,0.17
2021-08-08 21:00:00,2021,8,8,21,0.0,0.0,0.0,,,0.0,0.0,0.0,9.0,9.0,1.5,0.17
2021-08-08 22:00:00,2021,8,8,22,0.0,0.0,0.0,,,0.0,0.0,0.0,7.9,7.9,1.0,0.17
2021-08-08 23:00:00,2021,8,8,23,0.0,0.0,0.0,,,0.0,0.0,0.0,7.0,7.0,0.5,0.17
2021-08-09 00:00:00,2021,8,9,0,0.0,0.0,0.0,,,0.0,0.0,0.0,7.8,7.8,1.5,0.17
2021-08-09 01:00:00,2021,8,9,1,0.0,0.0,0.0,,,0.0,0.0,0.0,8.6,8.6,1.0,0.17
2021-08-09 02:00:00,2021,8,9,2,0.0,0.0,0.0,,,0.0,0.0,0.0,6.0,6.0,0.5,0.17
2021-08-09 03:00:00,2021,8,9,3,0.0,0.0,0.0,,,0.0,0.0,0.0,6.0,6.0,0.5,0.17
2021-08-09 04:00:00,2021,8,9,4,0.0,0.0,0.0,,,0.0,0.0,0.0,6.0,6.0,0.5,0.17
2021-08-09 05:00:00,2021,8,9,5,0.0,0.0,0.0,,,0.0,0.0,0.0,5.0,5.0,1.0,0.17
2021-08-09 06:00:00,2021,8,9,6,0.0,0.0,0.0,,,0.0,0.0,0.0,5.0,5.0,1.0,0.17
2021-08-09 07:00:00,2021,8,9,7,2.0,2.0,0.0,,,1.887,1.003,0.0,4.6,4.653,1.5,0.17
2021-08-09 08:00:00,2021,8,9,8,47.0,47.0,0.0,1.0,alta_fd,44.813,37.72,32.42,7.0,7.955,3.6,0.17
2021-08-09 09:00:00,2021,8,9,9,175.42760132318497,149.0,92.0,0.8493532310545694,alta_fd,204.676,181.188,170.805,8.0,12.377,3.6,0.17
2021-08-09 10:00:00,2021,8,9,10,334.1031919364825,216.0,264.0,0.6465068434337631,mixto,430.344,371.255,354.136,9.0,22.537,1.5,0.17
2021-08-09 11:00:00,2021,8,9,11,477.0135935182428,231.0,434.0,0.4842629290629758,mixto,627.962,533.589,510.718,10.5,26.607,2.5,0.17
2021-08-09 12:00:00,2021,8,9,12,568.1756425774086,192.0,590.0,0.33792367291394726,mixto,749.715,625.912,599.77,12.0,31.229,2.5,0.17
2021-08-09 13:00:00,2021,8,9,13,589.439554845472,156.0,662.0,0.2646581803301224,baja_fd,765.076,616.678,590.863,13.6,40.709,1.0,0.17
2021-08-09 14:00:00,2021,8,9,14,537.8754868764208,125.0,669.0,0.23239579242754982,baja_fd,683.99,586.601,561.852,15.0,26.199,5.6,0.17
2021-08-09 15:00:00,2021,8,9,15,404.417062332984,146.0,490.0,0.3610134526910447,mixto,493.645,430.004,410.804,14.4,22.998,5.1,0.17
2021-08-09 16:00:00,2021,8,9,16,215.23117828784103,124.0,233.0,0.5761247091913778,mixto,250.179,218.047,206.357,13.8,18.443,4.6,0.17
2021-08-09 17:00:00,2021,8,9,17,39.21892097165411,39.0,1.0,0.9944179756548546,alta_fd,38.492,30.52,25.475,12.0,12.895,3.0,0.17
2021-08-09 18:00:00,2021,8,9,18,0.0,0.0,0.0,,,0.0,0.0,0.0,10.0,0.0,3.0,0.17
2021-08-09 19:00:00,2021,8,9,19,0.0,0.0,0.0,,,0.0,0.0,0.0,8.9,8.9,2.1,0.17
2021-08-09 20:00:00,2021,8,9,20,0.0,0.0,0.0,,,0.0,0.0,0.0,8.0,8.0,1.5,0.17
2021-08-09 21:00:00,2021,8,9,21,0.0,0.0,0.0,,,0.0,0.0,0.0,4.0,4.0,2.0,0.17
2021-08-09 22:00:00,2021,8,9,22,0.0,0.0,0.0,,,0.0,0.0,0.0,3.0,3.0,1.0,0.17
2021-08-09 23:00:00,2021,8,9,23,0.0,0.0,0.0,,,0.0,0.0,0.0,3.0,3.0,1.0,0.17
2021-08-10 00:00:00,2021,8,10,0,0.0,0.0,0.0,,,0.0,0.0,0.0,2.0,2.0,2.0,0.17
2021-08-10 01:00:00,2021,8,10,1,0.0,0.0,0.0,,,0.0,0.0,0.0,2.1,2.1,1.0,0.17
2021-08-10 02:00:00,2021,8,10,2,0.0,0.0,0.0,,,0.0,0.0,0.0,2.0,2.0,1.0,0.17
2021-08-10 03:00:00,2021,8,10,3,0.0,0.0,0.0,,,0.0,0.0,0.0,1.0,1.0,0.0,0.17
2021-08-10 04:00:00,2021,8,10,4,0.0,0.0,0.0,,,0.0,0.0,0.0,-1.1,-1.1,0.5,0.17
2021-08-10 05:00:00,2021,8,10,5,0.0,0.0,0.0,,,0.0,0.0,0.0,-1.0,-1.0,1.0,0.17
2021-08-10 06:00:00,2021,8,10,6,0.0,0.0,0.0,,,0.0,0.0,0.0,-2.0,-2.0,1.5,0.17
2021-08-10 07:00:00,2021,8,10,7,6.0,6.0,0.0,,,5.669,3.259,0.0,-0.7,-0.494,0.5,0.17
2021-08-10 08:00:00,2021,8,10,8,84.57528338760663,77.0,75.0,0.9104314749630896,alta_fd,109.959,95.721,88.366,1.0,4.876,1.0,0.17
2021-08-10 09:00:00,2021,8,10,9,237.6045916081231,134.0,356.0,0.5639621654324077,mixto,353.245,310.152,295.198,6.0,20.391,0.5,0.17
2021-08-10 10:00:00,2021,8,10,10,397.5521446060254,148.0,553.0,0.37227820804908035,mixto,570.759,485.463,464.297,8.6,28.867,1.0,0.17
2021-08-10 11:00:00,2021,8,10,11,524.5909351185882,141.0,672.0,0.2687808548733801,baja_fd,730.911,591.203,566.291,10.8,40.481,0.5,0.17
2021-08-10 12:00:00,2021,8,10,12,598.0315041025359,131.0,728.0,0.21905200495514246,baja_fd,804.476,646.355,619.488,13.0,41.506,1.0,0.17
2021-08-10 13:00:00,2021,8,10,13,604.1716422613476,130.0,720.0,0.21517064176237133,baja_fd,787.144,637.134,610.594,15.1,39.857,1.5,0.17
2021-08-10 14:00:00,2021,8,10,14,523.8188785525681,165.0,578.0,0.3149943744981718,mixto,657.409,540.111,517.009,16.0,36.688,1.5,0.17
2021-08-10 15:00:00,2021,8,10,15,360.338822112089,182.0,336.0,0.5050801879553962,mixto,424.427,354.784,338.249,17.0,32.068,1.0,0.17
2021-08-10 16:00:00,2021,8,10,16,156.1229806013745,121.0,89.0,0.7750300406379426,alta_fd,172.711,145.961,136.825,17.2,22.639,1.5,0.17
2021-08-10 17:00:00,2021,8,10,17,33.0,33.0,0.0,1.0,alta_fd,31.558,24.555,19.721,15.0,15.883,2.0,0.17
2021-08-10 18:00:00,2021,8,10,18,0.0,0.0,0.0,,,0.0,0.0,0.0,13.5,0.0,2.0,0.17
2021-08-10 19:00:00,2021,8,10,19,0.0,0.0,0.0,,,0.0,0.0,0.0,12.0,12.0,1.5,0.17
2021-08-10 20:00:00,2021,8,10,20,0.0,0.0,0.0,,,0.0,0.0,0.0,10.0,10.0,0.5,0.17
2021-08-10 21:00:00,2021,8,10,21,0.0,0.0,0.0,,,0.0,0.0,0.0,7.0,7.0,1.0,0.17
2021-08-10 22:00:00,2021,8,10,22,0.0,0.0,0.0,,,0.0,0.0,0.0,5.8,5.8,0.5,0.17
2021-08-10 23:00:00,2021,8,10,23,0.0,0.0,0.0,,,0.0,0.0,0.0,4.0,4.0,0.5,0.17
2021-08-11 00:00:00,2021,8,11,0,0.0,0.0,0.0,,,0.0,0.0,0.0,3.0,3.0,0.0,0.17
2021-08-11 01:00:00,2021,8,11,1,0.0,0.0,0.0,,,0.0,0.0,0.0,2.0,2.0,1.5,0.17
2021-08-11 02:00:00,2021,8,11,2,0.0,0.0,0.0,,,0.0,0.0,0.0,2.0,2.0,0.5,0.17
2021-08-11 03:00:00,2021,8,11,3,0.0,0.0,0.0,,,0.0,0.0,0.0,1.0,1.0,0.0,0.17
2021-08-11 04:00:00,2021,8,11,4,0.0,0.0,0.0,,,0.0,0.0,0.0,1.2,1.2,1.5,0.17
2021-08-11 05:00:00,2021,8,11,5,0.0,0.0,0.0,,,0.0,0.0,0.0,0.1,0.1,0.0,0.17
2021-08-11 06:00:00,2021,8,11,6,0.0,0.0,0.0,,,0.0,0.0,0.0,-1.0,-1.0,1.0,0.17
2021-08-11 07:00:00,2021,8,11,7,6.0,6.0,0.0,,,5.669,3.24,0.0,0.6,0.741,2.1,0.17
2021-08-11 08:00:00,2021,8,11,8,82.0205449445427,68.0,134.0,0.8290605731280798,alta_fd,124.049,107.248,99.484,1.0,6.0,0.5,0.17
2021-08-11 09:00:00,2021,8,11,9,241.14966415748847,135.0,360.0,0.5598183205921243,mixto,357.271,315.034,299.908,8.0,19.277,1.5,0.17
2021-08-11 10:00:00,2021,8,11,10,403.3001512782956,147.0,563.0,0.364492796578604,mixto,582.318,495.46,473.94,10.4,28.748,1.5,0.17
2021-08-11 11:00:00,2021,8,11,11,532.0413976739643,140.0,682.0,0.26313741865213314,baja_fd,739.706,589.634,564.777,14.0,44.037,0.5,0.17
2021-08-11 12:00:00,2021,8,11,12,605.9692378066072,127.0,742.0,0.20958159602242313,baja_fd,810.193,639.894,613.256,17.0,45.709,1.0,0.17
2021-08-11 13:00:00,2021,8,11,13,611.9150024115895,129.0,729.0,0.2108135925604114,baja_fd,795.336,655.045,627.87,10.4,35.413,1.5,0.17
2021-08-11 14:00:00,2021,8,11,14,547.269989873957,137.0,657.0,0.25033347805450246,baja_fd,690.502,566.828,542.78,21.0,37.249,3.0,0.17
2021-08-11 15:00:00,2021,8,11,15,411.4171823484327,147.0,495.0,0.35730155741406167,mixto,499.388,420.563,401.697,21.0,31.691,3.6,0.17
2021-08-11 16:00:00,2021,8,11,16,223.96989157451083,113.0,279.0,0.5045321011927485,mixto,259.648,220.96,209.166,20.0,25.163,4.1,0.17
2021-08-11 17:00:00,2021,8,11,17,42.571221776816564,41.0,7.0,0.9630919266293593,alta_fd,42.009,32.629,27.51,17.0,18.175,2.0,0.17
2021-08-11 18:00:00,2021,8,11,18,0.0,0.0,0.0,,,0.0,0.0,0.0,14.0,0.0,3.6,0.17
2021-08-11 19:00:00,2021,8,11,19,0.0,0.0,0.0,,,0.0,0.0,0.0,13.1,13.1,3.1,0.17
2021-08-11 20:00:00,2021,8,11,20,0.0,0.0,0.0,,,0.0,0.0,0.0,9.0,9.0,3.0,0.17
2021-08-11 21:00:00,2021,8,11,21,0.0,0.0,0.0,,,0.0,0.0,0.0,6.0,6.0,2.5,0.17
2021-08-11 22:00:00,2021,8,11,22,0.0,0.0,0.0,,,0.0,0.0,0.0,7.4,7.4,2.1,0.17
2021-08-11 23:00:00,2021,8,11,23,0.0,0.0,0.0,,,0.0,0.0,0.0,6.0,6.0,12.3,0.17
2021-08-12 00:00:00,2021,8,12,0,0.0,0.0,0.0,,,0.0,0.0,0.0,6.0,6.0,1.5,0.17
2021-08-12 01:00:00,2021,8,12,1,0.0,0.0,0.0,,,0.0,0.0,0.0,5.9,5.9,2.1,0.17
2021-08-12 02:00:00,2021,8,12,2,0.0,0.0,0.0,,,0.0,0.0,0.0,3.0,3.0,0.5,0.17
2021-08-12 03:00:00,2021,8,12,3,0.0,0.0,0.0,,,0.0,0.0,0.0,2.0,2.0,0.5,0.17
2021-08-12 04:00:00,2021,8,12,4,0.0,0.0,0.0,,,0.0,0.0,0.0,1.3,1.3,0.0,0.17
2021-08-12 05:00:00,2021,8,12,5,0.0,0.0,0.0,,,0.0,0.0,0.0,1.0,1.0,1.5,0.17
2021-08-12 06:00:00,2021,8,12,6,0.0,0.0,0.0,,,0.0,0.0,0.0,1.0,1.0,2.0,0.17
2021-08-12 07:00:00,2021,8,12,7,6.0,6.0,0.0,,,5.669,3.24,0.0,0.5,0.68,1.0,0.17
2021-08-12 08:00:00,2021,8,12,8,83.474817774605,76.0,69.0,0.910454218722727,alta_fd,106.434,91.675,84.463,3.0,8.028,0.0,0.17
2021-08-12 09:00:00,2021,8,12,9,226.18460058296196,150.0,255.0,0.6631751216192178,mixto,309.268,270.299,256.758,9.0,19.992,1.0,0.17
2021-08-12 10:00:00,2021,8,12,10,364.8259095159459,205.0,348.0,0.5619118452195342,mixto,479.634,400.152,382.01,12.5,31.979,0.5,0.17
2021-08-12 11:00:00,2021,8,12,11,457.7234401380809,236.0,383.0,0.5155951810744195,mixto,583.138,477.461,456.579,15.0,35.641,1.0,0.17
2021-08-12 12:00:00,2021,8,12,12,491.6040612704925,287.0,315.0,0.5838031509712969,mixto,600.848,485.173,464.018,19.0,37.846,1.5,0.17
2021-08-12 13:00:00,2021,8,12,13,461.5753810039146,281.0,271.0,0.6087846353261568,mixto,551.625,454.139,434.084,20.0,32.719,3.1,0.17
2021-08-12 14:00:00,2021,8,12,14,473.52009284205167,270.0,324.0,0.5701975567276757,mixto,560.006,456.226,436.096,21.0,36.811,2.0,0.17
2021-08-12 15:00:00,2021,8,12,15,385.9862369494892,186.0,372.0,0.48188246676873164,mixto,453.341,378.693,361.311,20.9,32.557,2.5,0.17
2021-08-12 16:00:00,2021,8,12,16,224.03614190346764,113.0,277.0,0.5043829046506669,mixto,258.843,218.771,207.055,20.9,26.899,3.1,0.17
2021-08-12 17:00:00,2021,8,12,17,44.81791575485027,43.0,8.0,0.9594377443878895,alta_fd,44.372,34.479,29.294,18.0,18.938,3.6,0.17
2021-08-12 18:00:00,2021,8,12,18,0.0,0.0,0.0,,,0.0,0.0,0.0,15.0,0.0,3.0,0.17
2021-08-12 19:00:00,2021,8,12,19,0.0,0.0,0.0,,,0.0,0.0,0.0,12.4,12.4,2.1,0.17
2021-08-12 20:00:00,2021,8,12,20,0.0,0.0,0.0,,,0.0,0.0,0.0,12.0,12.0,3.0,0.17
2021-08-12 21:00:00,2021,8,12,21,0.0,0.0,0.0,,,0.0,0.0,0.0,10.0,10.0,1.5,0.17
2021-08-12 22:00:00,2021,8,12,22,0.0,0.0,0.0,,,0.0,0.0,0.0,6.8,6.8,1.0,0.17
2021-08-12 23:00:00,2021,8,12,23,0.0,0.0,0.0,,,0.0,0.0,0.0,6.0,6.0,1.0,0.17
2021-08-13 00:00:00,2021,8,13,0,0.0,0.0,0.0,,,0.0,0.0,0.0,3.0,3.0,1.0,0.17
2021-08-13 01:00:00,2021,8,13,1,0.0,0.0,0.0,,,0.0,0.0,0.0,3.7,3.7,1.0,0.17
2021-08-13 02:00:00,2021,8,13,2,0.0,0.0,0.0,,,0.0,0.0,0.0,4.0,4.0,0.5,0.17
2021-08-13 03:00:00,2021,8,13,3,0.0,0.0,0.0,,,0.0,0.0,0.0,3.0,3.0,0.0,0.17
2021-08-13 04:00:00,2021,8,13,4,0.0,0.0,0.0,,,0.0,0.0,0.0,0.8,0.8,2.6,0.17
2021-08-13 05:00:00,2021,8,13,5,0.0,0.0,0.0,,,0.0,0.0,0.0,2.0,2.0,0.5,0.17
2021-08-13 06:00:00,2021,8,13,6,0.0,0.0,0.0,,,0.0,0.0,0.0,2.0,2.0,0.5,0.17
2021-08-13 07:00:00,2021,8,13,7,7.0,7.0,0.0,,,6.616,3.784,0.0,1.7,1.981,0.0,0.17
2021-08-13 08:00:00,2021,8,13,8,90.7706839564025,79.0,105.0,0.8703250494173207,alta_fd,122.411,105.275,97.581,4.0,8.942,0.5,0.17
2021-08-13 09:00:00,2021,8,13,9,249.31335364451,137.0,371.0,0.5495092741616442,mixto,367.099,319.276,303.999,8.0,22.953,0.5,0.17
2021-08-13 10:00:00,2021,8,13,10,412.04034795520596,147.0,572.0,0.3567611781940849,mixto,591.649,488.832,467.547,12.1,36.156,0.5,0.17
2021-08-13 11:00:00,2021,8,13,11,539.1300935927673,145.0,676.0,0.26895178310993334,baja_fd,743.683,606.005,580.568,15.0,38.394,1.5,0.17
2021-08-13 12:00:00,2021,8,13,12,613.3971029744876,133.0,735.0,0.21682528227645012,baja_fd,818.11,675.934,648.019,18.0,34.223,4.1,0.17
2021-08-13 13:00:00,2021,8,13,13,619.2750713830004,132.0,727.0,0.21315245211665,baja_fd,800.174,654.293,627.145,20.0,37.083,3.6,0.17
2021-08-13 14:00:00,2021,8,13,14,553.2353217255117,140.0,654.0,0.253056872007643,baja_fd,693.87,574.712,550.384,20.0,34.828,3.6,0.17
2021-08-13 15:00:00,2021,8,13,15,407.4159256544325,158.0,461.0,0.3878100733205372,mixto,490.359,415.871,397.171,19.0,29.494,3.6,0.17
2021-08-13 16:00:00,2021,8,13,16,163.16538371418113,126.0,92.0,0.7722226193560504,alta_fd,179.46,151.765,142.424,19.0,22.837,3.6,0.17
2021-08-13 17:00:00,2021,8,13,17,34.0,34.0,0.0,1.0,alta_fd,32.424,25.369,20.507,15.5,16.157,3.9,0.17
2021-08-13 18:00:00,2021,8,13,18,0.0,0.0,0.0,,,0.0,0.0,0.0,12.0,0.0,4.1,0.17
2021-08-13 19:00:00,2021,8,13,19,0.0,0.0,0.0,,,0.0,0.0,0.0,10.0,10.0,3.6,0.17
2021-08-13 20:00:00,2021,8,13,20,0.0,0.0,0.0,,,0.0,0.0,0.0,10.0,10.0,3.6,0.17
2021-08-13 21:00:00,2021,8,13,21,0.0,0.0,0.0,,,0.0,0.0,0.0,7.0,7.0,2.0,0.17
2021-08-13 22:00:00,2021,8,13,22,0.0,0.0,0.0,,,0.0,0.0,0.0,7.0,7.0,2.0,0.17
2021-08-13 23:00:00,2021,8,13,23,0.0,0.0,0.0,,,0.0,0.0,0.0,7.0,7.0,2.0,0.17
2021-08-14 00:00:00,2021,8,14,0,0.0,0.0,0.0,,,0.0,0.0,0.0,6.0,6.0,0.5,0.17
2021-08-14 01:00:00,2021,8,14,1,0.0,0.0,0.0,,,0.0,0.0,0.0,6.0,6.0,0.5,0.17
2021-08-14 02:00:00,2021,8,14,2,0.0,0.0,0.0,,,0.0,0.0,0.0,6.0,6.0,0.5,0.17
2021-08-14 03:00:00,2021,8,14,3,0.0,0.0,0.0,,,0.0,0.0,0.0,6.0,6.0,2.0,0.17
2021-08-14 04:00:00,2021,8,14,4,0.0,0.0,0.0,,,0.0,0.0,0.0,6.0,6.0,1.0,0.17
2021-08-14 05:00:00,2021,8,14,5,0.0,0.0,0.0,,,0.0,0.0,0.0,6.0,6.0,0.0,0.17
2021-08-14 06:00:00,2021,8,14,6,0.0,0.0,0.0,,,0.0,0.0,0.0,5.0,5.0,0.0,0.17
2021-08-14 07:00:00,2021,8,14,7,8.0,8.0,0.0,,,7.563,4.282,0.167,5.0,5.322,0.0,0.17
2021-08-14 08:00:00,2021,8,14,8,31.0,31.0,0.0,1.0,alta_fd,29.355,24.527,19.695,5.0,6.392,0.0,0.17
2021-08-14 09:00:00,2021,8,14,9,274.18599200239595,234.0,131.0,0.8534352841700068,alta_fd,325.746,289.212,275.001,5.1,14.318,2.0,0.17
2021-08-14 10:00:00,2021,8,14,10,136.0,136.0,0.0,1.0,alta_fd,131.412,112.925,104.96,5.3,11.515,0.0,0.17
2021-08-14 11:00:00,2021,8,14,11,466.6654749767961,277.0,323.0,0.593572944331854,mixto,580.642,483.727,462.623,7.0,30.521,0.5,0.17
2021-08-14 12:00:00,2021,8,14,12,609.7760931359074,202.0,620.0,0.3312691367763709,mixto,793.943,672.723,644.922,10.0,26.933,3.6,0.17
2021-08-14 13:00:00,2021,8,14,13,621.4516693351364,134.0,723.0,0.21562416936358164,baja_fd,800.532,683.39,655.211,11.9,25.802,5.1,0.17
2021-08-14 14:00:00,2021,8,14,14,556.936704496904,133.0,667.0,0.23880631124885637,baja_fd,698.885,603.734,578.378,13.0,23.805,6.1,0.17
2021-08-14 15:00:00,2021,8,14,15,423.41755769071585,149.0,504.0,0.35189849191099587,mixto,511.189,461.437,441.123,6.0,13.057,7.2,0.17
2021-08-14 16:00:00,2021,8,14,16,234.4653075609124,116.0,291.0,0.4947427029044117,mixto,270.787,240.136,227.663,11.0,15.195,6.1,0.17
2021-08-14 17:00:00,2021,8,14,17,48.25935425504633,45.0,14.0,0.9324617101625327,alta_fd,49.039,40.005,34.624,10.0,10.845,5.1,0.17
2021-08-14 18:00:00,2021,8,14,18,1.0,1.0,0.0,,,0.944,0.0,0.0,8.0,8.015,5.6,0.17
2021-08-14 19:00:00,2021,8,14,19,0.0,0.0,0.0,,,0.0,0.0,0.0,8.0,8.0,5.1,0.17
2021-08-14 20:00:00,2021,8,14,20,0.0,0.0,0.0,,,0.0,0.0,0.0,8.0,8.0,3.5,0.17
2021-08-14 21:00:00,2021,8,14,21,0.0,0.0,0.0,,,0.0,0.0,0.0,8.0,8.0,2.0,0.17
2021-08-14 22:00:00,2021,8,14,22,0.0,0.0,0.0,,,0.0,0.0,0.0,8.0,8.0,2.0,0.17
2021-08-14 23:00:00,2021,8,14,23,0.0,0.0,0.0,,,0.0,0.0,0.0,8.0,8.0,1.0,0.17
2021-08-15 00:00:00,2021,8,15,0,0.0,0.0,0.0,,,0.0,0.0,0.0,8.0,8.0,1.0,0.17
2021-08-15 01:00:00,2021,8,15,1,0.0,0.0,0.0,,,0.0,0.0,0.0,8.0,8.0,1.5,0.17
2021-08-15 02:00:00,2021,8,15,2,0.0,0.0,0.0,,,0.0,0.0,0.0,8.0,8.0,1.5,0.17
2021-08-15 03:00:00,2021,8,15,3,0.0,0.0,0.0,,,0.0,0.0,0.0,8.0,8.0,1.5,0.17
2021-08-15 04:00:00,2021,8,15,4,0.0,0.0,0.0,,,0.0,0.0,0.0,8.0,8.0,2.0,0.17
2021-08-15 05:00:00,2021,8,15,5,0.0,0.0,0.0,,,0.0,0.0,0.0,7.0,7.0,1.0,0.17
2021-08-15 06:00:00,2021,8,15,6,0.0,0.0,0.0,,,0.0,0.0,0.0,7.0,7.0,0.5,0.17
2021-08-15 07:00:00,2021,8,15,7,2.0,2.0,0.0,,,1.888,1.255,0.0,7.0,7.074,0.5,0.17
2021-08-15 08:00:00,2021,8,15,8,32.0,32.0,0.0,1.0,alta_fd,30.303,25.113,20.259,8.0,9.073,1.0,0.17
2021-08-15 09:00:00,2021,8,15,9,277.72226749352023,237.0,131.0,0.853370535027515,alta_fd,328.839,281.711,267.766,8.0,23.62,0.0,0.17
2021-08-15 10:00:00,2021,8,15,10,421.1692125259222,149.0,577.0,0.35377704630019535,mixto,601.886,518.791,496.444,8.0,25.039,2.0,0.17
2021-08-15 11:00:00,2021,8,15,11,173.0,173.0,0.0,1.0,alta_fd,168.066,144.243,135.168,8.0,11.929,3.0,0.17
2021-08-15 12:00:00,2021,8,15,12,190.6618401796224,190.0,1.0,0.9965287223757051,alta_fd,185.925,159.109,149.507,8.0,12.742,2.5,0.17
2021-08-15 13:00:00,2021,8,15,13,186.67818506539524,186.0,1.0,0.9963670898923853,alta_fd,181.921,154.536,145.097,9.0,14.686,1.5,0.17
2021-08-15 14:00:00,2021,8,15,14,161.0,161.0,0.0,1.0,alta_fd,156.136,132.675,124.01,9.0,14.506,1.0,0.17
2021-08-15 15:00:00,2021,8,15,15,118.0,118.0,0.0,1.0,alta_fd,113.564,96.628,89.24,9.0,13.598,0.5,0.17
2021-08-15 16:00:00,2021,8,15,16,231.01953035882025,142.0,217.0,0.6146666464928102,mixto,264.186,229.603,217.503,9.0,19.747,0.5,0.17
2021-08-15 17:00:00,2021,8,15,17,15.0,15.0,0.0,1.0,alta_fd,14.184,11.143,6.785,9.0,9.573,0.5,0.17
2021-08-15 18:00:00,2021,8,15,18,0.0,0.0,0.0,,,0.0,0.0,0.0,8.5,0.0,0.0,0.17
2021-08-15 19:00:00,2021,8,15,19,0.0,0.0,0.0,,,0.0,0.0,0.0,8.0,8.0,0.5,0.17
2021-08-15 20:00:00,2021,8,15,20,0.0,0.0,0.0,,,0.0,0.0,0.0,8.0,8.0,0.7,0.17
2021-08-15 21:00:00,2021,8,15,21,0.0,0.0,0.0,,,0.0,0.0,0.0,8.0,8.0,1.0,0.17
2021-08-15 22:00:00,2021,8,15,22,0.0,0.0,0.0,,,0.0,0.0,0.0,8.0,8.0,1.0,0.17
2021-08-15 23:00:00,2021,8,15,23,0.0,0.0,0.0,,,0.0,0.0,0.0,8.0,8.0,0.5,0.17
2021-08-16 00:00:00,2021,8,16,0,0.0,0.0,0.0,,,0.0,0.0,0.0,7.9,7.9,0.0,0.17
2021-08-16 01:00:00,2021,8,16,1,0.0,0.0,0.0,,,0.0,0.0,0.0,7.8,7.8,0.5,0.17
2021-08-16 02:00:00,2021,8,16,2,0.0,0.0,0.0,,,0.0,0.0,0.0,8.0,8.0,0.5,0.17
2021-08-16 03:00:00,2021,8,16,3,0.0,0.0,0.0,,,0.0,0.0,0.0,8.0,8.0,1.5,0.17
2021-08-16 04:00:00,2021,8,16,4,0.0,0.0,0.0,,,0.0,0.0,0.0,7.5,7.5,0.5,0.17
2021-08-16 05:00:00,2021,8,16,5,0.0,0.0,0.0,,,0.0,0.0,0.0,8.0,8.0,0.5,0.17
2021-08-16 06:00:00,2021,8,16,6,0.0,0.0,0.0,,,0.0,0.0,0.0,8.0,8.0,0.7,0.17
2021-08-16 07:00:00,2021,8,16,7,4.0,4.0,0.0,,,3.777,2.04,0.0,8.0,8.12,1.0,0.17
2021-08-16 08:00:00,2021,8,16,8,54.0,54.0,0.0,1.0,alta_fd,51.566,43.584,38.076,7.0,9.446,0.0,0.17
2021-08-16 09:00:00,2021,8,16,9,154.67019142503565,149.0,18.0,0.9633401150357802,alta_fd,157.183,135.469,126.706,9.0,15.378,0.5,0.17
2021-08-16 10:00:00,2021,8,16,10,262.6632359417967,256.0,14.0,0.9746320191407631,alta_fd,267.426,230.298,218.174,9.4,16.785,2.1,0.17
2021-08-16 11:00:00,2021,8,16,11,402.2196656092094,295.0,180.0,0.7334300762077048,alta_fd,470.788,395.1,377.137,10.2,26.831,1.0,0.17
2021-08-16 12:00:00,2021,8,16,12,507.4689315020893,307.0,301.0,0.6049631434407056,mixto,612.944,504.405,482.568,11.0,32.654,1.0,0.17
2021-08-16 13:00:00,2021,8,16,13,553.1155679555626,255.0,437.0,0.46102481067842,mixto,681.113,559.288,535.507,13.0,34.377,1.5,0.17
2021-08-16 14:00:00,2021,8,16,14,522.961753118708,240.0,440.0,0.4589245744430606,mixto,630.523,530.615,507.849,13.0,29.173,2.5,0.17
2021-08-16 15:00:00,2021,8,16,15,411.6450152471457,158.0,460.0,0.3838258551610034,mixto,491.413,421.098,402.213,14.0,26.641,2.5,0.17
2021-08-16 16:00:00,2021,8,16,16,236.1550516800599,120.0,281.0,0.5081407285014364,mixto,269.185,232.694,220.486,14.1,21.577,2.1,0.17
2021-08-16 17:00:00,2021,8,16,17,52.913394661235735,46.0,29.0,0.869345092948639,alta_fd,54.104,43.339,37.839,13.0,14.514,2.0,0.17
2021-08-16 18:00:00,2021,8,16,18,1.0,1.0,0.0,,,0.944,0.0,0.0,11.0,11.028,1.5,0.17
2021-08-16 19:00:00,2021,8,16,19,0.0,0.0,0.0,,,0.0,0.0,0.0,9.0,9.0,0.5,0.17
2021-08-16 20:00:00,2021,8,16,20,0.0,0.0,0.0,,,0.0,0.0,0.0,8.0,8.0,0.5,0.17
2021-08-16 21:00:00,2021,8,16,21,0.0,0.0,0.0,,,0.0,0.0,0.0,6.5,6.5,0.5,0.17
2021-08-16 22:00:00,2021,8,16,22,0.0,0.0,0.0,,,0.0,0.0,0.0,5.0,5.0,0.5,0.17
2021-08-16 23:00:00,2021,8,16,23,0.0,0.0,0.0,,,0.0,0.0,0.0,5.0,5.0,0.5,0.17
2021-08-17 00:00:00,2021,8,17,0,0.0,0.0,0.0,,,0.0,0.0,0.0,4.0,4.0,1.5,0.17
2021-08-17 01:00:00,2021,8,17,1,0.0,0.0,0.0,,,0.0,0.0,0.0,2.0,2.0,1.5,0.17
2021-08-17 02:00:00,2021,8,17,2,0.0,0.0,0.0,,,0.0,0.0,0.0,3.0,3.0,0.5,0.17
2021-08-17 03:00:00,2021,8,17,3,0.0,0.0,0.0,,,0.0,0.0,0.0,3.0,3.0,1.0,0.17
2021-08-17 04:00:00,2021,8,17,4,0.0,0.0,0.0,,,0.0,0.0,0.0,3.0,3.0,1.0,0.17
2021-08-17 05:00:00,2021,8,17,5,0.0,0.0,0.0,,,0.0,0.0,0.0,2.0,2.0,1.0,0.17
2021-08-17 06:00:00,2021,8,17,6,0.0,0.0,0.0,,,0.0,0.0,0.0,3.0,3.0,1.0,0.17
2021-08-17 07:00:00,2021,8,17,7,5.0,5.0,0.0,,,4.722,2.632,0.0,3.9,4.101,0.0,0.17
2021-08-17 08:00:00,2021,8,17,8,65.0,65.0,0.0,1.0,alta_fd,62.853,54.28,48.393,4.0,6.226,1.0,0.17
2021-08-17 09:00:00,2021,8,17,9,166.93822163722976,158.0,28.0,0.9464579079040795,alta_fd,178.154,155.965,146.475,6.2,12.513,1.0,0.17
2021-08-17 10:00:00,2021,8,17,10,265.72340511073463,259.0,14.0,0.974697730868183,alta_fd,270.414,231.736,219.561,8.5,18.05,1.0,0.17
2021-08-17 11:00:00,2021,8,17,11,331.59644687857445,280.0,86.0,0.8443998801426594,alta_fd,363.932,304.162,289.421,11.0,25.71,0.5,0.17
2021-08-17 12:00:00,2021,8,17,12,364.64867827873354,305.0,89.0,0.836421515195679,alta_fd,397.935,330.491,314.817,13.0,27.032,1.0,0.17
2021-08-17 13:00:00,2021,8,17,13,358.3864552462024,298.0,88.0,0.8315046387433408,alta_fd,388.232,321.696,306.333,14.0,27.693,1.0,0.17
2021-08-17 14:00:00,2021,8,17,14,313.39645498606393,261.0,81.0,0.8328109519030971,alta_fd,336.007,271.261,257.686,25.0,34.464,2.0,0.17
2021-08-17 15:00:00,2021,8,17,15,430.92551764196674,189.0,436.0,0.43859087536568236,mixto,510.795,426.168,407.104,20.0,33.132,2.5,0.17
2021-08-17 16:00:00,2021,8,17,16,206.63615186631523,130.0,184.0,0.6291251498145612,mixto,228.653,197.777,186.805,15.0,19.893,3.6,0.17
2021-08-17 17:00:00,2021,8,17,17,39.0,39.0,0.0,1.0,alta_fd,37.11,29.748,24.731,14.0,15.044,2.0,0.17
2021-08-17 18:00:00,2021,8,17,18,1.0,1.0,0.0,,,0.944,0.0,0.0,13.0,13.028,1.5,0.17
2021-08-17 19:00:00,2021,8,17,19,0.0,0.0,0.0,,,0.0,0.0,0.0,12.0,12.0,0.5,0.17
2021-08-17 20:00:00,2021,8,17,20,0.0,0.0,0.0,,,0.0,0.0,0.0,10.0,10.0,1.5,0.17
2021-08-17 21:00:00,2021,8,17,21,0.0,0.0,0.0,,,0.0,0.0,0.0,10.0,10.0,2.5,0.17
2021-08-17 22:00:00,2021,8,17,22,0.0,0.0,0.0,,,0.0,0.0,0.0,9.0,9.0,1.0,0.17
2021-08-17 23:00:00,2021,8,17,23,0.0,0.0,0.0,,,0.0,0.0,0.0,6.0,6.0,1.5,0.17
2021-08-18 00:00:00,2021,8,18,0,0.0,0.0,0.0,,,0.0,0.0,0.0,5.3,5.3,0.0,0.17
2021-08-18 01:00:00,2021,8,18,1,0.0,0.0,0.0,,,0.0,0.0,0.0,4.7,4.7,0.5,0.17
2021-08-18 02:00:00,2021,8,18,2,0.0,0.0,0.0,,,0.0,0.0,0.0,4.0,4.0,1.0,0.17
2021-08-18 03:00:00,2021,8,18,3,0.0,0.0,0.0,,,0.0,0.0,0.0,3.2,3.2,0.5,0.17
2021-08-18 04:00:00,2021,8,18,4,0.0,0.0,0.0,,,0.0,0.0,0.0,2.5,2.5,2.0,0.17
2021-08-18 05:00:00,2021,8,18,5,0.0,0.0,0.0,,,0.0,0.0,0.0,1.7,1.7,1.0,0.17
2021-08-18 06:00:00,2021,8,18,6,0.0,0.0,0.0,,,0.0,0.0,0.0,1.0,1.0,1.0,0.17
2021-08-18 07:00:00,2021,8,18,7,10.0,10.0,0.0,,,9.457,5.516,1.357,0.9,1.244,0.5,0.17
2021-08-18 08:00:00,2021,8,18,8,105.55245301314555,88.0,133.0,0.8337087153156018,alta_fd,142.799,124.034,115.675,2.0,8.748,0.0,0.17
2021-08-18 09:00:00,2021,8,18,9,271.74887391258943,143.0,398.0,0.5262211318159769,mixto,393.183,348.565,332.25,4.0,17.98,1.0,0.17
2021-08-18 10:00:00,2021,8,18,10,436.45330910025535,152.0,587.0,0.34826176553305704,mixto,615.427,518.734,496.39,8.9,30.739,1.0,0.17
2021-08-18 11:00:00,2021,8,18,11,562.8161686951819,138.0,703.0,0.24519551440736956,baja_fd,767.165,619.981,594.049,13.0,40.186,1.0,0.17
2021-08-18 12:00:00,2021,8,18,12,639.4799071897786,135.0,748.0,0.21110905672277208,baja_fd,836.893,677.277,649.315,15.0,39.129,1.9,0.17
2021-08-18 13:00:00,2021,8,18,13,646.1671517553556,134.0,742.0,0.20737668207983057,baja_fd,823.413,671.544,643.785,17.0,37.377,2.7,0.17
2021-08-18 14:00:00,2021,8,18,14,580.1930702012227,141.0,675.0,0.24302255101236964,baja_fd,717.708,594.929,569.885,19.0,34.333,3.6,0.17
2021-08-18 15:00:00,2021,8,18,15,441.13556309998324,148.0,525.0,0.33549777524161173,mixto,525.007,445.72,425.963,19.0,29.438,4.1,0.17
2021-08-18 16:00:00,2021,8,18,16,249.08842575986287,119.0,310.0,0.47774198916301147,mixto,282.319,241.643,229.117,19.0,24.615,4.1,0.17
2021-08-18 17:00:00,2021,8,18,17,57.0271844610606,48.0,37.0,0.8417038374527405,alta_fd,58.513,45.809,40.223,17.0,18.234,3.6,0.17
2021-08-18 18:00:00,2021,8,18,18,1.0,1.0,0.0,,,0.97,0.0,0.0,13.0,13.022,2.5,0.17
2021-08-18 19:00:00,2021,8,18,19,0.0,0.0,0.0,,,0.0,0.0,0.0,13.0,13.0,0.5,0.17
2021-08-18 20:00:00,2021,8,18,20,0.0,0.0,0.0,,,0.0,0.0,0.0,13.0,13.0,1.2,0.17
2021-08-18 21:00:00,2021,8,18,21,0.0,0.0,0.0,,,0.0,0.0,0.0,10.0,10.0,2.0,0.17
2021-08-18 22:00:00,2021,8,18,22,0.0,0.0,0.0,,,0.0,0.0,0.0,7.4,7.4,1.5,0.17
2021-08-18 23:00:00,2021,8,18,23,0.0,0.0,0.0,,,0.0,0.0,0.0,6.0,6.0,1.5,0.17
2021-08-19 00:00:00,2021,8,19,0,0.0,0.0,0.0,,,0.0,0.0,0.0,6.0,6.0,0.5,0.17
2021-08-19 01:00:00,2021,8,19,1,0.0,0.0,0.0,,,0.0,0.0,0.0,4.1,4.1,1.5,0.17
2021-08-19 02:00:00,2021,8,19,2,0.0,0.0,0.0,,,0.0,0.0,0.0,4.0,4.0,0.5,0.17
2021-08-19 03:00:00,2021,8,19,3,0.0,0.0,0.0,,,0.0,0.0,0.0,1.0,1.0,0.5,0.17
2021-08-19 04:00:00,2021,8,19,4,0.0,0.0,0.0,,,0.0,0.0,0.0,4.0,4.0,1.5,0.17
2021-08-19 05:00:00,2021,8,19,5,0.0,0.0,0.0,,,0.0,0.0,0.0,7.0,7.0,1.2,0.17
2021-08-19 06:00:00,2021,8,19,6,0.0,0.0,0.0,,,0.0,0.0,0.0,10.0,10.0,1.0,0.17
2021-08-19 07:00:00,2021,8,19,7,11.0,11.0,0.0,1.0,alta_fd,10.404,6.08,1.901,1.5,1.716,3.1,0.17
2021-08-19 08:00:00,2021,8,19,8,108.51486889756164,90.0,136.0,0.8293794289606549,alta_fd,146.234,125.209,116.809,6.0,12.913,0.0,0.17
2021-08-19 09:00:00,2021,8,19,9,276.12431841169496,145.0,400.0,0.5251257869428522,mixto,397.428,344.174,328.015,10.0,24.13,1.0,0.17
2021-08-19 10:00:00,2021,8,19,10,442.43106194315004,151.0,596.0,0.3412961091312406,mixto,622.565,515.824,493.583,13.0,35.091,1.0,0.17
2021-08-19 11:00:00,2021,8,19,11,572.4517788864725,147.0,699.0,0.25679018813766796,baja_fd,775.687,608.109,582.597,16.0,47.478,0.5,0.17
2021-08-19 12:00:00,2021,8,19,12,646.3772065978669,136.0,752.0,0.21040345886548284,baja_fd,843.39,658.498,631.202,18.0,47.867,1.0,0.17
2021-08-19 13:00:00,2021,8,19,13,652.7341370318384,132.0,750.0,0.20222628557507394,baja_fd,826.07,657.751,630.48,20.0,43.339,2.0,0.17
2021-08-19 14:00:00,2021,8,19,14,585.7190812009945,142.0,678.0,0.24243703945726752,baja_fd,722.404,590.081,565.209,21.0,37.991,3.0,0.17
2021-08-19 15:00:00,2021,8,19,15,446.2112694886745,149.0,529.0,0.3339225389146785,mixto,529.422,438.611,419.105,22.0,35.62,2.5,0.17
2021-08-19 16:00:00,2021,8,19,16,253.17567496450536,120.0,315.0,0.4739791846780846,mixto,285.998,241.618,229.093,21.4,28.03,3.1,0.17
2021-08-19 17:00:00,2021,8,19,17,59.117564279117566,49.0,41.0,0.8288568820029777,alta_fd,60.568,46.93,41.304,19.0,20.881,1.5,0.17
2021-08-19 18:00:00,2021,8,19,18,1.0,1.0,0.0,,,0.97,0.0,0.0,15.0,15.025,2.0,0.17
2021-08-19 19:00:00,2021,8,19,19,0.0,0.0,0.0,,,0.0,0.0,0.0,14.8,14.8,1.5,0.17
2021-08-19 20:00:00,2021,8,19,20,0.0,0.0,0.0,,,0.0,0.0,0.0,12.0,12.0,0.0,0.17
2021-08-19 21:00:00,2021,8,19,21,0.0,0.0,0.0,,,0.0,0.0,0.0,9.0,9.0,1.5,0.17
2021-08-19 22:00:00,2021,8,19,22,0.0,0.0,0.0,,,0.0,0.0,0.0,7.9,7.9,1.0,0.17
2021-08-19 23:00:00,2021,8,19,23,0.0,0.0,0.0,,,0.0,0.0,0.0,8.0,8.0,0.5,0.17
2021-08-20 00:00:00,2021,8,20,0,0.0,0.0,0.0,,,0.0,0.0,0.0,7.0,7.0,1.5,0.17
2021-08-20 01:00:00,2021,8,20,1,0.0,0.0,0.0,,,0.0,0.0,0.0,6.0,6.0,2.6,0.17
2021-08-20 02:00:00,2021,8,20,2,0.0,0.0,0.0,,,0.0,0.0,0.0,4.0,4.0,0.5,0.17
2021-08-20 03:00:00,2021,8,20,3,0.0,0.0,0.0,,,0.0,0.0,0.0,3.0,3.0,0.5,0.17
2021-08-20 04:00:00,2021,8,20,4,0.0,0.0,0.0,,,0.0,0.0,0.0,6.7,6.7,1.0,0.17
2021-08-20 05:00:00,2021,8,20,5,0.0,0.0,0.0,,,0.0,0.0,0.0,2.0,2.0,1.0,0.17
2021-08-20 06:00:00,2021,8,20,6,0.0,0.0,0.0,,,0.0,0.0,0.0,3.0,3.0,1.0,0.17
2021-08-20 07:00:00,2021,8,20,7,11.0,11.0,0.0,1.0,alta_fd,10.404,6.064,1.886,1.9,2.278,0.5,0.17
2021-08-20 08:00:00,2021,8,20,8,112.07196387518405,92.0,143.0,0.8209011140597264,alta_fd,151.158,132.083,123.439,2.0,8.112,0.5,0.17
2021-08-20 09:00:00,2021,8,20,9,280.2055891458932,147.0,401.0,0.5246148031810396,mixto,401.117,346.611,330.366,12.0,24.654,1.5,0.17
2021-08-20 10:00:00,2021,8,20,10,446.59274938760086,154.0,593.0,0.344833184621057,mixto,625.118,524.161,501.624,14.6,31.94,2.1,0.17
2021-08-20 11:00:00,2021,8,20,11,571.5883350616725,159.0,673.0,0.2781722268402213,baja_fd,768.617,605.221,579.812,19.0,46.228,1.0,0.17
2021-08-20 12:00:00,2021,8,20,12,633.1527535630635,166.0,684.0,0.2621800174852529,baja_fd,821.595,640.734,614.067,22.0,47.808,1.5,0.17
2021-08-20 13:00:00,2021,8,20,13,620.1438713160575,206.0,593.0,0.332180981749978,mixto,773.235,592.647,567.684,24.4,51.763,1.0,0.17
2021-08-20 14:00:00,2021,8,20,14,566.0441048903699,152.0,629.0,0.2685303118375184,baja_fd,694.906,540.667,517.546,25.0,49.632,1.0,0.17
2021-08-20 15:00:00,2021,8,20,15,432.6156104341688,159.0,484.0,0.36753181384377037,mixto,510.757,431.261,412.016,22.5,30.405,6.1,0.17
2021-08-20 16:00:00,2021,8,20,16,248.36846648378025,124.0,292.0,0.4992582261166308,mixto,279.402,239.097,226.661,20.0,24.528,5.7,0.17
2021-08-20 17:00:00,2021,8,20,17,59.73286341308437,50.0,39.0,0.8370601565544169,alta_fd,61.038,47.976,42.312,17.0,18.288,3.6,0.17
2021-08-20 18:00:00,2021,8,20,18,1.0,1.0,0.0,,,0.97,0.0,0.0,12.0,12.027,1.5,0.17
2021-08-20 19:00:00,2021,8,20,19,0.0,0.0,0.0,,,0.0,0.0,0.0,10.1,10.1,6.7,0.17
2021-08-20 20:00:00,2021,8,20,20,0.0,0.0,0.0,,,0.0,0.0,0.0,9.0,9.0,3.6,0.17
2021-08-20 21:00:00,2021,8,20,21,0.0,0.0,0.0,,,0.0,0.0,0.0,9.0,9.0,1.0,0.17
2021-08-20 22:00:00,2021,8,20,22,0.0,0.0,0.0,,,0.0,0.0,0.0,8.4,8.4,2.1,0.17
2021-08-20 23:00:00,2021,8,20,23,0.0,0.0,0.0,,,0.0,0.0,0.0,8.7,8.7,2.5,0.17
2021-08-21 00:00:00,2021,8,21,0,0.0,0.0,0.0,,,0.0,0.0,0.0,9.0,9.0,1.0,0.17
2021-08-21 01:00:00,2021,8,21,1,0.0,0.0,0.0,,,0.0,0.0,0.0,3.0,3.0,1.0,0.17
2021-08-21 02:00:00,2021,8,21,2,0.0,0.0,0.0,,,0.0,0.0,0.0,0.0,0.0,0.0,0.17
2021-08-21 03:00:00,2021,8,21,3,0.0,0.0,0.0,,,0.0,0.0,0.0,9.0,9.0,1.0,0.17
2021-08-21 04:00:00,2021,8,21,4,0.0,0.0,0.0,,,0.0,0.0,0.0,8.1,8.1,1.0,0.17
2021-08-21 05:00:00,2021,8,21,5,0.0,0.0,0.0,,,0.0,0.0,0.0,8.1,8.1,1.5,0.17
2021-08-21 06:00:00,2021,8,21,6,0.0,0.0,0.0,,,0.0,0.0,0.0,8.2,8.2,2.1,0.17
2021-08-21 07:00:00,2021,8,21,7,4.0,4.0,0.0,,,3.777,2.038,0.0,8.2,8.285,2.6,0.17
2021-08-21 08:00:00,2021,8,21,8,39.0,39.0,0.0,1.0,alta_fd,36.95,30.778,25.724,9.0,10.162,1.5,0.17
2021-08-21 09:00:00,2021,8,21,9,96.0,96.0,0.0,1.0,alta_fd,91.911,78.208,71.473,10.0,12.887,1.5,0.17
2021-08-21 10:00:00,2021,8,21,10,147.0,147.0,0.0,1.0,alta_fd,142.124,120.006,111.79,11.6,16.051,1.5,0.17
2021-08-21 11:00:00,2021,8,21,11,183.0,183.0,0.0,1.0,alta_fd,177.858,150.535,141.238,10.0,15.56,1.5,0.17
2021-08-21 12:00:00,2021,8,21,12,199.68727256071261,199.0,1.0,0.9965582555568049,alta_fd,194.72,165.065,155.253,12.0,15.163,5.6,0.17
2021-08-21 13:00:00,2021,8,21,13,195.7024767028284,195.0,1.0,0.9964104863941242,alta_fd,190.723,160.564,150.911,14.1,16.995,6.2,0.17
2021-08-21 14:00:00,2021,8,21,14,170.0,170.0,0.0,1.0,alta_fd,164.946,139.025,130.135,14.0,16.683,5.6,0.17
2021-08-21 15:00:00,2021,8,21,15,126.0,126.0,0.0,1.0,alta_fd,121.403,102.525,94.928,14.0,15.772,6.6,0.17
2021-08-21 16:00:00,2021,8,21,16,70.0,70.0,0.0,1.0,alta_fd,66.511,55.601,49.667,14.0,15.232,4.6,0.17
2021-08-21 17:00:00,2021,8,21,17,18.0,18.0,0.0,1.0,alta_fd,17.027,13.366,8.929,11.0,11.398,3.0,0.17
2021-08-21 18:00:00,2021,8,21,18,0.0,0.0,0.0,,,0.0,0.0,0.0,10.0,0.0,1.5,0.17
2021-08-21 19:00:00,2021,8,21,19,0.0,0.0,0.0,,,0.0,0.0,0.0,8.0,8.0,3.0,0.17
2021-08-21 20:00:00,2021,8,21,20,0.0,0.0,0.0,,,0.0,0.0,0.0,8.0,8.0,3.0,0.17
2021-08-21 21:00:00,2021,8,21,21,0.0,0.0,0.0,,,0.0,0.0,0.0,7.0,7.0,5.1,0.17
2021-08-21 22:00:00,2021,8,21,22,0.0,0.0,0.0,,,0.0,0.0,0.0,7.6,7.6,3.1,0.17
2021-08-21 23:00:00,2021,8,21,23,0.0,0.0,0.0,,,0.0,0.0,0.0,7.0,7.0,2.0,0.17
2021-08-22 00:00:00,2021,8,22,0,0.0,0.0,0.0,,,0.0,0.0,0.0,7.0,7.0,2.0,0.17
2021-08-22 01:00:00,2021,8,22,1,0.0,0.0,0.0,,,0.0,0.0,0.0,6.8,6.8,0.5,0.17
2021-08-22 02:00:00,2021,8,22,2,0.0,0.0,0.0,,,0.0,0.0,0.0,7.0,7.0,0.5,0.17
2021-08-22 03:00:00,2021,8,22,3,0.0,0.0,0.0,,,0.0,0.0,0.0,7.0,7.0,0.0,0.17
2021-08-22 04:00:00,2021,8,22,4,0.0,0.0,0.0,,,0.0,0.0,0.0,7.0,7.0,0.5,0.17
2021-08-22 05:00:00,2021,8,22,5,0.0,0.0,0.0,,,0.0,0.0,0.0,6.0,6.0,1.0,0.17
2021-08-22 06:00:00,2021,8,22,6,0.0,0.0,0.0,,,0.0,0.0,0.0,5.7,5.7,0.5,0.17
2021-08-22 07:00:00,2021,8,22,7,12.0,12.0,0.0,1.0,alta_fd,11.351,6.566,2.37,5.4,5.884,0.0,0.17
2021-08-22 08:00:00,2021,8,22,8,108.51450672184667,96.0,84.0,0.8846743435518268,alta_fd,133.821,116.128,108.05,7.0,10.428,2.5,0.17
2021-08-22 09:00:00,2021,8,22,9,234.85930170849215,197.0,111.0,0.8388000754788788,alta_fd,269.021,236.729,224.377,8.4,14.948,2.8,0.17
2021-08-22 10:00:00,2021,8,22,10,278.6221754907275,253.0,51.0,0.9080397120379954,alta_fd,300.207,259.365,246.211,9.9,16.818,3.1,0.17
2021-08-22 11:00:00,2021,8,22,11,482.01208584136145,306.0,283.0,0.6348388536064838,mixto,583.37,492.563,471.146,11.4,26.061,2.6,0.17
2021-08-22 12:00:00,2021,8,22,12,614.0863759152711,251.0,525.0,0.4087372881801759,mixto,768.78,629.808,603.528,13.0,34.681,2.0,0.17
2021-08-22 13:00:00,2021,8,22,13,652.4490713685611,196.0,646.0,0.3004065889600781,mixto,812.43,653.57,626.447,14.5,40.014,1.5,0.17
2021-08-22 14:00:00,2021,8,22,14,589.8093677375637,143.0,671.0,0.24245121868533634,baja_fd,721.222,592.372,567.418,16.0,36.391,2.0,0.17
2021-08-22 15:00:00,2021,8,22,15,454.75679859051417,144.0,543.0,0.3166527701099084,mixto,535.182,454.206,434.148,15.9,29.418,2.6,0.17
2021-08-22 16:00:00,2021,8,22,16,259.81916604085575,128.0,305.0,0.4926503381196767,mixto,290.382,250.649,237.804,15.9,22.632,3.1,0.17
2021-08-22 17:00:00,2021,8,22,17,65.01197920746222,52.0,51.0,0.7998525907673232,alta_fd,69.129,54.948,49.037,15.0,16.605,3.0,0.17
2021-08-22 18:00:00,2021,8,22,18,2.0,2.0,0.0,,,1.94,0.987,0.0,13.0,13.045,2.5,0.17
2021-08-22 19:00:00,2021,8,22,19,0.0,0.0,0.0,,,0.0,0.0,0.0,10.3,10.3,1.0,0.17
2021-08-22 20:00:00,2021,8,22,20,0.0,0.0,0.0,,,0.0,0.0,0.0,10.0,10.0,0.0,0.17
2021-08-22 21:00:00,2021,8,22,21,0.0,0.0,0.0,,,0.0,0.0,0.0,8.0,8.0,0.0,0.17
2021-08-22 22:00:00,2021,8,22,22,0.0,0.0,0.0,,,0.0,0.0,0.0,6.6,6.6,0.0,0.17
2021-08-22 23:00:00,2021,8,22,23,0.0,0.0,0.0,,,0.0,0.0,0.0,5.8,5.8,0.0,0.17
2021-08-23 00:00:00,2021,8,23,0,0.0,0.0,0.0,,,0.0,0.0,0.0,5.0,5.0,0.0,0.17
2021-08-23 01:00:00,2021,8,23,1,0.0,0.0,0.0,,,0.0,0.0,0.0,4.0,4.0,0.7,0.17
2021-08-23 02:00:00,2021,8,23,2,0.0,0.0,0.0,,,0.0,0.0,0.0,3.0,3.0,1.5,0.17
2021-08-23 03:00:00,2021,8,23,3,0.0,0.0,0.0,,,0.0,0.0,0.0,2.5,2.5,1.2,0.17
2021-08-23 04:00:00,2021,8,23,4,0.0,0.0,0.0,,,0.0,0.0,0.0,2.1,2.1,1.0,0.17
2021-08-23 05:00:00,2021,8,23,5,0.0,0.0,0.0,,,0.0,0.0,0.0,3.0,3.0,0.0,0.17
2021-08-23 06:00:00,2021,8,23,6,0.0,0.0,0.0,,,0.0,0.0,0.0,0.0,0.0,1.0,0.17
2021-08-23 07:00:00,2021,8,23,7,13.0,13.0,0.0,1.0,alta_fd,12.3,7.461,3.233,0.1,0.494,1.0,0.17
2021-08-23 08:00:00,2021,8,23,8,122.38619407995765,98.0,159.0,0.8007439134513359,alta_fd,164.263,142.324,133.317,5.0,11.646,0.5,0.17
2021-08-23 09:00:00,2021,8,23,9,295.8752837665437,149.0,425.0,0.5035905605334928,mixto,420.245,361.908,345.121,8.5,25.608,0.5,0.17
2021-08-23 10:00:00,2021,8,23,10,464.1518181802318,161.0,598.0,0.34686926495563813,mixto,641.064,524.216,501.677,12.0,38.042,0.5,0.17
2021-08-23 11:00:00,2021,8,23,11,594.012405097217,153.0,704.0,0.2575703784754458,baja_fd,793.814,632.696,606.314,15.0,43.116,1.0,0.17
2021-08-23 12:00:00,2021,8,23,12,669.387520115659,137.0,765.0,0.20466470599321704,baja_fd,863.514,677.498,649.528,17.3,46.394,1.2,0.17
2021-08-23 13:00:00,2021,8,23,13,673.5696173279175,137.0,755.0,0.20339397216799276,baja_fd,842.279,662.099,634.675,19.7,46.167,1.5,0.17
2021-08-23 14:00:00,2021,8,23,14,603.4092100717205,146.0,683.0,0.24195852095569872,baja_fd,735.418,585.355,560.65,21.0,44.132,1.5,0.17
2021-08-23 15:00:00,2021,8,23,15,461.9228035961788,151.0,540.0,0.32689444821608526,mixto,541.464,441.352,421.75,21.2,39.498,1.2,0.17
2021-08-23 16:00:00,2021,8,23,16,264.82219664706605,129.0,312.0,0.48711928846327385,mixto,295.0,245.576,232.911,21.4,31.883,1.0,0.17
2021-08-23 17:00:00,2021,8,23,17,66.92776726943556,53.0,54.0,0.7918985222775231,alta_fd,70.908,55.032,49.118,20.0,22.482,1.0,0.17
2021-08-23 18:00:00,2021,8,23,18,2.0,2.0,0.0,,,1.94,0.97,0.0,16.0,16.071,0.5,0.17
2021-08-23 19:00:00,2021,8,23,19,0.0,0.0,0.0,,,0.0,0.0,0.0,14.0,14.0,1.0,0.17
2021-08-23 20:00:00,2021,8,23,20,0.0,0.0,0.0,,,0.0,0.0,0.0,11.0,11.0,1.0,0.17
2021-08-23 21:00:00,2021,8,23,21,0.0,0.0,0.0,,,0.0,0.0,0.0,10.0,10.0,0.0,0.17
2021-08-23 22:00:00,2021,8,23,22,0.0,0.0,0.0,,,0.0,0.0,0.0,9.9,9.9,1.5,0.17
2021-08-23 23:00:00,2021,8,23,23,0.0,0.0,0.0,,,0.0,0.0,0.0,7.0,7.0,1.0,0.17
2021-08-24 00:00:00,2021,8,24,0,0.0,0.0,0.0,,,0.0,0.0,0.0,6.0,6.0,0.5,0.17
2021-08-24 01:00:00,2021,8,24,1,0.0,0.0,0.0,,,0.0,0.0,0.0,5.1,5.1,1.0,0.17
2021-08-24 02:00:00,2021,8,24,2,0.0,0.0,0.0,,,0.0,0.0,0.0,5.0,5.0,0.0,0.17
2021-08-24 03:00:00,2021,8,24,3,0.0,0.0,0.0,,,0.0,0.0,0.0,4.0,4.0,1.0,0.17
2021-08-24 04:00:00,2021,8,24,4,0.0,0.0,0.0,,,0.0,0.0,0.0,4.1,4.1,1.0,0.17
2021-08-24 05:00:00,2021,8,24,5,0.0,0.0,0.0,,,0.0,0.0,0.0,4.0,4.0,2.0,0.17
2021-08-24 06:00:00,2021,8,24,6,0.0,0.0,0.0,,,0.0,0.0,0.0,4.0,4.0,1.5,0.17
2021-08-24 07:00:00,2021,8,24,7,14.0,14.0,0.0,1.0,alta_fd,13.248,8.608,4.34,1.9,2.4,0.5,0.17
2021-08-24 08:00:00,2021,8,24,8,126.03920078251903,100.0,165.0,0.7934039519383359,alta_fd,168.94,145.38,136.265,7.0,13.837,0.5,0.17
2021-08-24 09:00:00,2021,8,24,9,299.81191670025703,151.0,425.0,0.5036490932779208,mixto,423.456,362.555,345.745,12.0,27.05,1.0,0.17
2021-08-24 10:00:00,2021,8,24,10,469.4948767499816,159.0,607.0,0.3386618424905022,mixto,647.347,517.504,495.203,17.3,43.596,0.5,0.17
2021-08-24 11:00:00,2021,8,24,11,600.6052517872647,152.0,711.0,0.25307804010651347,baja_fd,800.537,629.991,603.705,21.0,46.161,1.5,0.17
2021-08-24 12:00:00,2021,8,24,12,672.5166231729072,141.0,759.0,0.20966024502824554,baja_fd,864.198,689.186,660.802,22.0,42.293,3.0,0.17
2021-08-24 13:00:00,2021,8,24,13,675.6756856724953,141.0,748.0,0.2086799969125183,baja_fd,845.89,682.612,654.461,22.8,39.563,4.1,0.17
2021-08-24 14:00:00,2021,8,24,14,608.5110300320944,133.0,706.0,0.21856629286240753,baja_fd,740.789,568.141,544.046,23.0,53.074,0.5,0.17
2021-08-24 15:00:00,2021,8,24,15,465.3839849717593,152.0,541.0,0.3266120126785707,mixto,543.814,460.243,439.972,22.0,29.976,6.6,0.17
2021-08-24 16:00:00,2021,8,24,16,270.62182486157496,129.0,323.0,0.47667995759759746,mixto,300.479,249.627,236.818,28.2,32.565,6.7,0.17
2021-08-24 17:00:00,2021,8,24,17,68.47096267081145,57.0,44.0,0.8324696743937936,alta_fd,69.709,55.327,49.403,17.0,18.473,3.6,0.17
2021-08-24 18:00:00,2021,8,24,18,2.0,2.0,0.0,,,1.94,0.982,0.0,14.0,14.041,3.0,0.17
2021-08-24 19:00:00,2021,8,24,19,0.0,0.0,0.0,,,0.0,0.0,0.0,11.6,11.6,3.6,0.17
2021-08-24 20:00:00,2021,8,24,20,0.0,0.0,0.0,,,0.0,0.0,0.0,10.8,10.8,2.0,0.17
2021-08-24 21:00:00,2021,8,24,21,0.0,0.0,0.0,,,0.0,0.0,0.0,10.0,10.0,3.6,0.17
2021-08-24 22:00:00,2021,8,24,22,0.0,0.0,0.0,,,0.0,0.0,0.0,9.6,9.6,3.1,0.17
2021-08-24 23:00:00,2021,8,24,23,0.0,0.0,0.0,,,0.0,0.0,0.0,9.3,9.3,2.5,0.17
2021-08-25 00:00:00,2021,8,25,0,0.0,0.0,0.0,,,0.0,0.0,0.0,9.0,9.0,2.0,0.17
2021-08-25 01:00:00,2021,8,25,1,0.0,0.0,0.0,,,0.0,0.0,0.0,8.9,8.9,1.5,0.17
2021-08-25 02:00:00,2021,8,25,2,0.0,0.0,0.0,,,0.0,0.0,0.0,9.0,9.0,2.0,0.17
2021-08-25 03:00:00,2021,8,25,3,0.0,0.0,0.0,,,0.0,0.0,0.0,9.0,9.0,2.0,0.17
2021-08-25 04:00:00,2021,8,25,4,0.0,0.0,0.0,,,0.0,0.0,0.0,8.6,8.6,1.0,0.17
2021-08-25 05:00:00,2021,8,25,5,0.0,0.0,0.0,,,0.0,0.0,0.0,8.0,8.0,0.5,0.17
2021-08-25 06:00:00,2021,8,25,6,0.0,0.0,0.0,,,0.0,0.0,0.0,8.0,8.0,2.0,0.17
2021-08-25 07:00:00,2021,8,25,7,5.0,5.0,0.0,,,4.722,2.872,0.0,8.5,8.679,0.5,0.17
2021-08-25 08:00:00,2021,8,25,8,44.0,44.0,0.0,1.0,alta_fd,41.701,34.949,29.747,9.0,10.179,2.0,0.17
2021-08-25 09:00:00,2021,8,25,9,102.0,102.0,0.0,1.0,alta_fd,97.738,83.358,76.44,9.1,12.558,1.0,0.17
2021-08-25 10:00:00,2021,8,25,10,154.0,154.0,0.0,1.0,alta_fd,148.941,126.586,118.137,9.2,14.455,1.0,0.17
2021-08-25 11:00:00,2021,8,25,11,308.1677368185804,298.0,16.0,0.9670058360957942,alta_fd,310.612,261.672,248.436,10.0,20.942,1.0,0.17
2021-08-25 12:00:00,2021,8,25,12,435.49093887309954,346.0,127.0,0.7945056236883568,alta_fd,489.438,401.577,383.384,11.0,30.76,0.5,0.17
2021-08-25 13:00:00,2021,8,25,13,504.66799879514576,335.0,236.0,0.6638027392261557,mixto,573.118,467.951,447.406,13.4,33.628,1.0,0.17
2021-08-25 14:00:00,2021,8,25,14,411.24800255050417,311.0,148.0,0.7562346760864984,alta_fd,455.461,373.733,356.527,16.0,32.084,1.0,0.17
2021-08-25 15:00:00,2021,8,25,15,281.28200765520904,230.0,88.0,0.8176847211711114,alta_fd,297.197,252.785,239.865,14.0,22.387,2.0,0.17
2021-08-25 16:00:00,2021,8,25,16,139.06533739390974,132.0,16.0,0.9491941160441958,alta_fd,137.518,115.157,107.113,17.0,21.875,1.0,0.17
2021-08-25 17:00:00,2021,8,25,17,37.0,37.0,0.0,1.0,alta_fd,35.072,27.836,22.886,16.0,17.098,1.5,0.17
2021-08-25 18:00:00,2021,8,25,18,1.0,1.0,0.0,,,0.97,0.0,0.0,14.0,14.025,2.0,0.17
2021-08-25 19:00:00,2021,8,25,19,0.0,0.0,0.0,,,0.0,0.0,0.0,14.0,14.0,1.5,0.17
2021-08-25 20:00:00,2021,8,25,20,0.0,0.0,0.0,,,0.0,0.0,0.0,12.0,12.0,1.5,0.17
2021-08-25 21:00:00,2021,8,25,21,0.0,0.0,0.0,,,0.0,0.0,0.0,10.0,10.0,1.5,0.17
2021-08-25 22:00:00,2021,8,25,22,0.0,0.0,0.0,,,0.0,0.0,0.0,10.2,10.2,1.5,0.17
2021-08-25 23:00:00,2021,8,25,23,0.0,0.0,0.0,,,0.0,0.0,0.0,10.1,10.1,1.0,0.17
2021-08-26 00:00:00,2021,8,26,0,0.0,0.0,0.0,,,0.0,0.0,0.0,10.1,10.1,2.5,0.17
2021-08-26 01:00:00,2021,8,26,1,0.0,0.0,0.0,,,0.0,0.0,0.0,10.0,10.0,3.0,0.17
2021-08-26 02:00:00,2021,8,26,2,0.0,0.0,0.0,,,0.0,0.0,0.0,10.0,10.0,1.5,0.17
2021-08-26 03:00:00,2021,8,26,3,0.0,0.0,0.0,,,0.0,0.0,0.0,10.0,10.0,0.5,0.17
2021-08-26 04:00:00,2021,8,26,4,0.0,0.0,0.0,,,0.0,0.0,0.0,9.2,9.2,0.5,0.17
2021-08-26 05:00:00,2021,8,26,5,0.0,0.0,0.0,,,0.0,0.0,0.0,9.6,9.6,1.5,0.17
2021-08-26 06:00:00,2021,8,26,6,0.0,0.0,0.0,,,0.0,0.0,0.0,10.0,10.0,0.5,0.17
2021-08-26 07:00:00,2021,8,26,7,5.0,5.0,0.0,,,4.722,3.013,0.0,9.0,9.127,2.0,0.17
2021-08-26 08:00:00,2021,8,26,8,45.0,45.0,0.0,1.0,alta_fd,42.651,35.505,30.284,10.0,12.025,0.0,0.17
2021-08-26 09:00:00,2021,8,26,9,103.0,103.0,0.0,1.0,alta_fd,98.693,83.686,76.757,10.0,13.999,0.5,0.17
2021-08-26 10:00:00,2021,8,26,10,156.0,156.0,0.0,1.0,alta_fd,150.895,127.719,119.23,10.2,15.523,1.0,0.17
2021-08-26 11:00:00,2021,8,26,11,191.640037344159,191.0,1.0,0.9966602107105126,alta_fd,186.489,156.648,147.134,10.0,17.521,0.5,0.17
2021-08-26 12:00:00,2021,8,26,12,208.12709692999925,206.0,3.0,0.9897798174222616,alta_fd,203.324,169.699,159.723,11.0,19.194,0.5,0.17
2021-08-26 13:00:00,2021,8,26,13,202.16918547169195,200.0,3.0,0.9892704446197826,alta_fd,197.27,165.195,155.378,11.4,18.343,1.0,0.17
2021-08-26 14:00:00,2021,8,26,14,175.68117352209552,175.0,1.0,0.9961226720630378,alta_fd,170.519,142.957,133.928,12.0,18.009,1.0,0.17
2021-08-26 15:00:00,2021,8,26,15,131.0,131.0,0.0,1.0,alta_fd,126.202,106.68,98.936,12.0,15.556,2.0,0.17
2021-08-26 16:00:00,2021,8,26,16,74.0,74.0,0.0,1.0,alta_fd,70.381,59.325,53.259,12.0,13.627,3.1,0.17
2021-08-26 17:00:00,2021,8,26,17,20.0,20.0,0.0,1.0,alta_fd,18.922,14.925,10.433,12.0,12.484,2.5,0.17
2021-08-26 18:00:00,2021,8,26,18,1.0,1.0,0.0,,,0.97,0.0,0.0,12.0,12.025,2.0,0.17
2021-08-26 19:00:00,2021,8,26,19,0.0,0.0,0.0,,,0.0,0.0,0.0,11.0,11.0,2.5,0.17
2021-08-26 20:00:00,2021,8,26,20,0.0,0.0,0.0,,,0.0,0.0,0.0,11.0,11.0,1.5,0.17
2021-08-26 21:00:00,2021,8,26,21,0.0,0.0,0.0,,,0.0,0.0,0.0,11.0,11.0,0.5,0.17
2021-08-26 22:00:00,2021,8,26,22,0.0,0.0,0.0,,,0.0,0.0,0.0,11.3,11.3,0.5,0.17
2021-08-26 23:00:00,2021,8,26,23,0.0,0.0,0.0,,,0.0,0.0,0.0,11.0,11.0,0.5,0.17
2021-08-27 00:00:00,2021,8,27,0,0.0,0.0,0.0,,,0.0,0.0,0.0,11.0,11.0,1.0,0.17
2021-08-27 01:00:00,2021,8,27,1,0.0,0.0,0.0,,,0.0,0.0,0.0,10.9,10.9,1.5,0.17
2021-08-27 02:00:00,2021,8,27,2,0.0,0.0,0.0,,,0.0,0.0,0.0,11.0,11.0,1.0,0.17
2021-08-27 03:00:00,2021,8,27,3,0.0,0.0,0.0,,,0.0,0.0,0.0,10.0,10.0,0.5,0.17
2021-08-27 04:00:00,2021,8,27,4,0.0,0.0,0.0,,,0.0,0.0,0.0,10.2,10.2,0.0,0.17
2021-08-27 05:00:00,2021,8,27,5,0.0,0.0,0.0,,,0.0,0.0,0.0,10.0,10.0,2.0,0.17
2021-08-27 06:00:00,2021,8,27,6,0.0,0.0,0.0,,,0.0,0.0,0.0,9.0,9.0,1.0,0.17
2021-08-27 07:00:00,2021,8,27,7,5.0,5.0,0.0,,,4.722,3.036,0.0,9.2,9.341,1.5,0.17
2021-08-27 08:00:00,2021,8,27,8,46.0,46.0,0.0,1.0,alta_fd,43.601,36.375,31.123,10.0,11.77,0.5,0.17
2021-08-27 09:00:00,2021,8,27,9,105.0,105.0,0.0,1.0,alta_fd,100.646,85.388,78.399,10.4,13.961,1.0,0.17
2021-08-27 10:00:00,2021,8,27,10,157.0,157.0,0.0,1.0,alta_fd,151.84,127.785,119.293,10.8,16.934,0.5,0.17
2021-08-27 11:00:00,2021,8,27,11,193.64460887782025,193.0,1.0,0.9966711757091726,alta_fd,188.446,158.991,149.394,12.0,16.402,3.0,0.17
2021-08-27 12:00:00,2021,8,27,12,209.71342109270378,209.0,1.0,0.9965981142790646,alta_fd,204.461,170.894,160.875,13.0,18.738,2.0,0.17
2021-08-27 13:00:00,2021,8,27,13,203.727194135293,203.0,1.0,0.9964305494984137,alta_fd,198.44,166.113,156.264,13.0,18.353,2.2,0.17
2021-08-27 14:00:00,2021,8,27,14,177.0,177.0,0.0,1.0,alta_fd,171.657,143.674,134.619,14.0,18.381,2.5,0.17
2021-08-27 15:00:00,2021,8,27,15,132.0,132.0,0.0,1.0,alta_fd,127.16,107.58,99.805,13.0,15.347,4.6,0.17
2021-08-27 16:00:00,2021,8,27,16,75.0,75.0,0.0,1.0,alta_fd,71.352,60.064,53.972,12.8,14.039,5.1,0.17
2021-08-27 17:00:00,2021,8,27,17,21.0,21.0,0.0,1.0,alta_fd,19.87,15.733,11.212,11.9,12.329,3.5,0.17
2021-08-27 18:00:00,2021,8,27,18,1.0,1.0,0.0,,,0.97,0.0,0.0,11.0,11.025,2.0,0.17
2021-08-27 19:00:00,2021,8,27,19,0.0,0.0,0.0,,,0.0,0.0,0.0,11.0,11.0,2.5,0.17
2021-08-27 20:00:00,2021,8,27,20,0.0,0.0,0.0,,,0.0,0.0,0.0,10.0,10.0,1.5,0.17
2021-08-27 21:00:00,2021,8,27,21,0.0,0.0,0.0,,,0.0,0.0,0.0,10.0,10.0,3.0,0.17
2021-08-27 22:00:00,2021,8,27,22,0.0,0.0,0.0,,,0.0,0.0,0.0,9.0,9.0,2.6,0.17
2021-08-27 23:00:00,2021,8,27,23,0.0,0.0,0.0,,,0.0,0.0,0.0,9.0,9.0,2.5,0.17
2021-08-28 00:00:00,2021,8,28,0,0.0,0.0,0.0,,,0.0,0.0,0.0,8.0,8.0,2.5,0.17
2021-08-28 01:00:00,2021,8,28,1,0.0,0.0,0.0,,,0.0,0.0,0.0,8.6,8.6,3.1,0.17
2021-08-28 02:00:00,2021,8,28,2,0.0,0.0,0.0,,,0.0,0.0,0.0,9.0,9.0,2.0,0.17
2021-08-28 03:00:00,2021,8,28,3,0.0,0.0,0.0,,,0.0,0.0,0.0,9.0,9.0,2.0,0.17
2021-08-28 04:00:00,2021,8,28,4,0.0,0.0,0.0,,,0.0,0.0,0.0,8.6,8.6,1.0,0.17
2021-08-28 05:00:00,2021,8,28,5,0.0,0.0,0.0,,,0.0,0.0,0.0,9.0,9.0,1.0,0.17
2021-08-28 06:00:00,2021,8,28,6,0.0,0.0,0.0,,,0.0,0.0,0.0,9.0,9.0,0.5,0.17
2021-08-28 07:00:00,2021,8,28,7,5.0,5.0,0.0,,,4.722,3.068,0.0,8.9,9.004,3.1,0.17
2021-08-28 08:00:00,2021,8,28,8,48.0,48.0,0.0,1.0,alta_fd,45.502,38.251,32.932,9.0,10.431,1.5,0.17
2021-08-28 09:00:00,2021,8,28,9,107.0,107.0,0.0,1.0,alta_fd,102.597,87.006,79.959,10.0,14.157,0.5,0.17
2021-08-28 10:00:00,2021,8,28,10,159.0,159.0,0.0,1.0,alta_fd,153.791,130.373,121.79,10.3,15.114,1.5,0.17
2021-08-28 11:00:00,2021,8,28,11,195.64919592966478,195.0,1.0,0.9966818369654933,alta_fd,190.403,161.676,151.984,11.0,14.752,4.1,0.17
2021-08-28 12:00:00,2021,8,28,12,211.7178173538259,211.0,1.0,0.9966095562348148,alta_fd,206.42,173.831,163.708,12.0,16.817,3.0,0.17
2021-08-28 13:00:00,2021,8,28,13,206.7313273251974,206.0,1.0,0.9964624262096136,alta_fd,201.414,170.014,160.026,12.3,16.267,4.1,0.17
2021-08-28 14:00:00,2021,8,28,14,179.0,179.0,0.0,1.0,alta_fd,173.615,147.274,138.092,12.0,14.998,5.1,0.17
2021-08-28 15:00:00,2021,8,28,15,134.0,134.0,0.0,1.0,alta_fd,129.12,109.95,102.09,11.8,13.788,6.1,0.17
2021-08-28 16:00:00,2021,8,28,16,76.0,76.0,0.0,1.0,alta_fd,72.322,61.13,55.0,11.6,13.144,3.6,0.17
2021-08-28 17:00:00,2021,8,28,17,21.0,21.0,0.0,1.0,alta_fd,19.87,15.801,11.278,11.0,11.56,2.0,0.17
2021-08-28 18:00:00,2021,8,28,18,1.0,1.0,0.0,,,0.97,0.0,0.0,10.0,10.013,6.6,0.17
2021-08-28 19:00:00,2021,8,28,19,0.0,0.0,0.0,,,0.0,0.0,0.0,9.2,9.2,1.0,0.17
2021-08-28 20:00:00,2021,8,28,20,0.0,0.0,0.0,,,0.0,0.0,0.0,10.0,10.0,1.0,0.17
2021-08-28 21:00:00,2021,8,28,21,0.0,0.0,0.0,,,0.0,0.0,0.0,9.1,9.1,2.5,0.17
2021-08-28 22:00:00,2021,8,28,22,0.0,0.0,0.0,,,0.0,0.0,0.0,8.3,8.3,1.5,0.17
2021-08-28 23:00:00,2021,8,28,23,0.0,0.0,0.0,,,0.0,0.0,0.0,8.0,8.0,1.5,0.17
2021-08-29 00:00:00,2021,8,29,0,0.0,0.0,0.0,,,0.0,0.0,0.0,7.0,7.0,1.0,0.17
2021-08-29 01:00:00,2021,8,29,1,0.0,0.0,0.0,,,0.0,0.0,0.0,6.8,6.8,1.0,0.17
2021-08-29 02:00:00,2021,8,29,2,0.0,0.0,0.0,,,0.0,0.0,0.0,7.0,7.0,0.5,0.17
2021-08-29 03:00:00,2021,8,29,3,0.0,0.0,0.0,,,0.0,0.0,0.0,7.0,7.0,1.0,0.17
2021-08-29 04:00:00,2021,8,29,4,0.0,0.0,0.0,,,0.0,0.0,0.0,7.2,7.2,2.1,0.17
2021-08-29 05:00:00,2021,8,29,5,0.0,0.0,0.0,,,0.0,0.0,0.0,8.0,8.0,3.6,0.17
2021-08-29 06:00:00,2021,8,29,6,0.0,0.0,0.0,,,0.0,0.0,0.0,7.0,7.0,1.5,0.17
2021-08-29 07:00:00,2021,8,29,7,14.0,14.0,0.0,1.0,alta_fd,13.244,9.378,5.082,7.5,7.854,2.1,0.17
2021-08-29 08:00:00,2021,8,29,8,108.38467676421828,97.0,63.0,0.8949604583959346,alta_fd,122.448,105.199,97.508,10.0,13.458,2.0,0.17
2021-08-29 09:00:00,2021,8,29,9,224.63831984029963,197.0,74.0,0.8769652485829296,alta_fd,246.422,213.461,201.933,10.7,17.391,2.2,0.17
2021-08-29 10:00:00,2021,8,29,10,300.25329899375686,258.0,79.0,0.8592744887887629,alta_fd,325.919,278.548,264.715,11.3,19.956,2.3,0.17
2021-08-29 11:00:00,2021,8,29,11,320.46074045535994,310.0,16.0,0.9673571856555792,alta_fd,322.508,272.343,258.729,12.0,20.226,2.5,0.17
2021-08-29 12:00:00,2021,8,29,12,283.05553328277074,278.0,7.0,0.9821394295877611,alta_fd,280.665,233.894,221.643,12.0,21.874,1.0,0.17
2021-08-29 13:00:00,2021,8,29,13,207.67729795073507,204.0,5.0,0.9822932116941959,alta_fd,202.954,169.788,159.808,13.6,18.68,2.6,0.17
2021-08-29 14:00:00,2021,8,29,14,240.15572001660905,236.0,6.0,0.9826957275207867,alta_fd,236.756,199.679,188.64,13.0,19.043,2.5,0.17
2021-08-29 15:00:00,2021,8,29,15,219.5797595866867,216.0,6.0,0.9836972242185489,alta_fd,217.297,183.907,173.427,13.3,19.818,1.7,0.17
2021-08-29 16:00:00,2021,8,29,16,147.08061170336381,138.0,20.0,0.9382609876434439,alta_fd,145.276,123.41,115.074,13.6,18.749,1.0,0.17
2021-08-29 17:00:00,2021,8,29,17,35.0,35.0,0.0,1.0,alta_fd,33.165,26.736,21.826,12.8,13.795,1.7,0.17
2021-08-29 18:00:00,2021,8,29,18,1.0,1.0,0.0,,,0.97,0.0,0.0,12.0,12.023,2.4,0.17
2021-08-29 19:00:00,2021,8,29,19,0.0,0.0,0.0,,,0.0,0.0,0.0,11.5,11.5,3.1,0.17
2021-08-29 20:00:00,2021,8,29,20,0.0,0.0,0.0,,,0.0,0.0,0.0,11.0,11.0,4.1,0.17
2021-08-29 21:00:00,2021,8,29,21,0.0,0.0,0.0,,,0.0,0.0,0.0,11.0,11.0,3.0,0.17
2021-08-29 22:00:00,2021,8,29,22,0.0,0.0,0.0,,,0.0,0.0,0.0,10.0,10.0,1.5,0.17
2021-08-29 23:00:00,2021,8,29,23,0.0,0.0,0.0,,,0.0,0.0,0.0,10.0,10.0,0.5,0.17
2021-08-30 00:00:00,2021,8,30,0,0.0,0.0,0.0,,,0.0,0.0,0.0,10.0,10.0,2.5,0.17
2021-08-30 01:00:00,2021,8,30,1,0.0,0.0,0.0,,,0.0,0.0,0.0,10.5,10.5,1.5,0.17
2021-08-30 02:00:00,2021,8,30,2,0.0,0.0,0.0,,,0.0,0.0,0.0,10.0,10.0,2.0,0.17
2021-08-30 03:00:00,2021,8,30,3,0.0,0.0,0.0,,,0.0,0.0,0.0,10.0,10.0,2.3,0.17
2021-08-30 04:00:00,2021,8,30,4,0.0,0.0,0.0,,,0.0,0.0,0.0,10.0,10.0,2.6,0.17
2021-08-30 05:00:00,2021,8,30,5,0.0,0.0,0.0,,,0.0,0.0,0.0,10.0,10.0,3.0,0.17
2021-08-30 06:00:00,2021,8,30,6,0.0,0.0,0.0,,,0.0,0.0,0.0,9.5,9.5,1.7,0.17
2021-08-30 07:00:00,2021,8,30,7,6.0,6.0,0.0,,,5.667,3.855,0.0,9.0,9.222,0.5,0.17
2021-08-30 08:00:00,2021,8,30,8,51.0,51.0,0.0,1.0,alta_fd,48.354,40.618,35.216,10.0,11.242,2.5,0.17
2021-08-30 09:00:00,2021,8,30,9,111.0,111.0,0.0,1.0,alta_fd,106.497,91.058,83.868,10.0,12.269,3.6,0.17
2021-08-30 10:00:00,2021,8,30,10,163.0,163.0,0.0,1.0,alta_fd,157.69,134.567,125.835,9.5,13.455,2.6,0.17
2021-08-30 11:00:00,2021,8,30,11,199.65840770547203,199.0,1.0,0.9967023291779263,alta_fd,194.311,165.186,155.37,9.0,14.456,2.0,0.17
2021-08-30 12:00:00,2021,8,30,12,215.7266241049884,215.0,1.0,0.9966317365415464,alta_fd,210.333,178.677,168.382,9.0,14.563,2.3,0.17
2021-08-30 13:00:00,2021,8,30,13,209.73958913360502,209.0,1.0,0.9964737742804773,alta_fd,204.315,174.02,163.89,8.8,13.913,2.6,0.17
2021-08-30 14:00:00,2021,8,30,14,182.0,182.0,0.0,1.0,alta_fd,176.517,151.191,141.87,8.0,12.504,2.5,0.17
2021-08-30 15:00:00,2021,8,30,15,137.0,137.0,0.0,1.0,alta_fd,132.035,113.089,105.118,9.0,12.378,2.5,0.17
2021-08-30 16:00:00,2021,8,30,16,78.0,78.0,0.0,1.0,alta_fd,74.261,63.441,57.229,9.0,10.716,3.1,0.17
2021-08-30 17:00:00,2021,8,30,17,30.0,30.0,0.0,1.0,alta_fd,28.411,23.576,18.777,5.0,5.801,2.0,0.17
2021-08-30 18:00:00,2021,8,30,18,1.0,1.0,0.0,,,0.97,0.0,0.0,8.0,8.027,1.5,0.17
2021-08-30 19:00:00,2021,8,30,19,0.0,0.0,0.0,,,0.0,0.0,0.0,8.1,8.1,1.5,0.17
2021-08-30 20:00:00,2021,8,30,20,0.0,0.0,0.0,,,0.0,0.0,0.0,8.0,8.0,1.0,0.17
2021-08-30 21:00:00,2021,8,30,21,0.0,0.0,0.0,,,0.0,0.0,0.0,7.0,7.0,1.0,0.17
2021-08-30 22:00:00,2021,8,30,22,0.0,0.0,0.0,,,0.0,0.0,0.0,6.0,6.0,1.5,0.17
2021-08-30 23:00:00,2021,8,30,23,0.0,0.0,0.0,,,0.0,0.0,0.0,6.0,6.0,2.0,0.17
2021-08-31 00:00:00,2021,8,31,0,0.0,0.0,0.0,,,0.0,0.0,0.0,6.0,6.0,2.5,0.17
2021-08-31 01:00:00,2021,8,31,1,0.0,0.0,0.0,,,0.0,0.0,0.0,5.4,5.4,2.1,0.17
2021-08-31 02:00:00,2021,8,31,2,0.0,0.0,0.0,,,0.0,0.0,0.0,5.0,5.0,0.0,0.17
2021-08-31 03:00:00,2021,8,31,3,0.0,0.0,0.0,,,0.0,0.0,0.0,4.0,4.0,1.5,0.17
2021-08-31 04:00:00,2021,8,31,4,0.0,0.0,0.0,,,0.0,0.0,0.0,4.0,4.0,0.5,0.17
2021-08-31 05:00:00,2021,8,31,5,0.0,0.0,0.0,,,0.0,0.0,0.0,4.0,4.0,0.0,0.17
2021-08-31 06:00:00,2021,8,31,6,0.0,0.0,0.0,,,0.0,0.0,0.0,0.0,0.0,1.5,0.17
2021-08-31 07:00:00,2021,8,31,7,21.0,21.0,0.0,1.0,alta_fd,19.893,14.685,10.201,4.9,5.385,2.6,0.17
2021-08-31 08:00:00,2021,8,31,8,150.36784355070412,115.0,186.0,0.7647911766535505,alta_fd,199.751,172.912,162.821,7.0,15.096,0.5,0.17
2021-08-31 09:00:00,2021,8,31,9,325.6024086489323,172.0,401.0,0.5282516204769606,mixto,438.804,374.943,357.694,9.0,26.846,0.5,0.17
2021-08-31 10:00:00,2021,8,31,10,485.85394649230136,193.0,538.0,0.39723872038787317,mixto,637.875,530.368,507.612,10.2,32.8,1.0,0.17
2021-08-31 11:00:00,2021,8,31,11,626.7076373969512,209.0,630.0,0.33348883518970296,mixto,802.961,644.226,617.435,12.0,40.407,1.0,0.17
2021-08-31 12:00:00,2021,8,31,12,707.1902096376994,175.0,728.0,0.247458176902158,baja_fd,889.465,718.987,689.547,13.0,38.093,2.0,0.17
2021-08-31 13:00:00,2021,8,31,13,715.1724813977698,144.0,768.0,0.2013500291825533,baja_fd,873.528,687.965,659.624,14.2,45.114,1.0,0.17
2021-08-31 14:00:00,2021,8,31,14,645.0595544512105,136.0,727.0,0.2108332464212596,baja_fd,768.893,623.463,597.408,15.0,39.176,1.5,0.17
2021-08-31 15:00:00,2021,8,31,15,501.3177747689073,138.0,602.0,0.2752745004176521,baja_fd,578.427,484.899,463.753,16.0,32.378,2.0,0.17
2021-08-31 16:00:00,2021,8,31,16,296.15289787969004,136.0,348.0,0.45922224963420416,mixto,321.012,272.678,259.053,16.1,27.509,1.0,0.17
2021-08-31 17:00:00,2021,8,31,17,83.04494605741525,64.0,68.0,0.7706670067044413,alta_fd,85.717,68.787,62.386,15.0,18.006,1.0,0.17
2021-08-31 18:00:00,2021,8,31,18,3.0,3.0,0.0,,,2.91,1.517,0.0,12.5,12.582,1.5,0.17
2021-08-31 19:00:00,2021,8,31,19,0.0,0.0,0.0,,,0.0,0.0,0.0,11.7,11.7,2.1,0.17
2021-08-31 20:00:00,2021,8,31,20,0.0,0.0,0.0,,,0.0,0.0,0.0,10.7,10.7,0.5,0.17
2021-08-31 21:00:00,2021,8,31,21,0.0,0.0,0.0,,,0.0,0.0,0.0,9.9,9.9,1.0,0.17
2021-08-31 22:00:00,2021,8,31,22,0.0,0.0,0.0,,,0.0,0.0,0.0,9.3,9.3,1.0,0.17
2021-08-31 23:00:00,2021,8,31,23,0.0,0.0,0.0,,,0.0,0.0,0.0,9.1,9.1,1.0,0.17
2021-09-01 00:00:00,2021,9,1,0,0.0,0.0,0.0,,,0.0,0.0,0.0,9.3,9.3,0.0,0.15
2021-09-01 01:00:00,2021,9,1,1,0.0,0.0,0.0,,,0.0,0.0,0.0,9.8,9.8,2.1,0.15
2021-09-01 02:00:00,2021,9,1,2,0.0,0.0,0.0,,,0.0,0.0,0.0,10.3,10.3,1.5,0.15
2021-09-01 03:00:00,2021,9,1,3,0.0,0.0,0.0,,,0.0,0.0,0.0,10.6,10.6,1.0,0.15
2021-09-01 04:00:00,2021,9,1,4,0.0,0.0,0.0,,,0.0,0.0,0.0,10.7,10.7,1.5,0.15
2021-09-01 05:00:00,2021,9,1,5,0.0,0.0,0.0,,,0.0,0.0,0.0,10.7,10.7,1.0,0.15
2021-09-01 06:00:00,2021,9,1,6,0.0,0.0,0.0,,,0.0,0.0,0.0,11.0,11.0,1.5,0.15
2021-09-01 07:00:00,2021,9,1,7,8.0,8.0,0.0,,,7.554,5.236,1.087,11.2,11.431,1.5,0.15
2021-09-01 08:00:00,2021,9,1,8,78.0,78.0,0.0,1.0,alta_fd,74.831,63.177,56.974,12.0,14.354,1.5,0.15
2021-09-01 09:00:00,2021,9,1,9,192.5330322284617,184.0,22.0,0.9556801649582066,alta_fd,194.149,164.735,154.934,13.0,19.87,1.0,0.15
2021-09-01 10:00:00,2021,9,1,10,318.0266401470842,273.0,82.0,0.8584186528327947,alta_fd,344.304,288.012,273.843,13.5,25.657,1.0,0.15
2021-09-01 11:00:00,2021,9,1,11,386.7654940292251,320.0,100.0,0.827374739836072,alta_fd,419.14,345.761,329.546,14.0,28.776,1.0,0.15
2021-09-01 12:00:00,2021,9,1,12,419.0144942382772,344.0,102.0,0.8209739871298595,alta_fd,451.6,376.977,359.656,15.0,25.379,3.1,0.15
2021-09-01 13:00:00,2021,9,1,13,409.53112479263905,334.0,101.0,0.8155668269880995,alta_fd,437.969,365.374,348.464,15.6,25.668,3.1,0.15
2021-09-01 14:00:00,2021,9,1,14,362.28851673186455,294.0,97.0,0.8115079181976779,alta_fd,383.39,320.622,305.297,16.0,25.621,2.6,0.15
2021-09-01 15:00:00,2021,9,1,15,276.52655034276177,248.0,47.0,0.8968397417629433,alta_fd,287.405,243.542,230.949,16.0,22.121,3.6,0.15
2021-09-01 16:00:00,2021,9,1,16,164.33913226799632,156.0,18.0,0.9492565638329082,alta_fd,162.741,138.829,129.946,15.1,18.575,3.6,0.15
2021-09-01 17:00:00,2021,9,1,17,51.0,51.0,0.0,1.0,alta_fd,48.952,39.968,34.588,14.0,15.23,2.6,0.15
2021-09-01 18:00:00,2021,9,1,18,2.0,2.0,0.0,,,1.94,0.987,0.0,13.0,13.055,1.5,0.15
2021-09-01 19:00:00,2021,9,1,19,0.0,0.0,0.0,,,0.0,0.0,0.0,12.3,12.3,2.1,0.15
2021-09-01 20:00:00,2021,9,1,20,0.0,0.0,0.0,,,0.0,0.0,0.0,11.0,11.0,1.0,0.15
2021-09-01 21:00:00,2021,9,1,21,0.0,0.0,0.0,,,0.0,0.0,0.0,11.0,11.0,1.5,0.15
2021-09-01 22:00:00,2021,9,1,22,0.0,0.0,0.0,,,0.0,0.0,0.0,10.3,10.3,1.5,0.15
2021-09-01 23:00:00,2021,9,1,23,0.0,0.0,0.0,,,0.0,0.0,0.0,10.0,10.0,2.0,0.15
2021-09-02 00:00:00,2021,9,2,0,0.0,0.0,0.0,,,0.0,0.0,0.0,9.0,9.0,2.6,0.15
2021-09-02 01:00:00,2021,9,2,1,0.0,0.0,0.0,,,0.0,0.0,0.0,8.8,8.8,2.6,0.15
2021-09-02 02:00:00,2021,9,2,2,0.0,0.0,0.0,,,0.0,0.0,0.0,8.9,8.9,1.5,0.15
2021-09-02 03:00:00,2021,9,2,3,0.0,0.0,0.0,,,0.0,0.0,0.0,9.0,9.0,2.6,0.15
2021-09-02 04:00:00,2021,9,2,4,0.0,0.0,0.0,,,0.0,0.0,0.0,8.7,8.7,3.1,0.15
2021-09-02 05:00:00,2021,9,2,5,0.0,0.0,0.0,,,0.0,0.0,0.0,8.0,8.0,2.6,0.15
2021-09-02 06:00:00,2021,9,2,6,0.0,0.0,0.0,,,0.0,0.0,0.0,8.0,0.0,2.1,0.15
2021-09-02 07:00:00,2021,9,2,7,8.0,8.0,0.0,,,7.554,5.412,1.256,8.2,8.404,2.1,0.15
2021-09-02 08:00:00,2021,9,2,8,60.0,60.0,0.0,1.0,alta_fd,56.882,48.298,42.623,9.0,10.316,3.1,0.15
2021-09-02 09:00:00,2021,9,2,9,122.0,122.0,0.0,1.0,alta_fd,117.288,100.942,93.402,9.0,11.321,4.1,0.15
2021-09-02 10:00:00,2021,9,2,10,174.0,174.0,0.0,1.0,alta_fd,168.5,144.419,135.338,9.4,12.725,4.1,0.15
2021-09-02 11:00:00,2021,9,2,11,278.37829069275864,273.0,8.0,0.9806799205520859,alta_fd,275.909,236.629,224.281,9.7,14.776,4.6,0.15
2021-09-02 12:00:00,2021,9,2,12,365.79678431294826,351.0,20.0,0.9595491678781701,alta_fd,368.549,314.628,299.516,10.0,17.258,4.1,0.15
2021-09-02 13:00:00,2021,9,2,13,415.1477151146019,358.0,76.0,0.8623436597770356,alta_fd,441.539,379.145,361.747,10.0,17.622,5.1,0.15
2021-09-02 14:00:00,2021,9,2,14,456.5104586790201,310.0,207.0,0.6790643984302801,mixto,502.209,430.91,411.677,11.0,20.927,4.1,0.15
2021-09-02 15:00:00,2021,9,2,15,411.6030747609483,223.0,309.0,0.5417840965583516,mixto,456.077,395.969,377.974,11.0,20.737,3.6,0.15
2021-09-02 16:00:00,2021,9,2,16,281.11181138137835,151.0,279.0,0.5371528121070002,mixto,302.814,264.829,251.482,10.8,19.21,2.1,0.15
2021-09-02 17:00:00,2021,9,2,17,88.98928146003269,69.0,70.0,0.7753742795528653,alta_fd,91.493,75.232,68.603,11.0,13.283,2.6,0.15
2021-09-02 18:00:00,2021,9,2,18,3.0,3.0,0.0,,,2.91,1.546,0.0,9.0,9.082,1.5,0.15
2021-09-02 19:00:00,2021,9,2,19,0.0,0.0,0.0,,,0.0,0.0,0.0,8.0,8.0,1.5,0.15
2021-09-02 20:00:00,2021,9,2,20,0.0,0.0,0.0,,,0.0,0.0,0.0,7.0,7.0,2.1,0.15
2021-09-02 21:00:00,2021,9,2,21,0.0,0.0,0.0,,,0.0,0.0,0.0,7.0,7.0,2.1,0.15
2021-09-02 22:00:00,2021,9,2,22,0.0,0.0,0.0,,,0.0,0.0,0.0,5.2,5.2,1.5,0.15
2021-09-02 23:00:00,2021,9,2,23,0.0,0.0,0.0,,,0.0,0.0,0.0,5.0,5.0,1.5,0.15
2021-09-03 00:00:00,2021,9,3,0,0.0,0.0,0.0,,,0.0,0.0,0.0,3.0,3.0,0.5,0.15
2021-09-03 01:00:00,2021,9,3,1,0.0,0.0,0.0,,,0.0,0.0,0.0,2.6,2.6,1.0,0.15
2021-09-03 02:00:00,2021,9,3,2,0.0,0.0,0.0,,,0.0,0.0,0.0,1.8,1.8,0.5,0.15
2021-09-03 03:00:00,2021,9,3,3,0.0,0.0,0.0,,,0.0,0.0,0.0,1.0,1.0,0.0,0.15
2021-09-03 04:00:00,2021,9,3,4,0.0,0.0,0.0,,,0.0,0.0,0.0,0.5,0.5,1.5,0.15
2021-09-03 05:00:00,2021,9,3,5,0.0,0.0,0.0,,,0.0,0.0,0.0,0.0,0.0,1.5,0.15
2021-09-03 06:00:00,2021,9,3,6,0.0,0.0,0.0,,,0.0,0.0,0.0,-0.3,0.0,2.1,0.15
2021-09-03 07:00:00,2021,9,3,7,31.0,31.0,2.0,1.0,alta_fd,30.242,24.092,19.275,-0.5,0.549,1.0,0.15
2021-09-03 08:00:00,2021,9,3,8,179.75382180662376,119.0,297.0,0.6620165223970496,mixto,249.956,220.909,209.118,5.0,11.291,2.6,0.15
2021-09-03 09:00:00,2021,9,3,9,368.4181157928034,143.0,567.0,0.38814595121707457,mixto,512.349,453.123,433.104,8.0,18.969,3.6,0.15
2021-09-03 10:00:00,2021,9,3,10,545.4816310461979,141.0,724.0,0.2584871643240695,baja_fd,734.249,609.902,584.327,10.6,33.701,1.5,0.15
2021-09-03 11:00:00,2021,9,3,11,677.6282735371066,130.0,809.0,0.19184559599531123,baja_fd,876.11,696.963,668.303,12.0,43.018,1.0,0.15
2021-09-03 12:00:00,2021,9,3,12,750.0903433446659,116.0,852.0,0.15464803810532204,baja_fd,932.316,729.455,699.644,13.5,46.493,1.0,0.15
2021-09-03 13:00:00,2021,9,3,13,753.6136634861722,114.0,846.0,0.15127114266034236,baja_fd,908.234,709.638,680.529,15.0,47.15,1.0,0.15
2021-09-03 14:00:00,2021,9,3,14,683.3490412767977,107.0,810.0,0.15658176647189956,baja_fd,805.064,660.748,633.371,16.0,36.293,2.6,0.15
2021-09-03 15:00:00,2021,9,3,15,545.3911610381558,109.0,711.0,0.1998565576173214,baja_fd,623.076,527.504,504.849,17.0,30.332,3.6,0.15
2021-09-03 16:00:00,2021,9,3,16,342.0696811961229,113.0,488.0,0.3303420507917285,mixto,372.344,320.904,305.57,16.7,25.339,3.1,0.15
2021-09-03 17:00:00,2021,9,3,17,109.0550409892019,71.0,132.0,0.6510473918122691,mixto,110.379,87.979,80.898,16.0,19.016,2.1,0.15
2021-09-03 18:00:00,2021,9,3,18,4.0,4.0,0.0,,,3.879,2.035,0.0,14.0,14.141,0.5,0.15
2021-09-03 19:00:00,2021,9,3,19,0.0,0.0,0.0,,,0.0,0.0,0.0,12.5,12.5,2.6,0.15
2021-09-03 20:00:00,2021,9,3,20,0.0,0.0,0.0,,,0.0,0.0,0.0,9.0,9.0,0.0,0.15
2021-09-03 21:00:00,2021,9,3,21,0.0,0.0,0.0,,,0.0,0.0,0.0,5.0,5.0,1.5,0.15
2021-09-03 22:00:00,2021,9,3,22,0.0,0.0,0.0,,,0.0,0.0,0.0,6.4,6.4,1.0,0.15
2021-09-03 23:00:00,2021,9,3,23,0.0,0.0,0.0,,,0.0,0.0,0.0,5.0,5.0,0.5,0.15
2021-09-04 00:00:00,2021,9,4,0,0.0,0.0,0.0,,,0.0,0.0,0.0,4.0,4.0,1.0,0.15
2021-09-04 01:00:00,2021,9,4,1,0.0,0.0,0.0,,,0.0,0.0,0.0,3.0,3.0,0.5,0.15
2021-09-04 02:00:00,2021,9,4,2,0.0,0.0,0.0,,,0.0,0.0,0.0,1.0,1.0,1.5,0.15
2021-09-04 03:00:00,2021,9,4,3,0.0,0.0,0.0,,,0.0,0.0,0.0,2.0,2.0,0.0,0.15
2021-09-04 04:00:00,2021,9,4,4,0.0,0.0,0.0,,,0.0,0.0,0.0,1.4,1.4,0.5,0.15
2021-09-04 05:00:00,2021,9,4,5,0.0,0.0,0.0,,,0.0,0.0,0.0,0.0,0.0,1.5,0.15
2021-09-04 06:00:00,2021,9,4,6,0.0,0.0,0.0,,,0.0,0.0,0.0,0.0,0.0,1.5,0.15
2021-09-04 07:00:00,2021,9,4,7,33.0,33.0,8.0,1.0,alta_fd,33.257,26.353,21.455,1.5,3.046,0.0,0.15
2021-09-04 08:00:00,2021,9,4,8,184.2443643013836,121.0,302.0,0.6567365056663029,mixto,254.815,220.601,208.82,5.0,17.077,0.0,0.15
2021-09-04 09:00:00,2021,9,4,9,373.98792037261205,145.0,569.0,0.3877130572975016,mixto,517.268,443.065,423.402,9.0,27.378,1.0,0.15
2021-09-04 10:00:00,2021,9,4,10,545.2970142500345,121.0,753.0,0.2218974189074103,baja_fd,734.145,597.437,572.304,13.0,39.032,1.0,0.15
2021-09-04 11:00:00,2021,9,4,11,672.3769646211535,121.0,809.0,0.17995857438122775,baja_fd,868.19,677.477,649.508,17.0,47.738,1.0,0.15
2021-09-04 12:00:00,2021,9,4,12,751.0997756316532,123.0,839.0,0.16375986785052699,baja_fd,936.799,723.641,694.036,20.0,49.414,1.5,0.15
2021-09-04 13:00:00,2021,9,4,13,754.1915202502546,121.0,833.0,0.16043670175428382,baja_fd,912.318,690.718,662.279,22.2,54.489,1.0,0.15
2021-09-04 14:00:00,2021,9,4,14,685.3778635166592,111.0,803.0,0.1619544574002746,baja_fd,804.76,626.288,600.133,24.0,49.307,1.5,0.15
2021-09-04 15:00:00,2021,9,4,15,545.3961582107925,114.0,699.0,0.2090223744405982,baja_fd,620.927,509.023,487.022,24.0,38.384,3.1,0.15
2021-09-04 16:00:00,2021,9,4,16,340.88519643275333,116.0,476.0,0.34029051778692715,mixto,369.7,297.766,283.251,24.4,42.005,0.0,0.15
2021-09-04 17:00:00,2021,9,4,17,110.833041428847,73.0,130.0,0.6586483512397773,mixto,111.864,87.255,80.199,22.0,24.782,2.6,0.15
2021-09-04 18:00:00,2021,9,4,18,4.0,4.0,0.0,,,3.879,1.969,0.0,20.0,20.096,2.1,0.15
2021-09-04 19:00:00,2021,9,4,19,0.0,0.0,0.0,,,0.0,0.0,0.0,16.0,16.0,1.5,0.15
2021-09-04 20:00:00,2021,9,4,20,0.0,0.0,0.0,,,0.0,0.0,0.0,15.0,15.0,2.5,0.15
2021-09-04 21:00:00,2021,9,4,21,0.0,0.0,0.0,,,0.0,0.0,0.0,14.0,14.0,3.6,0.15
2021-09-04 22:00:00,2021,9,4,22,0.0,0.0,0.0,,,0.0,0.0,0.0,11.9,11.9,3.6,0.15
2021-09-04 23:00:00,2021,9,4,23,0.0,0.0,0.0,,,0.0,0.0,0.0,11.0,11.0,2.6,0.15
2021-09-05 00:00:00,2021,9,5,0,0.0,0.0,0.0,,,0.0,0.0,0.0,9.0,9.0,1.5,0.15
2021-09-05 01:00:00,2021,9,5,1,0.0,0.0,0.0,,,0.0,0.0,0.0,8.2,8.2,1.0,0.15
2021-09-05 02:00:00,2021,9,5,2,0.0,0.0,0.0,,,0.0,0.0,0.0,8.0,8.0,0.0,0.15
2021-09-05 03:00:00,2021,9,5,3,0.0,0.0,0.0,,,0.0,0.0,0.0,8.0,8.0,0.0,0.15
2021-09-05 04:00:00,2021,9,5,4,0.0,0.0,0.0,,,0.0,0.0,0.0,7.6,7.6,1.5,0.15
2021-09-05 05:00:00,2021,9,5,5,0.0,0.0,0.0,,,0.0,0.0,0.0,8.0,8.0,1.5,0.15
2021-09-05 06:00:00,2021,9,5,6,0.0,0.0,0.0,,,0.0,0.0,0.0,7.0,0.0,2.6,0.15
2021-09-05 07:00:00,2021,9,5,7,35.03527333689996,35.0,15.0,0.9989932050319467,alta_fd,37.457,29.311,24.309,6.0,7.154,1.5,0.15
2021-09-05 08:00:00,2021,9,5,8,187.21951455661537,124.0,295.0,0.6623241187953315,mixto,255.822,223.062,211.195,9.0,15.441,2.6,0.15
2021-09-05 09:00:00,2021,9,5,9,374.9953706657126,153.0,545.0,0.4080050367778832,mixto,512.469,435.436,416.043,11.0,29.204,1.0,0.15
2021-09-05 10:00:00,2021,9,5,10,544.0255574521636,136.0,718.0,0.24998825539911979,baja_fd,727.856,600.051,574.825,12.6,35.497,1.5,0.15
2021-09-05 11:00:00,2021,9,5,11,681.6555205262215,143.0,785.0,0.20978338133256438,baja_fd,872.675,685.489,657.235,15.0,45.888,1.0,0.15
2021-09-05 12:00:00,2021,9,5,12,756.0239906691929,125.0,838.0,0.16533866853796073,baja_fd,939.861,766.043,734.935,16.0,36.035,3.6,0.15
2021-09-05 13:00:00,2021,9,5,13,760.9363761331655,119.0,840.0,0.1563862679357239,baja_fd,917.971,743.568,713.257,16.8,37.994,3.1,0.15
2021-09-05 14:00:00,2021,9,5,14,675.0766274423003,143.0,740.0,0.21182780470684034,baja_fd,791.343,651.877,624.815,18.0,34.889,3.6,0.15
2021-09-05 15:00:00,2021,9,5,15,466.17933635837346,213.0,408.0,0.4569057085710404,mixto,521.769,438.46,418.96,18.0,30.066,3.1,0.15
2021-09-05 16:00:00,2021,9,5,16,179.0382596817088,141.0,80.0,0.7875411671821845,alta_fd,181.702,154.651,145.207,16.3,20.884,2.6,0.15
2021-09-05 17:00:00,2021,9,5,17,69.93743619939082,67.0,10.0,0.9579990866262781,alta_fd,67.888,55.703,49.765,15.0,16.705,2.6,0.15
2021-09-05 18:00:00,2021,9,5,18,4.0,4.0,0.0,,,3.879,2.058,0.0,12.0,12.08,3.1,0.15
2021-09-05 19:00:00,2021,9,5,19,0.0,0.0,0.0,,,0.0,0.0,0.0,11.2,11.2,0.0,0.15
2021-09-05 20:00:00,2021,9,5,20,0.0,0.0,0.0,,,0.0,0.0,0.0,10.0,10.0,2.1,0.15
2021-09-05 21:00:00,2021,9,5,21,0.0,0.0,0.0,,,0.0,0.0,0.0,10.0,10.0,0.0,0.15
2021-09-05 22:00:00,2021,9,5,22,0.0,0.0,0.0,,,0.0,0.0,0.0,9.2,9.2,1.5,0.15
2021-09-05 23:00:00,2021,9,5,23,0.0,0.0,0.0,,,0.0,0.0,0.0,8.6,8.6,0.7,0.15
2021-09-06 00:00:00,2021,9,6,0,0.0,0.0,0.0,,,0.0,0.0,0.0,8.0,8.0,0.0,0.15
2021-09-06 01:00:00,2021,9,6,1,0.0,0.0,0.0,,,0.0,0.0,0.0,8.2,8.2,0.5,0.15
2021-09-06 02:00:00,2021,9,6,2,0.0,0.0,0.0,,,0.0,0.0,0.0,8.0,8.0,0.0,0.15
2021-09-06 03:00:00,2021,9,6,3,0.0,0.0,0.0,,,0.0,0.0,0.0,8.0,8.0,1.5,0.15
2021-09-06 04:00:00,2021,9,6,4,0.0,0.0,0.0,,,0.0,0.0,0.0,7.0,7.0,0.0,0.15
2021-09-06 05:00:00,2021,9,6,5,0.0,0.0,0.0,,,0.0,0.0,0.0,7.0,7.0,1.0,0.15
2021-09-06 06:00:00,2021,9,6,6,0.0,0.0,0.0,,,0.0,0.0,0.0,7.0,0.0,1.5,0.15
2021-09-06 07:00:00,2021,9,6,7,12.0,12.0,0.0,1.0,alta_fd,11.337,8.634,4.364,7.2,7.731,0.0,0.15
2021-09-06 08:00:00,2021,9,6,8,89.0,89.0,0.0,1.0,alta_fd,85.532,73.459,66.893,9.0,11.371,2.1,0.15
2021-09-06 09:00:00,2021,9,6,9,207.7181287585025,197.0,26.0,0.9484006098910913,alta_fd,209.509,179.621,169.292,10.0,17.41,1.0,0.15
2021-09-06 10:00:00,2021,9,6,10,337.4319063461178,287.0,88.0,0.8505419748469556,alta_fd,363.826,307.399,292.543,11.6,22.996,1.5,0.15
2021-09-06 11:00:00,2021,9,6,11,403.7720929009565,334.0,101.0,0.8271993183093234,alta_fd,435.006,350.451,334.069,14.0,34.527,0.0,0.15
2021-09-06 12:00:00,2021,9,6,12,435.0105669137222,357.0,103.0,0.8206697196640871,alta_fd,466.292,371.498,354.371,15.0,36.988,0.0,0.15
2021-09-06 13:00:00,2021,9,6,13,425.36365203286783,347.0,102.0,0.8157725709322886,alta_fd,452.463,358.979,342.295,16.8,38.142,0.0,0.15
2021-09-06 14:00:00,2021,9,6,14,377.2738055065595,305.0,100.0,0.8084314244676526,alta_fd,397.094,325.715,310.21,18.0,30.429,1.5,0.15
2021-09-06 15:00:00,2021,9,6,15,289.1860261335392,253.0,58.0,0.8748693821158933,alta_fd,299.144,247.411,234.681,19.0,28.381,1.5,0.15
2021-09-06 16:00:00,2021,9,6,16,174.5699079304048,165.0,20.0,0.9451800826164152,alta_fd,172.336,144.064,134.995,18.5,23.919,1.5,0.15
2021-09-06 17:00:00,2021,9,6,17,64.29645599687571,64.0,1.0,0.9953892326990758,alta_fd,62.22,50.726,44.965,17.0,18.565,2.6,0.15
2021-09-06 18:00:00,2021,9,6,18,3.0,3.0,0.0,,,2.91,1.487,0.0,16.0,16.066,2.6,0.15
2021-09-06 19:00:00,2021,9,6,19,0.0,0.0,0.0,,,0.0,0.0,0.0,15.2,15.2,1.5,0.15
2021-09-06 20:00:00,2021,9,6,20,0.0,0.0,0.0,,,0.0,0.0,0.0,14.0,14.0,1.5,0.15
2021-09-06 21:00:00,2021,9,6,21,0.0,0.0,0.0,,,0.0,0.0,0.0,13.0,13.0,2.1,0.15
2021-09-06 22:00:00,2021,9,6,22,0.0,0.0,0.0,,,0.0,0.0,0.0,12.6,12.6,1.0,0.15
2021-09-06 23:00:00,2021,9,6,23,0.0,0.0,0.0,,,0.0,0.0,0.0,11.0,11.0,1.0,0.15
2021-09-07 00:00:00,2021,9,7,0,0.0,0.0,0.0,,,0.0,0.0,0.0,12.0,12.0,1.0,0.15
2021-09-07 01:00:00,2021,9,7,1,0.0,0.0,0.0,,,0.0,0.0,0.0,11.6,11.6,2.6,0.15
2021-09-07 02:00:00,2021,9,7,2,0.0,0.0,0.0,,,0.0,0.0,0.0,12.0,12.0,0.5,0.15
2021-09-07 03:00:00,2021,9,7,3,0.0,0.0,0.0,,,0.0,0.0,0.0,10.0,10.0,1.5,0.15
2021-09-07 04:00:00,2021,9,7,4,0.0,0.0,0.0,,,0.0,0.0,0.0,10.5,10.5,2.6,0.15
2021-09-07 05:00:00,2021,9,7,5,0.0,0.0,0.0,,,0.0,0.0,0.0,10.0,10.0,1.0,0.15
2021-09-07 06:00:00,2021,9,7,6,0.0,0.0,0.0,,,0.0,0.0,0.0,10.0,0.0,2.1,0.15
2021-09-07 07:00:00,2021,9,7,7,37.0,37.0,0.0,1.0,alta_fd,35.643,28.162,23.201,10.4,12.072,0.0,0.15
2021-09-07 08:00:00,2021,9,7,8,180.03483710832484,124.0,250.0,0.688755587483275,mixto,238.21,202.688,191.542,12.0,21.662,0.5,0.15
2021-09-07 09:00:00,2021,9,7,9,364.21516070331563,179.0,444.0,0.4914677347706863,mixto,479.523,409.225,390.761,15.0,27.106,2.6,0.15
2021-09-07 10:00:00,2021,9,7,10,535.4740568775301,187.0,603.0,0.3492232678655604,mixto,695.028,571.484,547.271,17.9,35.409,2.6,0.15
2021-09-07 11:00:00,2021,9,7,11,611.8489045137476,269.0,493.0,0.4396510282449249,mixto,749.381,602.557,577.243,20.0,38.834,2.6,0.15
2021-09-07 12:00:00,2021,9,7,12,577.6204689783775,359.0,287.0,0.6215153708713856,mixto,665.63,525.884,503.287,23.0,41.351,2.1,0.15
2021-09-07 13:00:00,2021,9,7,13,428.05303356349134,357.0,92.0,0.8340088073387002,alta_fd,454.04,356.218,339.632,24.7,40.69,1.0,0.15
2021-09-07 14:00:00,2021,9,7,14,375.1148294492718,317.0,80.0,0.8450745614760323,alta_fd,393.244,318.715,303.458,24.0,33.046,3.1,0.15
2021-09-07 15:00:00,2021,9,7,15,288.3619532221358,257.0,50.0,0.8912410154262739,alta_fd,297.684,244.909,232.267,22.0,29.481,2.6,0.15
2021-09-07 16:00:00,2021,9,7,16,176.00046229870395,163.0,27.0,0.9261339309629775,alta_fd,173.592,144.294,135.218,22.0,25.443,4.1,0.15
2021-09-07 17:00:00,2021,9,7,17,81.26556361887457,69.0,41.0,0.8490681283354098,alta_fd,80.041,63.848,57.622,20.0,22.203,2.1,0.15
2021-09-07 18:00:00,2021,9,7,18,5.0,5.0,0.0,,,4.72,2.444,0.0,18.0,18.117,2.1,0.15
2021-09-07 19:00:00,2021,9,7,19,0.0,0.0,0.0,,,0.0,0.0,0.0,16.6,16.6,1.5,0.15
2021-09-07 20:00:00,2021,9,7,20,0.0,0.0,0.0,,,0.0,0.0,0.0,15.0,15.0,2.1,0.15
2021-09-07 21:00:00,2021,9,7,21,0.0,0.0,0.0,,,0.0,0.0,0.0,14.0,14.0,1.0,0.15
2021-09-07 22:00:00,2021,9,7,22,0.0,0.0,0.0,,,0.0,0.0,0.0,12.7,12.7,0.5,0.15
2021-09-07 23:00:00,2021,9,7,23,0.0,0.0,0.0,,,0.0,0.0,0.0,12.0,12.0,0.0,0.15
2021-09-08 00:00:00,2021,9,8,0,0.0,0.0,0.0,,,0.0,0.0,0.0,11.0,11.0,1.0,0.15
2021-09-08 01:00:00,2021,9,8,1,0.0,0.0,0.0,,,0.0,0.0,0.0,11.0,11.0,0.0,0.15
2021-09-08 02:00:00,2021,9,8,2,0.0,0.0,0.0,,,0.0,0.0,0.0,10.0,10.0,3.6,0.15
2021-09-08 03:00:00,2021,9,8,3,0.0,0.0,0.0,,,0.0,0.0,0.0,8.0,8.0,2.1,0.15
2021-09-08 04:00:00,2021,9,8,4,0.0,0.0,0.0,,,0.0,0.0,0.0,6.3,6.3,1.5,0.15
2021-09-08 05:00:00,2021,9,8,5,0.0,0.0,0.0,,,0.0,0.0,0.0,7.0,7.0,2.1,0.15
2021-09-08 06:00:00,2021,9,8,6,0.0,0.0,0.0,,,0.0,0.0,0.0,7.0,0.0,0.5,0.15
2021-09-08 07:00:00,2021,9,8,7,41.50678479337513,41.0,30.0,0.9877903143811799,alta_fd,46.29,36.379,31.126,7.4,9.242,0.5,0.15
2021-09-08 08:00:00,2021,9,8,8,201.2456915569678,130.0,311.0,0.6459765622520178,mixto,270.971,230.257,218.134,12.0,22.992,0.5,0.15
2021-09-08 09:00:00,2021,9,8,9,395.45312809797184,165.0,546.0,0.4172428747589068,mixto,530.236,437.192,417.737,15.0,36.563,0.5,0.15
2021-09-08 10:00:00,2021,9,8,10,566.7662512725005,114.0,777.0,0.20114112254222585,baja_fd,753.664,588.726,563.902,18.2,48.799,0.5,0.15
2021-09-08 11:00:00,2021,9,8,11,697.8383415014306,121.0,824.0,0.173392593676729,baja_fd,889.495,669.261,641.583,20.0,56.057,0.5,0.15
2021-09-08 12:00:00,2021,9,8,12,769.6669604794711,107.0,865.0,0.1390211682379394,baja_fd,943.673,710.468,681.33,22.0,55.386,1.0,0.15
2021-09-08 13:00:00,2021,9,8,13,772.0217256618669,123.0,836.0,0.15932194122458157,baja_fd,922.883,700.659,671.868,24.6,53.578,1.5,0.15
2021-09-08 14:00:00,2021,9,8,14,700.280785215729,114.0,803.0,0.1627918435101444,baja_fd,812.097,649.701,622.716,25.0,42.334,3.6,0.15
2021-09-08 15:00:00,2021,9,8,15,558.7440479623019,106.0,718.0,0.18971119314214466,baja_fd,627.38,512.464,490.342,25.1,39.166,3.3,0.15
2021-09-08 16:00:00,2021,9,8,16,353.69703595049157,110.0,503.0,0.31100062714519655,mixto,377.227,314.219,299.121,25.3,34.052,3.1,0.15
2021-09-08 17:00:00,2021,9,8,17,118.35419937263813,77.0,137.0,0.650589505130828,mixto,117.437,91.952,84.73,22.0,24.922,2.6,0.15
2021-09-08 18:00:00,2021,9,8,18,5.0,5.0,0.0,,,4.72,2.417,0.0,20.0,20.15,1.0,0.15
2021-09-08 19:00:00,2021,9,8,19,0.0,0.0,0.0,,,0.0,0.0,0.0,19.0,19.0,1.0,0.15
2021-09-08 20:00:00,2021,9,8,20,0.0,0.0,0.0,,,0.0,0.0,0.0,15.0,15.0,1.5,0.15
2021-09-08 21:00:00,2021,9,8,21,0.0,0.0,0.0,,,0.0,0.0,0.0,14.0,14.0,0.0,0.15
2021-09-08 22:00:00,2021,9,8,22,0.0,0.0,0.0,,,0.0,0.0,0.0,13.2,13.2,2.1,0.15
2021-09-08 23:00:00,2021,9,8,23,0.0,0.0,0.0,,,0.0,0.0,0.0,13.0,13.0,1.0,0.15
2021-09-09 00:00:00,2021,9,9,0,0.0,0.0,0.0,,,0.0,0.0,0.0,13.0,13.0,2.6,0.15
2021-09-09 01:00:00,2021,9,9,1,0.0,0.0,0.0,,,0.0,0.0,0.0,12.8,12.8,0.0,0.15
2021-09-09 02:00:00,2021,9,9,2,0.0,0.0,0.0,,,0.0,0.0,0.0,11.0,11.0,0.0,0.15
2021-09-09 03:00:00,2021,9,9,3,0.0,0.0,0.0,,,0.0,0.0,0.0,10.0,10.0,1.5,0.15
2021-09-09 04:00:00,2021,9,9,4,0.0,0.0,0.0,,,0.0,0.0,0.0,8.9,8.9,0.0,0.15
2021-09-09 05:00:00,2021,9,9,5,0.0,0.0,0.0,,,0.0,0.0,0.0,8.0,8.0,2.1,0.15
2021-09-09 06:00:00,2021,9,9,6,0.0,0.0,0.0,,,0.0,0.0,0.0,8.0,0.0,1.0,0.15
2021-09-09 07:00:00,2021,9,9,7,41.30512334452602,41.0,14.0,0.992612941935048,alta_fd,43.182,34.42,29.237,8.4,10.129,0.5,0.15
2021-09-09 08:00:00,2021,9,9,8,182.19251127275214,141.0,176.0,0.7739066716574058,alta_fd,221.563,190.412,179.701,12.0,18.966,1.5,0.15
2021-09-09 09:00:00,2021,9,9,9,330.80971988545963,201.0,304.0,0.6076000429177073,mixto,409.219,342.416,326.319,16.0,30.51,1.0,0.15
2021-09-09 10:00:00,2021,9,9,10,448.82931004329987,309.0,238.0,0.6884577122875284,mixto,516.132,420.619,401.751,18.6,34.783,1.5,0.15
2021-09-09 11:00:00,2021,9,9,11,503.4739498342272,371.0,188.0,0.7368802300936418,alta_fd,564.826,448.253,428.406,22.0,39.671,1.5,0.15
2021-09-09 12:00:00,2021,9,9,12,494.2514170915112,381.0,147.0,0.7708627367060384,alta_fd,545.658,423.31,404.347,25.0,44.218,1.0,0.15
2021-09-09 13:00:00,2021,9,9,13,430.08680122766253,370.0,77.0,0.8602914549896729,alta_fd,453.991,360.701,343.956,24.8,37.295,2.1,0.15
2021-09-09 14:00:00,2021,9,9,14,382.16912407736595,322.0,82.0,0.8425589083821817,alta_fd,399.918,326.281,310.756,24.0,31.368,4.6,0.15
2021-09-09 15:00:00,2021,9,9,15,292.69335152709385,261.0,50.0,0.8917182390316095,alta_fd,301.482,250.239,237.408,22.0,27.22,5.1,0.15
2021-09-09 16:00:00,2021,9,9,16,179.16142931167107,166.0,27.0,0.9265387122538785,alta_fd,176.399,147.281,138.099,20.9,24.398,4.1,0.15
2021-09-09 17:00:00,2021,9,9,17,98.05879767774927,74.0,79.0,0.7546492691373423,alta_fd,98.132,79.138,72.37,18.0,19.409,6.7,0.15
2021-09-09 18:00:00,2021,9,9,18,6.0,6.0,0.0,,,5.666,2.994,0.0,16.0,16.101,4.1,0.15
2021-09-09 19:00:00,2021,9,9,19,0.0,0.0,0.0,,,0.0,0.0,0.0,13.5,13.5,2.6,0.15
2021-09-09 20:00:00,2021,9,9,20,0.0,0.0,0.0,,,0.0,0.0,0.0,12.5,12.5,2.1,0.15
2021-09-09 21:00:00,2021,9,9,21,0.0,0.0,0.0,,,0.0,0.0,0.0,11.6,11.6,2.1,0.15
2021-09-09 22:00:00,2021,9,9,22,0.0,0.0,0.0,,,0.0,0.0,0.0,10.6,10.6,0.0,0.15
2021-09-09 23:00:00,2021,9,9,23,0.0,0.0,0.0,,,0.0,0.0,0.0,9.0,9.0,0.0,0.15
2021-09-10 00:00:00,2021,9,10,0,0.0,0.0,0.0,,,0.0,0.0,0.0,8.6,8.6,0.5,0.15
2021-09-10 01:00:00,2021,9,10,1,0.0,0.0,0.0,,,0.0,0.0,0.0,8.3,8.3,1.0,0.15
2021-09-10 02:00:00,2021,9,10,2,0.0,0.0,0.0,,,0.0,0.0,0.0,9.0,9.0,0.0,0.15
2021-09-10 03:00:00,2021,9,10,3,0.0,0.0,0.0,,,0.0,0.0,0.0,8.0,8.0,0.0,0.15
2021-09-10 04:00:00,2021,9,10,4,0.0,0.0,0.0,,,0.0,0.0,0.0,8.2,8.2,0.0,0.15
2021-09-10 05:00:00,2021,9,10,5,0.0,0.0,0.0,,,0.0,0.0,0.0,8.0,8.0,1.5,0.15
2021-09-10 06:00:00,2021,9,10,6,0.0,0.0,0.0,,,0.0,0.0,0.0,5.0,0.0,1.5,0.15
2021-09-10 07:00:00,2021,9,10,7,43.56111964296392,43.0,21.0,0.9871187965882656,alta_fd,46.52,37.366,32.078,6.2,8.376,0.0,0.15
2021-09-10 08:00:00,2021,9,10,8,183.22936192966216,112.0,298.0,0.611255744278553,mixto,247.537,209.96,198.556,13.0,23.044,0.5,0.15
2021-09-10 09:00:00,2021,9,10,9,358.95927497900254,181.0,412.0,0.5042354735382939,mixto,464.62,383.782,366.22,16.0,34.879,0.5,0.15
2021-09-10 10:00:00,2021,9,10,10,513.4984662298339,228.0,482.0,0.44401301073789534,mixto,642.762,512.603,490.476,19.4,42.146,1.0,0.15
2021-09-10 11:00:00,2021,9,10,11,602.1354878176186,300.0,426.0,0.49822673811723134,mixto,724.347,551.989,528.466,22.0,51.294,0.5,0.15
2021-09-10 12:00:00,2021,9,10,12,624.1275089941156,346.0,359.0,0.5543738979838208,mixto,720.736,551.429,527.926,24.0,49.423,1.0,0.15
2021-09-10 13:00:00,2021,9,10,13,577.4758720684983,361.0,276.0,0.6251343432010599,mixto,651.348,528.209,505.529,22.8,34.804,4.6,0.15
2021-09-10 14:00:00,2021,9,10,14,517.7861913887771,315.0,275.0,0.6083592132017361,mixto,574.33,477.044,456.176,21.0,29.744,6.2,0.15
2021-09-10 15:00:00,2021,9,10,15,397.83828715084945,308.0,141.0,0.7741839082552021,alta_fd,423.385,357.636,341.0,19.0,25.454,6.2,0.15
2021-09-10 16:00:00,2021,9,10,16,252.4476421473513,173.0,162.0,0.6852906152279352,mixto,261.499,224.924,212.99,17.2,21.432,5.7,0.15
2021-09-10 17:00:00,2021,9,10,17,99.65582797961036,76.0,77.0,0.7626247409790187,alta_fd,99.556,80.95,74.118,16.0,17.958,4.1,0.15
2021-09-10 18:00:00,2021,9,10,18,5.0,5.0,0.0,,,4.72,2.491,0.0,14.5,14.598,3.1,0.15
2021-09-10 19:00:00,2021,9,10,19,0.0,0.0,0.0,,,0.0,0.0,0.0,13.0,13.0,2.1,0.15
2021-09-10 20:00:00,2021,9,10,20,0.0,0.0,0.0,,,0.0,0.0,0.0,12.0,12.0,2.1,0.15
2021-09-10 21:00:00,2021,9,10,21,0.0,0.0,0.0,,,0.0,0.0,0.0,10.0,10.0,2.6,0.15
2021-09-10 22:00:00,2021,9,10,22,0.0,0.0,0.0,,,0.0,0.0,0.0,10.3,10.3,3.1,0.15
2021-09-10 23:00:00,2021,9,10,23,0.0,0.0,0.0,,,0.0,0.0,0.0,11.0,11.0,4.1,0.15
2021-09-11 00:00:00,2021,9,11,0,0.0,0.0,0.0,,,0.0,0.0,0.0,11.0,11.0,3.6,0.15
2021-09-11 01:00:00,2021,9,11,1,0.0,0.0,0.0,,,0.0,0.0,0.0,10.6,10.6,2.6,0.15
2021-09-11 02:00:00,2021,9,11,2,0.0,0.0,0.0,,,0.0,0.0,0.0,10.0,10.0,2.1,0.15
2021-09-11 03:00:00,2021,9,11,3,0.0,0.0,0.0,,,0.0,0.0,0.0,10.0,10.0,2.1,0.15
2021-09-11 04:00:00,2021,9,11,4,0.0,0.0,0.0,,,0.0,0.0,0.0,10.0,10.0,1.0,0.15
2021-09-11 05:00:00,2021,9,11,5,0.0,0.0,0.0,,,0.0,0.0,0.0,10.0,10.0,0.0,0.15
2021-09-11 06:00:00,2021,9,11,6,0.0,0.0,0.0,,,0.0,0.0,0.0,10.0,0.0,0.0,0.15
2021-09-11 07:00:00,2021,9,11,7,17.0,17.0,0.0,1.0,alta_fd,16.07,12.5,8.093,10.6,11.042,2.1,0.15
2021-09-11 08:00:00,2021,9,11,8,120.70808797743389,119.0,7.0,0.9858494322455574,alta_fd,118.412,101.472,93.913,11.0,14.725,1.5,0.15
2021-09-11 09:00:00,2021,9,11,9,282.80386613375185,233.0,114.0,0.8238925555911701,alta_fd,316.356,264.075,250.755,12.8,27.792,0.0,0.15
2021-09-11 10:00:00,2021,9,11,10,459.05582685492016,305.0,258.0,0.6644072074841392,mixto,537.507,440.268,420.704,14.6,33.59,1.0,0.15
2021-09-11 11:00:00,2021,9,11,11,670.3044378176726,267.0,565.0,0.398326469192534,mixto,816.758,665.534,637.988,14.8,35.326,2.6,0.15
2021-09-11 12:00:00,2021,9,11,12,780.2754508157452,189.0,759.0,0.24222215347465878,baja_fd,948.967,755.012,724.296,15.0,41.223,2.1,0.15
2021-09-11 13:00:00,2021,9,11,13,788.1674886671846,126.0,840.0,0.15986449810695677,baja_fd,933.782,747.857,717.394,16.9,40.395,2.6,0.15
2021-09-11 14:00:00,2021,9,11,14,716.4455188362027,114.0,813.0,0.15911886808250558,baja_fd,823.238,676.102,648.182,18.0,35.569,3.6,0.15
2021-09-11 15:00:00,2021,9,11,15,573.4232095973875,104.0,733.0,0.1813669175913207,baja_fd,635.517,545.648,522.35,16.0,26.289,5.7,0.15
2021-09-11 16:00:00,2021,9,11,16,367.9997458940055,108.0,527.0,0.29347846351803486,baja_fd,390.559,344.564,328.391,14.1,19.498,7.2,0.15
2021-09-11 17:00:00,2021,9,11,17,125.62352152980097,81.0,144.0,0.6447837078089299,mixto,123.138,100.602,93.074,13.5,15.421,5.9,0.15
2021-09-11 18:00:00,2021,9,11,18,5.0,5.0,0.0,,,4.72,2.511,0.0,13.0,13.078,4.6,0.15
2021-09-11 19:00:00,2021,9,11,19,0.0,0.0,0.0,,,0.0,0.0,0.0,13.1,13.1,1.0,0.15
2021-09-11 20:00:00,2021,9,11,20,0.0,0.0,0.0,,,0.0,0.0,0.0,13.0,13.0,3.6,0.15
2021-09-11 21:00:00,2021,9,11,21,0.0,0.0,0.0,,,0.0,0.0,0.0,13.0,13.0,2.6,0.15
2021-09-11 22:00:00,2021,9,11,22,0.0,0.0,0.0,,,0.0,0.0,0.0,12.3,12.3,2.1,0.15
2021-09-11 23:00:00,2021,9,11,23,0.0,0.0,0.0,,,0.0,0.0,0.0,12.0,12.0,3.6,0.15
2021-09-12 00:00:00,2021,9,12,0,0.0,0.0,0.0,,,0.0,0.0,0.0,11.7,11.7,3.9,0.15
2021-09-12 01:00:00,2021,9,12,1,0.0,0.0,0.0,,,0.0,0.0,0.0,11.4,11.4,4.1,0.15
2021-09-12 02:00:00,2021,9,12,2,0.0,0.0,0.0,,,0.0,0.0,0.0,11.0,11.0,3.6,0.15
2021-09-12 03:00:00,2021,9,12,3,0.0,0.0,0.0,,,0.0,0.0,0.0,11.0,11.0,2.1,0.15
2021-09-12 04:00:00,2021,9,12,4,0.0,0.0,0.0,,,0.0,0.0,0.0,10.9,10.9,2.1,0.15
2021-09-12 05:00:00,2021,9,12,5,0.0,0.0,0.0,,,0.0,0.0,0.0,11.0,11.0,1.5,0.15
2021-09-12 06:00:00,2021,9,12,6,0.0,0.0,0.0,,,0.0,0.0,0.0,10.0,0.0,3.6,0.15
2021-09-12 07:00:00,2021,9,12,7,18.0,18.0,0.0,1.0,alta_fd,17.017,13.333,8.897,10.2,10.626,2.6,0.15
2021-09-12 08:00:00,2021,9,12,8,76.0,76.0,0.0,1.0,alta_fd,72.31,61.562,55.417,10.0,11.672,3.1,0.15
2021-09-12 09:00:00,2021,9,12,9,140.0,140.0,0.0,1.0,alta_fd,134.665,114.858,106.825,11.0,13.866,3.6,0.15
2021-09-12 10:00:00,2021,9,12,10,191.6019012848583,191.0,1.0,0.9968585839659105,alta_fd,185.661,157.535,147.989,11.0,15.267,3.1,0.15
2021-09-12 11:00:00,2021,9,12,11,226.718371396893,226.0,1.0,0.9968314372034924,alta_fd,220.525,185.66,175.118,12.0,17.059,3.1,0.15
2021-09-12 12:00:00,2021,9,12,12,239.78328779350602,239.0,1.0,0.9967333511825872,alta_fd,233.542,194.706,183.843,13.0,19.417,2.1,0.15
2021-09-12 13:00:00,2021,9,12,13,232.7922318289304,232.0,1.0,0.9965968287571014,alta_fd,226.52,189.165,178.498,13.4,19.064,2.6,0.15
2021-09-12 14:00:00,2021,9,12,14,272.95681452292496,267.0,8.0,0.9781767143885515,alta_fd,268.434,225.922,213.953,13.0,19.722,2.6,0.15
2021-09-12 15:00:00,2021,9,12,15,257.79288805513164,252.0,9.0,0.9775289066396092,alta_fd,254.327,214.599,203.031,14.0,21.018,2.1,0.15
2021-09-12 16:00:00,2021,9,12,16,185.4219144077478,175.0,21.0,0.9437935130751065,alta_fd,182.22,155.04,145.582,14.0,19.728,1.5,0.15
2021-09-12 17:00:00,2021,9,12,17,113.87934126814687,82.0,102.0,0.7200603646531294,alta_fd,112.478,91.716,84.503,14.0,17.503,1.5,0.15
2021-09-12 18:00:00,2021,9,12,18,7.0,7.0,0.0,,,6.612,3.577,0.0,13.0,13.164,2.1,0.15
2021-09-12 19:00:00,2021,9,12,19,0.0,0.0,0.0,,,0.0,0.0,0.0,11.2,11.2,2.1,0.15
2021-09-12 20:00:00,2021,9,12,20,0.0,0.0,0.0,,,0.0,0.0,0.0,10.0,10.0,1.5,0.15
2021-09-12 21:00:00,2021,9,12,21,0.0,0.0,0.0,,,0.0,0.0,0.0,10.0,10.0,1.5,0.15
2021-09-12 22:00:00,2021,9,12,22,0.0,0.0,0.0,,,0.0,0.0,0.0,10.0,10.0,1.5,0.15
2021-09-12 23:00:00,2021,9,12,23,0.0,0.0,0.0,,,0.0,0.0,0.0,9.0,9.0,2.6,0.15
2021-09-13 00:00:00,2021,9,13,0,0.0,0.0,0.0,,,0.0,0.0,0.0,9.0,9.0,2.6,0.15
2021-09-13 01:00:00,2021,9,13,1,0.0,0.0,0.0,,,0.0,0.0,0.0,9.2,9.2,3.1,0.15
2021-09-13 02:00:00,2021,9,13,2,0.0,0.0,0.0,,,0.0,0.0,0.0,7.0,7.0,1.5,0.15
2021-09-13 03:00:00,2021,9,13,3,0.0,0.0,0.0,,,0.0,0.0,0.0,6.0,6.0,1.0,0.15
2021-09-13 04:00:00,2021,9,13,4,0.0,0.0,0.0,,,0.0,0.0,0.0,7.4,7.4,2.6,0.15
2021-09-13 05:00:00,2021,9,13,5,0.0,0.0,0.0,,,0.0,0.0,0.0,7.0,7.0,1.5,0.15
2021-09-13 06:00:00,2021,9,13,6,1.0,1.0,0.0,,,0.97,0.0,0.0,5.0,5.027,1.5,0.15
2021-09-13 07:00:00,2021,9,13,7,54.08082792103715,52.0,50.0,0.9615237413880693,alta_fd,63.378,51.173,45.396,6.0,8.209,1.0,0.15
2021-09-13 08:00:00,2021,9,13,8,220.26823379355992,140.0,316.0,0.6355886983286523,mixto,287.325,245.488,232.826,9.0,22.637,0.0,0.15
2021-09-13 09:00:00,2021,9,13,9,411.87767831643237,155.0,575.0,0.37632532220140974,mixto,545.433,455.471,435.369,11.0,33.175,0.5,0.15
2021-09-13 10:00:00,2021,9,13,10,592.0326155702442,171.0,694.0,0.28883543828965114,baja_fd,760.879,613.981,588.262,13.0,39.945,1.0,0.15
2021-09-13 11:00:00,2021,9,13,11,694.423055786591,192.0,695.0,0.27648851575429995,baja_fd,861.914,687.83,659.494,14.0,41.043,1.5,0.15
2021-09-13 12:00:00,2021,9,13,12,700.7664542617508,307.0,500.0,0.4380917467338257,mixto,825.625,671.563,643.804,14.0,34.725,2.6,0.15
2021-09-13 13:00:00,2021,9,13,13,597.3773296696993,345.0,317.0,0.5775244269660463,mixto,672.49,553.711,530.128,15.6,31.073,3.1,0.15
2021-09-13 14:00:00,2021,9,13,14,566.6050224808243,304.0,351.0,0.5365289539244921,mixto,626.748,527.314,504.666,16.0,26.851,5.1,0.15
2021-09-13 15:00:00,2021,9,13,15,469.93645101420907,250.0,340.0,0.5319868238789609,mixto,506.763,436.134,416.717,15.0,22.737,6.2,0.15
2021-09-13 16:00:00,2021,9,13,16,317.72376983912665,148.0,340.0,0.46581343308036716,mixto,329.471,289.119,274.911,13.6,18.939,5.7,0.15
2021-09-13 17:00:00,2021,9,13,17,106.58477092268421,82.0,78.0,0.7693406786930393,alta_fd,105.686,87.789,80.715,12.0,13.942,4.6,0.15
2021-09-13 18:00:00,2021,9,13,18,6.0,6.0,0.0,,,5.665,3.074,0.0,11.0,11.101,4.1,0.15
2021-09-13 19:00:00,2021,9,13,19,0.0,0.0,0.0,,,0.0,0.0,0.0,10.2,10.2,2.6,0.15
2021-09-13 20:00:00,2021,9,13,20,0.0,0.0,0.0,,,0.0,0.0,0.0,9.0,9.0,3.6,0.15
2021-09-13 21:00:00,2021,9,13,21,0.0,0.0,0.0,,,0.0,0.0,0.0,9.0,9.0,3.1,0.15
2021-09-13 22:00:00,2021,9,13,22,0.0,0.0,0.0,,,0.0,0.0,0.0,8.0,8.0,2.6,0.15
2021-09-13 23:00:00,2021,9,13,23,0.0,0.0,0.0,,,0.0,0.0,0.0,8.0,8.0,2.1,0.15
2021-09-14 00:00:00,2021,9,14,0,0.0,0.0,0.0,,,0.0,0.0,0.0,7.0,7.0,3.1,0.15
2021-09-14 01:00:00,2021,9,14,1,0.0,0.0,0.0,,,0.0,0.0,0.0,6.4,6.4,1.5,0.15
2021-09-14 02:00:00,2021,9,14,2,0.0,0.0,0.0,,,0.0,0.0,0.0,6.0,6.0,2.6,0.15
2021-09-14 03:00:00,2021,9,14,3,0.0,0.0,0.0,,,0.0,0.0,0.0,5.0,5.0,1.0,0.15
2021-09-14 04:00:00,2021,9,14,4,0.0,0.0,0.0,,,0.0,0.0,0.0,4.5,4.5,0.5,0.15
2021-09-14 05:00:00,2021,9,14,5,0.0,0.0,0.0,,,0.0,0.0,0.0,5.0,5.0,0.5,0.15
2021-09-14 06:00:00,2021,9,14,6,1.0,1.0,0.0,,,0.97,0.0,0.0,4.0,4.035,0.5,0.15
2021-09-14 07:00:00,2021,9,14,7,38.0,38.0,0.0,1.0,alta_fd,36.09,30.046,25.018,4.0,5.272,1.0,0.15
2021-09-14 08:00:00,2021,9,14,8,130.7770644521711,130.0,3.0,0.9940580983720178,alta_fd,127.482,110.632,102.749,6.0,12.05,0.0,0.15
2021-09-14 09:00:00,2021,9,14,9,191.2583536329836,189.0,5.0,0.9881921307483525,alta_fd,186.987,161.35,151.669,7.0,13.605,1.0,0.15
2021-09-14 10:00:00,2021,9,14,10,196.61143519203756,196.0,1.0,0.9968901341295823,alta_fd,190.532,161.791,152.094,8.4,15.11,1.0,0.15
2021-09-14 11:00:00,2021,9,14,11,230.72742953735275,230.0,1.0,0.9968472342503387,alta_fd,224.4,189.687,179.002,9.0,16.002,1.5,0.15
2021-09-14 12:00:00,2021,9,14,12,244.79175262684305,244.0,1.0,0.9967656074261212,alta_fd,238.43,201.021,189.934,10.0,16.55,2.1,0.15
2021-09-14 13:00:00,2021,9,14,13,237.80002671378085,237.0,1.0,0.9966357164680062,alta_fd,231.407,195.012,184.139,10.4,16.759,2.1,0.15
2021-09-14 14:00:00,2021,9,14,14,208.7516962730829,208.0,1.0,0.9963990890301578,alta_fd,202.446,170.878,160.859,11.0,16.571,2.1,0.15
2021-09-14 15:00:00,2021,9,14,15,161.0,161.0,0.0,1.0,alta_fd,155.2,131.91,123.272,11.0,14.895,2.6,0.15
2021-09-14 16:00:00,2021,9,14,16,100.0,100.0,0.0,1.0,alta_fd,95.579,81.19,74.349,10.9,13.903,1.5,0.15
2021-09-14 17:00:00,2021,9,14,17,36.0,36.0,0.0,1.0,alta_fd,34.083,28.108,23.148,10.0,10.943,2.1,0.15
2021-09-14 18:00:00,2021,9,14,18,2.0,2.0,0.0,,,1.886,0.979,0.0,9.0,9.06,1.0,0.15
2021-09-14 19:00:00,2021,9,14,19,0.0,0.0,0.0,,,0.0,0.0,0.0,8.4,8.4,0.5,0.15
2021-09-14 20:00:00,2021,9,14,20,0.0,0.0,0.0,,,0.0,0.0,0.0,8.0,8.0,0.5,0.15
2021-09-14 21:00:00,2021,9,14,21,0.0,0.0,0.0,,,0.0,0.0,0.0,7.4,7.4,0.2,0.15
2021-09-14 22:00:00,2021,9,14,22,0.0,0.0,0.0,,,0.0,0.0,0.0,6.9,6.9,0.0,0.15
2021-09-14 23:00:00,2021,9,14,23,0.0,0.0,0.0,,,0.0,0.0,0.0,7.0,7.0,2.1,0.15
2021-09-15 00:00:00,2021,9,15,0,0.0,0.0,0.0,,,0.0,0.0,0.0,7.0,7.0,1.5,0.15
2021-09-15 01:00:00,2021,9,15,1,0.0,0.0,0.0,,,0.0,0.0,0.0,6.9,6.9,1.5,0.15
2021-09-15 02:00:00,2021,9,15,2,0.0,0.0,0.0,,,0.0,0.0,0.0,7.0,7.0,1.5,0.15
2021-09-15 03:00:00,2021,9,15,3,0.0,0.0,0.0,,,0.0,0.0,0.0,6.0,6.0,2.1,0.15
2021-09-15 04:00:00,2021,9,15,4,0.0,0.0,0.0,,,0.0,0.0,0.0,5.2,5.2,1.0,0.15
2021-09-15 05:00:00,2021,9,15,5,0.0,0.0,0.0,,,0.0,0.0,0.0,5.0,5.0,1.5,0.15
2021-09-15 06:00:00,2021,9,15,6,1.0,1.0,0.0,,,0.97,0.0,0.0,5.0,5.024,2.1,0.15
2021-09-15 07:00:00,2021,9,15,7,40.0,40.0,0.0,1.0,alta_fd,38.023,31.527,26.446,5.9,7.241,1.0,0.15
2021-09-15 08:00:00,2021,9,15,8,166.5383190258899,147.0,74.0,0.8826797391725054,alta_fd,180.01,157.681,148.13,7.0,12.662,1.5,0.15
2021-09-15 09:00:00,2021,9,15,9,325.5334415596901,247.0,172.0,0.7587546115587325,alta_fd,369.19,318.182,302.944,9.0,20.596,1.5,0.15
2021-09-15 10:00:00,2021,9,15,10,480.76243908788945,307.0,282.0,0.6385690208711927,mixto,560.558,459.62,439.371,10.6,33.278,0.5,0.15
2021-09-15 11:00:00,2021,9,15,11,571.8245638017806,342.0,314.0,0.5980855347070262,mixto,660.316,527.844,505.177,12.0,38.676,0.5,0.15
2021-09-15 12:00:00,2021,9,15,12,617.1714063948771,376.0,303.0,0.6092310760090992,mixto,701.26,561.51,537.65,12.9,37.617,1.0,0.15
2021-09-15 13:00:00,2021,9,15,13,605.9683718828708,364.0,301.0,0.6006914170602266,mixto,678.297,549.36,525.93,13.8,35.023,1.5,0.15
2021-09-15 14:00:00,2021,9,15,14,496.3843907865678,368.0,170.0,0.741360942911338,alta_fd,532.627,438.408,418.91,14.0,30.669,1.5,0.15
2021-09-15 15:00:00,2021,9,15,15,351.54948619973896,281.0,108.0,0.7993184772864238,alta_fd,362.137,303.315,288.604,15.0,26.356,1.5,0.15
2021-09-15 16:00:00,2021,9,15,16,193.20770728346218,172.0,42.0,0.8902336372516052,alta_fd,193.825,167.513,157.614,12.6,16.444,4.1,0.15
2021-09-15 17:00:00,2021,9,15,17,96.94532877337826,79.0,56.0,0.8148922800052832,alta_fd,93.643,78.177,71.443,11.0,12.987,3.6,0.15
2021-09-15 18:00:00,2021,9,15,18,7.0,7.0,0.0,,,6.611,3.632,0.0,10.0,10.137,3.1,0.15
2021-09-15 19:00:00,2021,9,15,19,0.0,0.0,0.0,,,0.0,0.0,0.0,9.2,9.2,1.5,0.15
2021-09-15 20:00:00,2021,9,15,20,0.0,0.0,0.0,,,0.0,0.0,0.0,9.0,9.0,1.5,0.15
2021-09-15 21:00:00,2021,9,15,21,0.0,0.0,0.0,,,0.0,0.0,0.0,8.1,8.1,2.3,0.15
2021-09-15 22:00:00,2021,9,15,22,0.0,0.0,0.0,,,0.0,0.0,0.0,7.2,7.2,3.1,0.15
2021-09-15 23:00:00,2021,9,15,23,0.0,0.0,0.0,,,0.0,0.0,0.0,7.0,7.0,2.6,0.15
2021-09-16 00:00:00,2021,9,16,0,0.0,0.0,0.0,,,0.0,0.0,0.0,7.0,7.0,3.1,0.15
2021-09-16 01:00:00,2021,9,16,1,0.0,0.0,0.0,,,0.0,0.0,0.0,7.2,7.2,2.1,0.15
2021-09-16 02:00:00,2021,9,16,2,0.0,0.0,0.0,,,0.0,0.0,0.0,7.1,7.1,2.6,0.15
2021-09-16 03:00:00,2021,9,16,3,0.0,0.0,0.0,,,0.0,0.0,0.0,7.0,7.0,1.0,0.15
2021-09-16 04:00:00,2021,9,16,4,0.0,0.0,0.0,,,0.0,0.0,0.0,7.2,7.2,2.1,0.15
2021-09-16 05:00:00,2021,9,16,5,0.0,0.0,0.0,,,0.0,0.0,0.0,7.0,7.0,1.0,0.15
2021-09-16 06:00:00,2021,9,16,6,1.0,1.0,0.0,,,0.97,0.0,0.0,7.0,7.035,0.5,0.15
2021-09-16 07:00:00,2021,9,16,7,54.793007208771286,54.0,14.0,0.9855272187242838,alta_fd,56.01,46.252,40.649,7.0,9.638,0.0,0.15
2021-09-16 08:00:00,2021,9,16,8,219.1077761879314,154.0,242.0,0.7028504541432264,alta_fd,271.124,234.752,222.471,8.0,19.008,0.5,0.15
2021-09-16 09:00:00,2021,9,16,9,421.67067145257994,172.0,541.0,0.407901264291137,mixto,545.602,459.757,439.503,11.0,30.357,1.0,0.15
2021-09-16 10:00:00,2021,9,16,10,612.8418188328362,172.0,710.0,0.28065969833386345,baja_fd,779.956,630.65,604.34,11.6,39.215,1.0,0.15
2021-09-16 11:00:00,2021,9,16,11,739.8450028506011,136.0,820.0,0.18382228639241463,baja_fd,916.807,767.482,736.323,12.0,28.947,4.6,0.15
2021-09-16 12:00:00,2021,9,16,12,806.489769262992,148.0,823.0,0.1835113173664302,baja_fd,968.003,801.88,769.502,13.0,30.882,4.6,0.15
2021-09-16 13:00:00,2021,9,16,13,806.1655551921978,139.0,826.0,0.17242115977885095,baja_fd,940.579,772.363,741.032,13.6,33.64,3.6,0.15
2021-09-16 14:00:00,2021,9,16,14,728.2874960377908,135.0,782.0,0.1853663570148606,baja_fd,823.507,684.477,656.26,13.0,32.02,3.1,0.15
2021-09-16 15:00:00,2021,9,16,15,586.1850023608922,130.0,695.0,0.22177298886259095,baja_fd,640.684,537.42,514.414,14.0,31.77,2.1,0.15
2021-09-16 16:00:00,2021,9,16,16,378.3283150748906,129.0,491.0,0.3409736857112169,mixto,391.54,340.754,324.716,13.6,22.681,3.1,0.15
2021-09-16 17:00:00,2021,9,16,17,141.5985982454636,87.0,169.0,0.6144128619775177,mixto,138.129,113.928,105.928,11.0,14.155,3.1,0.15
2021-09-16 18:00:00,2021,9,16,18,8.0,8.0,0.0,,,7.557,4.2,0.087,9.0,9.157,3.1,0.15
2021-09-16 19:00:00,2021,9,16,19,0.0,0.0,0.0,,,0.0,0.0,0.0,8.2,8.2,1.0,0.15
2021-09-16 20:00:00,2021,9,16,20,0.0,0.0,0.0,,,0.0,0.0,0.0,8.0,8.0,2.1,0.15
2021-09-16 21:00:00,2021,9,16,21,0.0,0.0,0.0,,,0.0,0.0,0.0,6.5,6.5,1.3,0.15
2021-09-16 22:00:00,2021,9,16,22,0.0,0.0,0.0,,,0.0,0.0,0.0,5.1,5.1,0.5,0.15
2021-09-16 23:00:00,2021,9,16,23,0.0,0.0,0.0,,,0.0,0.0,0.0,3.0,3.0,1.5,0.15
2021-09-17 00:00:00,2021,9,17,0,0.0,0.0,0.0,,,0.0,0.0,0.0,3.0,3.0,1.5,0.15
2021-09-17 01:00:00,2021,9,17,1,0.0,0.0,0.0,,,0.0,0.0,0.0,3.1,3.1,0.5,0.15
2021-09-17 02:00:00,2021,9,17,2,0.0,0.0,0.0,,,0.0,0.0,0.0,2.0,2.0,0.5,0.15
2021-09-17 03:00:00,2021,9,17,3,0.0,0.0,0.0,,,0.0,0.0,0.0,2.0,2.0,0.5,0.15
2021-09-17 04:00:00,2021,9,17,4,0.0,0.0,0.0,,,0.0,0.0,0.0,1.0,1.0,1.0,0.15
2021-09-17 05:00:00,2021,9,17,5,0.0,0.0,0.0,,,0.0,0.0,0.0,0.5,0.5,0.5,0.15
2021-09-17 06:00:00,2021,9,17,6,2.0,2.0,0.0,,,1.94,1.06,0.0,0.0,0.083,0.0,0.15
2021-09-17 07:00:00,2021,9,17,7,70.05689938965301,65.0,82.0,0.9278172537792918,alta_fd,83.698,69.394,62.971,1.4,4.317,1.0,0.15
2021-09-17 08:00:00,2021,9,17,8,247.60392203773512,141.0,389.0,0.5694578617317356,mixto,328.738,290.225,275.978,5.0,15.344,1.5,0.15
2021-09-17 09:00:00,2021,9,17,9,445.6186213546055,135.0,666.0,0.30294963794291796,mixto,593.809,506.863,484.939,9.0,27.706,1.5,0.15
2021-09-17 10:00:00,2021,9,17,10,627.3585617909301,130.0,795.0,0.20721802158702832,baja_fd,803.205,635.807,609.314,12.2,44.783,0.5,0.15
2021-09-17 11:00:00,2021,9,17,11,756.9003264799538,122.0,857.0,0.16118370640342314,baja_fd,930.793,711.569,682.392,14.0,51.71,0.5,0.15
2021-09-17 12:00:00,2021,9,17,12,812.9128287996597,147.0,828.0,0.1808311971371629,baja_fd,973.099,745.423,715.046,16.0,50.395,1.0,0.15
2021-09-17 13:00:00,2021,9,17,13,776.2385454580352,209.0,699.0,0.26924712927863603,baja_fd,901.769,726.228,696.532,17.3,38.087,3.1,0.15
2021-09-17 14:00:00,2021,9,17,14,667.07783003075,238.0,563.0,0.3567799577285143,mixto,746.701,610.517,584.92,18.0,35.225,3.1,0.15
2021-09-17 15:00:00,2021,9,17,15,489.5461199656597,233.0,389.0,0.4759510707925625,mixto,522.799,440.761,421.179,18.0,28.363,4.1,0.15
2021-09-17 16:00:00,2021,9,17,16,273.424071939427,181.0,181.0,0.6619753656514114,mixto,278.217,239.441,226.993,16.4,21.559,4.6,0.15
2021-09-17 17:00:00,2021,9,17,17,122.91616813873244,91.0,98.0,0.7403419857450367,alta_fd,119.922,97.939,90.505,16.0,18.998,2.6,0.15
2021-09-17 18:00:00,2021,9,17,18,8.0,8.0,0.0,,,7.558,4.115,0.005,13.0,13.213,1.5,0.15
2021-09-17 19:00:00,2021,9,17,19,0.0,0.0,0.0,,,0.0,0.0,0.0,12.2,12.2,2.1,0.15
2021-09-17 20:00:00,2021,9,17,20,0.0,0.0,0.0,,,0.0,0.0,0.0,9.0,9.0,1.5,0.15
2021-09-17 21:00:00,2021,9,17,21,0.0,0.0,0.0,,,0.0,0.0,0.0,7.3,7.3,1.8,0.15
2021-09-17 22:00:00,2021,9,17,22,0.0,0.0,0.0,,,0.0,0.0,0.0,5.7,5.7,2.1,0.15
2021-09-17 23:00:00,2021,9,17,23,0.0,0.0,0.0,,,0.0,0.0,0.0,6.0,6.0,2.1,0.15
2021-09-18 00:00:00,2021,9,18,0,0.0,0.0,0.0,,,0.0,0.0,0.0,6.0,6.0,0.0,0.15
2021-09-18 01:00:00,2021,9,18,1,0.0,0.0,0.0,,,0.0,0.0,0.0,6.4,6.4,0.0,0.15
2021-09-18 02:00:00,2021,9,18,2,0.0,0.0,0.0,,,0.0,0.0,0.0,5.0,5.0,0.0,0.15
2021-09-18 03:00:00,2021,9,18,3,0.0,0.0,0.0,,,0.0,0.0,0.0,5.0,5.0,1.5,0.15
2021-09-18 04:00:00,2021,9,18,4,0.0,0.0,0.0,,,0.0,0.0,0.0,3.8,3.8,2.6,0.15
2021-09-18 05:00:00,2021,9,18,5,0.0,0.0,0.0,,,0.0,0.0,0.0,3.0,3.0,0.0,0.15
2021-09-18 06:00:00,2021,9,18,6,2.0,2.0,0.0,,,1.94,1.049,0.0,2.0,2.083,0.0,0.15
2021-09-18 07:00:00,2021,9,18,7,72.00348806860717,65.0,105.0,0.9027340444683176,alta_fd,88.702,72.042,65.526,4.0,8.131,0.0,0.15
2021-09-18 08:00:00,2021,9,18,8,252.38593767134634,143.0,392.0,0.5665925816604439,mixto,333.123,288.27,274.092,9.0,20.813,1.0,0.15
2021-09-18 09:00:00,2021,9,18,9,448.74249626706313,141.0,653.0,0.3142113821911926,mixto,593.229,479.794,458.829,13.0,41.194,0.0,0.15
2021-09-18 10:00:00,2021,9,18,10,621.9776851691563,148.0,752.0,0.23795065888858882,baja_fd,791.929,637.253,610.709,15.6,40.484,1.5,0.15
2021-09-18 11:00:00,2021,9,18,11,697.3433433520381,280.0,560.0,0.40152387295199043,mixto,833.281,654.132,626.99,18.0,44.113,1.5,0.15
2021-09-18 12:00:00,2021,9,18,12,584.1446948870878,357.0,281.0,0.611149948163111,mixto,659.903,519.78,497.399,18.2,41.454,1.0,0.15
2021-09-18 13:00:00,2021,9,18,13,243.78313509846464,234.0,12.0,0.9598695164269128,alta_fd,238.478,192.468,181.684,18.4,28.002,0.5,0.15
2021-09-18 14:00:00,2021,9,18,14,212.7655453700098,212.0,1.0,0.9964019297923521,alta_fd,206.18,170.6,160.591,18.0,21.556,5.1,0.15
2021-09-18 15:00:00,2021,9,18,15,165.0,165.0,0.0,1.0,alta_fd,158.963,133.755,125.052,15.0,17.418,6.2,0.15
2021-09-18 16:00:00,2021,9,18,16,103.0,103.0,0.0,1.0,alta_fd,98.415,82.239,75.362,15.9,17.999,3.6,0.15
2021-09-18 17:00:00,2021,9,18,17,72.0,72.0,0.0,1.0,alta_fd,69.131,57.688,51.68,14.0,15.475,3.6,0.15
2021-09-18 18:00:00,2021,9,18,18,7.0,7.0,0.0,,,6.611,3.577,0.0,13.0,13.137,3.1,0.15
2021-09-18 19:00:00,2021,9,18,19,0.0,0.0,0.0,,,0.0,0.0,0.0,11.9,11.9,2.1,0.15
2021-09-18 20:00:00,2021,9,18,20,0.0,0.0,0.0,,,0.0,0.0,0.0,11.0,11.0,2.1,0.15
2021-09-18 21:00:00,2021,9,18,21,0.0,0.0,0.0,,,0.0,0.0,0.0,11.0,11.0,1.5,0.15
2021-09-18 22:00:00,2021,9,18,22,0.0,0.0,0.0,,,0.0,0.0,0.0,7.0,7.0,1.5,0.15
2021-09-18 23:00:00,2021,9,18,23,0.0,0.0,0.0,,,0.0,0.0,0.0,6.0,6.0,1.5,0.15
2021-09-19 00:00:00,2021,9,19,0,0.0,0.0,0.0,,,0.0,0.0,0.0,4.0,4.0,1.0,0.15
2021-09-19 01:00:00,2021,9,19,1,0.0,0.0,0.0,,,0.0,0.0,0.0,3.8,3.8,2.1,0.15
2021-09-19 02:00:00,2021,9,19,2,0.0,0.0,0.0,,,0.0,0.0,0.0,4.0,4.0,2.6,0.15
2021-09-19 03:00:00,2021,9,19,3,0.0,0.0,0.0,,,0.0,0.0,0.0,3.0,3.0,2.1,0.15
2021-09-19 04:00:00,2021,9,19,4,0.0,0.0,0.0,,,0.0,0.0,0.0,2.9,2.9,2.6,0.15
2021-09-19 05:00:00,2021,9,19,5,0.0,0.0,0.0,,,0.0,0.0,0.0,3.0,3.0,1.0,0.15
2021-09-19 06:00:00,2021,9,19,6,3.0,3.0,0.0,,,2.91,1.612,0.0,1.0,1.124,0.0,0.15
2021-09-19 07:00:00,2021,9,19,7,75.10570214438391,67.0,113.0,0.8920760752785264,alta_fd,92.659,75.862,69.21,3.4,6.623,1.0,0.15
2021-09-19 08:00:00,2021,9,19,8,257.91052158240154,146.0,394.0,0.566087800932749,mixto,338.076,294.059,279.676,9.0,19.64,1.5,0.15
2021-09-19 09:00:00,2021,9,19,9,451.6803860163847,146.0,642.0,0.32323741415396295,mixto,592.8,495.042,473.537,12.0,33.036,1.0,0.15
2021-09-19 10:00:00,2021,9,19,10,605.0327814327554,172.0,682.0,0.28428211706594353,baja_fd,761.696,606.559,581.102,15.8,42.76,1.0,0.15
2021-09-19 11:00:00,2021,9,19,11,653.5901643803845,320.0,445.0,0.4896034509689507,mixto,769.343,587.895,563.1,19.0,50.094,0.5,0.15
2021-09-19 12:00:00,2021,9,19,12,536.2328076958937,377.0,196.0,0.7030528430737173,alta_fd,587.875,469.464,448.866,21.0,37.184,2.1,0.15
2021-09-19 13:00:00,2021,9,19,13,243.81898900947274,243.0,1.0,0.9966409957944624,alta_fd,237.063,192.466,181.682,20.7,26.135,3.1,0.15
2021-09-19 14:00:00,2021,9,19,14,214.76893239788862,214.0,1.0,0.9964197223997739,alta_fd,208.112,170.397,160.396,19.0,24.209,2.6,0.15
2021-09-19 15:00:00,2021,9,19,15,166.0,166.0,0.0,1.0,alta_fd,159.903,132.265,123.614,18.0,21.68,3.1,0.15
2021-09-19 16:00:00,2021,9,19,16,104.0,104.0,0.0,1.0,alta_fd,99.369,81.742,74.882,18.3,21.817,1.0,0.15
2021-09-19 17:00:00,2021,9,19,17,39.0,39.0,0.0,1.0,alta_fd,36.93,29.658,24.644,17.0,18.161,1.5,0.15
2021-09-19 18:00:00,2021,9,19,18,3.0,3.0,0.0,,,2.83,1.45,0.0,15.0,15.09,1.0,0.15
2021-09-19 19:00:00,2021,9,19,19,0.0,0.0,0.0,,,0.0,0.0,0.0,14.7,14.7,2.1,0.15
2021-09-19 20:00:00,2021,9,19,20,0.0,0.0,0.0,,,0.0,0.0,0.0,14.0,14.0,2.6,0.15
2021-09-19 21:00:00,2021,9,19,21,0.0,0.0,0.0,,,0.0,0.0,0.0,14.0,14.0,1.5,0.15
2021-09-19 22:00:00,2021,9,19,22,0.0,0.0,0.0,,,0.0,0.0,0.0,12.3,12.3,1.0,0.15
2021-09-19 23:00:00,2021,9,19,23,0.0,0.0,0.0,,,0.0,0.0,0.0,11.0,11.0,0.5,0.15
2021-09-20 00:00:00,2021,9,20,0,0.0,0.0,0.0,,,0.0,0.0,0.0,11.0,11.0,1.5,0.15
2021-09-20 01:00:00,2021,9,20,1,0.0,0.0,0.0,,,0.0,0.0,0.0,11.2,11.2,2.1,0.15
2021-09-20 02:00:00,2021,9,20,2,0.0,0.0,0.0,,,0.0,0.0,0.0,11.0,11.0,3.1,0.15
2021-09-20 03:00:00,2021,9,20,3,0.0,0.0,0.0,,,0.0,0.0,0.0,11.0,11.0,3.6,0.15
2021-09-20 04:00:00,2021,9,20,4,0.0,0.0,0.0,,,0.0,0.0,0.0,11.0,11.0,2.1,0.15
2021-09-20 05:00:00,2021,9,20,5,0.0,0.0,0.0,,,0.0,0.0,0.0,11.0,11.0,1.5,0.15
2021-09-20 06:00:00,2021,9,20,6,1.0,1.0,0.0,,,0.97,0.0,0.0,10.0,10.024,2.1,0.15
2021-09-20 07:00:00,2021,9,20,7,27.0,27.0,0.0,1.0,alta_fd,25.545,20.695,15.998,9.8,10.601,1.5,0.15
2021-09-20 08:00:00,2021,9,20,8,120.0,120.0,0.0,1.0,alta_fd,115.413,98.04,90.603,12.0,16.088,1.0,0.15
2021-09-20 09:00:00,2021,9,20,9,248.4294082811857,234.0,30.0,0.9419174711197891,alta_fd,255.083,212.347,200.859,13.0,25.064,0.0,0.15
2021-09-20 10:00:00,2021,9,20,10,385.2012286047988,327.0,91.0,0.848906949711443,alta_fd,408.026,333.249,317.477,14.6,31.073,0.5,0.15
2021-09-20 11:00:00,2021,9,20,11,453.5335199629588,400.0,71.0,0.8819634765533295,alta_fd,477.133,395.911,377.919,15.0,25.951,3.1,0.15
2021-09-20 12:00:00,2021,9,20,12,481.7840862670073,423.0,72.0,0.8779866584583932,alta_fd,505.902,416.426,397.707,17.0,27.718,3.6,0.15
2021-09-20 13:00:00,2021,9,20,13,467.23312728133044,408.0,72.0,0.8732257542910373,alta_fd,487.732,402.078,383.867,17.2,27.537,3.6,0.15
2021-09-20 14:00:00,2021,9,20,14,414.5456748337872,335.0,103.0,0.8081136056583362,alta_fd,429.214,359.065,342.379,17.0,24.905,4.6,0.15
2021-09-20 15:00:00,2021,9,20,15,323.1900138150962,261.0,93.0,0.8075744572643991,alta_fd,328.916,277.558,263.759,17.0,23.503,4.1,0.15
2021-09-20 16:00:00,2021,9,20,16,199.9374867810625,188.0,23.0,0.9402939039934297,alta_fd,195.257,166.143,156.293,15.4,19.911,3.1,0.15
2021-09-20 17:00:00,2021,9,20,17,73.0,73.0,0.0,1.0,alta_fd,70.002,58.501,52.464,14.0,15.388,4.1,0.15
2021-09-20 18:00:00,2021,9,20,18,5.0,5.0,0.0,,,4.719,2.511,0.0,13.0,13.098,3.1,0.15
2021-09-20 19:00:00,2021,9,20,19,0.0,0.0,0.0,,,0.0,0.0,0.0,12.0,12.0,3.1,0.15
2021-09-20 20:00:00,2021,9,20,20,0.0,0.0,0.0,,,0.0,0.0,0.0,11.0,11.0,2.8,0.15
2021-09-20 21:00:00,2021,9,20,21,0.0,0.0,0.0,,,0.0,0.0,0.0,10.0,10.0,2.6,0.15
2021-09-20 22:00:00,2021,9,20,22,0.0,0.0,0.0,,,0.0,0.0,0.0,10.0,10.0,1.5,0.15
2021-09-20 23:00:00,2021,9,20,23,0.0,0.0,0.0,,,0.0,0.0,0.0,10.0,10.0,1.0,0.15
2021-09-21 00:00:00,2021,9,21,0,0.0,0.0,0.0,,,0.0,0.0,0.0,9.0,9.0,1.0,0.15
2021-09-21 01:00:00,2021,9,21,1,0.0,0.0,0.0,,,0.0,0.0,0.0,9.7,9.7,1.0,0.15
2021-09-21 02:00:00,2021,9,21,2,0.0,0.0,0.0,,,0.0,0.0,0.0,10.0,10.0,1.5,0.15
2021-09-21 03:00:00,2021,9,21,3,0.0,0.0,0.0,,,0.0,0.0,0.0,10.0,10.0,1.5,0.15
2021-09-21 04:00:00,2021,9,21,4,0.0,0.0,0.0,,,0.0,0.0,0.0,9.8,9.8,1.0,0.15
2021-09-21 05:00:00,2021,9,21,5,0.0,0.0,0.0,,,0.0,0.0,0.0,9.0,9.0,1.0,0.15
2021-09-21 06:00:00,2021,9,21,6,4.0,4.0,0.0,,,3.879,2.102,0.0,8.0,8.096,2.1,0.15
2021-09-21 07:00:00,2021,9,21,7,80.24228437116687,71.0,113.0,0.8848202734556263,alta_fd,97.104,78.329,71.59,9.8,12.446,2.1,0.15
2021-09-21 08:00:00,2021,9,21,8,259.4126616552953,133.0,430.0,0.512696639984092,mixto,343.416,293.952,279.573,12.0,24.182,1.0,0.15
2021-09-21 09:00:00,2021,9,21,9,459.56838072066154,154.0,629.0,0.3350970311719628,mixto,595.57,499.357,477.699,13.0,31.749,1.5,0.15
2021-09-21 10:00:00,2021,9,21,10,635.3321062984629,158.0,741.0,0.24868883286967966,baja_fd,798.596,625.585,599.455,14.4,46.776,0.5,0.15
2021-09-21 11:00:00,2021,9,21,11,769.9240918569203,161.0,803.0,0.2091115237239772,baja_fd,935.575,732.629,702.706,16.0,45.35,1.5,0.15
2021-09-21 12:00:00,2021,9,21,12,841.8377129379516,142.0,853.0,0.16867859186829545,baja_fd,997.064,789.502,757.563,17.0,42.062,2.6,0.15
2021-09-21 13:00:00,2021,9,21,13,840.1735951601183,132.0,857.0,0.15711038856778609,baja_fd,967.038,765.537,734.447,18.3,42.617,2.6,0.15
2021-09-21 14:00:00,2021,9,21,14,727.6600212145812,208.0,670.0,0.2858477777201703,baja_fd,811.198,657.07,629.824,19.0,37.717,3.1,0.15
2021-09-21 15:00:00,2021,9,21,15,498.867559301745,251.0,369.0,0.5031395514098365,mixto,527.45,437.432,417.968,20.0,32.18,3.1,0.15
2021-09-21 16:00:00,2021,9,21,16,209.52576968920806,161.0,93.0,0.7684019022519909,alta_fd,211.704,178.34,168.057,19.2,24.096,3.1,0.15
2021-09-21 17:00:00,2021,9,21,17,76.0,76.0,0.0,1.0,alta_fd,72.921,59.924,53.837,18.0,19.837,2.6,0.15
2021-09-21 18:00:00,2021,9,21,18,5.0,5.0,0.0,,,4.719,2.471,0.0,16.0,16.107,2.6,0.15
2021-09-21 19:00:00,2021,9,21,19,0.0,0.0,0.0,,,0.0,0.0,0.0,14.3,14.3,1.0,0.15
2021-09-21 20:00:00,2021,9,21,20,0.0,0.0,0.0,,,0.0,0.0,0.0,14.0,14.0,2.6,0.15
2021-09-21 21:00:00,2021,9,21,21,0.0,0.0,0.0,,,0.0,0.0,0.0,13.0,13.0,3.1,0.15
2021-09-21 22:00:00,2021,9,21,22,0.0,0.0,0.0,,,0.0,0.0,0.0,12.0,12.0,1.0,0.15
2021-09-21 23:00:00,2021,9,21,23,0.0,0.0,0.0,,,0.0,0.0,0.0,11.0,11.0,0.5,0.15
2021-09-22 00:00:00,2021,9,22,0,0.0,0.0,0.0,,,0.0,0.0,0.0,10.0,10.0,1.0,0.15
2021-09-22 01:00:00,2021,9,22,1,0.0,0.0,0.0,,,0.0,0.0,0.0,8.9,8.9,1.0,0.15
2021-09-22 02:00:00,2021,9,22,2,0.0,0.0,0.0,,,0.0,0.0,0.0,10.0,10.0,0.5,0.15
2021-09-22 03:00:00,2021,9,22,3,0.0,0.0,0.0,,,0.0,0.0,0.0,9.0,9.0,0.5,0.15
2021-09-22 04:00:00,2021,9,22,4,0.0,0.0,0.0,,,0.0,0.0,0.0,7.6,7.6,1.0,0.15
2021-09-22 05:00:00,2021,9,22,5,0.0,0.0,0.0,,,0.0,0.0,0.0,7.0,7.0,1.0,0.15
2021-09-22 06:00:00,2021,9,22,6,2.0,2.0,0.0,,,1.94,1.021,0.0,7.0,7.071,0.5,0.15
2021-09-22 07:00:00,2021,9,22,7,56.0,56.0,0.0,1.0,alta_fd,53.447,44.868,39.315,8.0,10.165,0.5,0.15
2021-09-22 08:00:00,2021,9,22,8,217.80790249327907,164.0,180.0,0.7529570696134892,alta_fd,251.125,217.13,205.472,10.0,18.903,1.0,0.15
2021-09-22 09:00:00,2021,9,22,9,426.67230244681537,227.0,407.0,0.5320242225666746,mixto,513.805,426.184,407.119,12.0,32.848,0.5,0.15
2021-09-22 10:00:00,2021,9,22,10,623.8928364226563,234.0,601.0,0.37506441225024206,mixto,760.189,596.105,571.019,15.0,45.791,0.5,0.15
2021-09-22 11:00:00,2021,9,22,11,772.7078690018747,200.0,751.0,0.25883002881586387,baja_fd,934.594,754.029,723.347,16.0,37.545,3.1,0.15
2021-09-22 12:00:00,2021,9,22,12,850.3224462253291,157.0,841.0,0.18463584102353117,baja_fd,1002.682,805.224,772.728,17.0,38.346,3.6,0.15
2021-09-22 13:00:00,2021,9,22,13,849.2368741383458,128.0,869.0,0.15072355416722993,baja_fd,967.99,772.805,741.458,18.2,40.527,3.1,0.15
2021-09-22 14:00:00,2021,9,22,14,770.6055255259571,121.0,834.0,0.15701937760881554,baja_fd,856.402,692.596,664.091,19.0,38.776,3.1,0.15
2021-09-22 15:00:00,2021,9,22,15,621.6421451276506,121.0,742.0,0.19464574747446275,baja_fd,665.424,550.007,526.554,20.0,35.398,3.1,0.15
2021-09-22 16:00:00,2021,9,22,16,405.5234660000987,127.0,531.0,0.31317546491864195,mixto,409.404,351.455,335.038,18.8,26.406,4.6,0.15
2021-09-22 17:00:00,2021,9,22,17,160.5337704734821,83.0,229.0,0.5170251701881656,mixto,149.409,119.921,111.708,16.0,19.404,3.1,0.15
2021-09-22 18:00:00,2021,9,22,18,10.0,10.0,0.0,,,9.45,5.17,1.023,14.3,14.457,4.6,0.15
2021-09-22 19:00:00,2021,9,22,19,0.0,0.0,0.0,,,0.0,0.0,0.0,12.6,12.6,6.2,0.15
2021-09-22 20:00:00,2021,9,22,20,0.0,0.0,0.0,,,0.0,0.0,0.0,12.0,12.0,0.0,0.15
2021-09-22 21:00:00,2021,9,22,21,0.0,0.0,0.0,,,0.0,0.0,0.0,10.0,10.0,3.6,0.15
2021-09-22 22:00:00,2021,9,22,22,0.0,0.0,0.0,,,0.0,0.0,0.0,9.7,9.7,0.0,0.15
2021-09-22 23:00:00,2021,9,22,23,0.0,0.0,0.0,,,0.0,0.0,0.0,9.0,9.0,0.0,0.15
2021-09-23 00:00:00,2021,9,23,0,0.0,0.0,0.0,,,0.0,0.0,0.0,9.0,9.0,0.0,0.15
2021-09-23 01:00:00,2021,9,23,1,0.0,0.0,0.0,,,0.0,0.0,0.0,8.8,8.8,0.0,0.15
2021-09-23 02:00:00,2021,9,23,2,0.0,0.0,0.0,,,0.0,0.0,0.0,8.0,8.0,1.0,0.15
2021-09-23 03:00:00,2021,9,23,3,0.0,0.0,0.0,,,0.0,0.0,0.0,8.0,8.0,0.5,0.15
2021-09-23 04:00:00,2021,9,23,4,0.0,0.0,0.0,,,0.0,0.0,0.0,8.2,8.2,1.0,0.15
2021-09-23 05:00:00,2021,9,23,5,0.0,0.0,0.0,,,0.0,0.0,0.0,7.0,7.0,1.0,0.15
2021-09-23 06:00:00,2021,9,23,6,3.0,3.0,0.0,,,2.91,1.562,0.0,7.0,7.092,1.0,0.15
2021-09-23 07:00:00,2021,9,23,7,58.0,58.0,0.0,1.0,alta_fd,55.357,46.341,40.735,9.2,11.443,0.5,0.15
2021-09-23 08:00:00,2021,9,23,8,209.32547991768854,168.0,136.0,0.8025778804666367,alta_fd,234.95,203.067,191.908,10.0,18.328,1.0,0.15
2021-09-23 09:00:00,2021,9,23,9,401.10429079702567,252.0,301.0,0.6282655303917498,mixto,469.464,399.767,381.638,12.0,24.992,2.1,0.15
2021-09-23 10:00:00,2021,9,23,10,587.6115633111556,276.0,477.0,0.4696980407341828,mixto,701.77,578.433,553.974,13.3,32.689,2.1,0.15
2021-09-23 11:00:00,2021,9,23,11,710.9217224409987,316.0,515.0,0.4444933809519735,mixto,833.269,660.595,633.224,15.0,41.095,1.5,0.15
2021-09-23 12:00:00,2021,9,23,12,772.9725601215612,300.0,571.0,0.3881120954058455,mixto,893.544,708.651,679.577,16.0,40.647,2.1,0.15
2021-09-23 13:00:00,2021,9,23,13,774.8012799816526,248.0,632.0,0.3200820731812326,mixto,882.617,720.572,691.075,13.0,34.028,2.9,0.15
2021-09-23 14:00:00,2021,9,23,14,709.4946464615452,205.0,645.0,0.2889380505158062,baja_fd,787.259,666.245,638.674,10.0,26.276,3.8,0.15
2021-09-23 15:00:00,2021,9,23,15,574.4132163834829,180.0,582.0,0.3133632633547041,mixto,610.969,523.186,500.684,14.0,25.316,4.6,0.15
2021-09-23 16:00:00,2021,9,23,16,378.9367603040949,148.0,438.0,0.39056648893401297,mixto,383.668,335.108,319.271,13.4,21.03,4.1,0.15
2021-09-23 17:00:00,2021,9,23,17,149.2400102075574,95.0,159.0,0.6365585198491851,mixto,139.802,115.784,107.717,12.0,14.561,4.6,0.15
2021-09-23 18:00:00,2021,9,23,18,10.0,10.0,0.0,,,9.451,5.256,1.106,11.0,11.157,4.6,0.15
2021-09-23 19:00:00,2021,9,23,19,0.0,0.0,0.0,,,0.0,0.0,0.0,10.5,10.5,3.6,0.15
2021-09-23 20:00:00,2021,9,23,20,0.0,0.0,0.0,,,0.0,0.0,0.0,10.0,10.0,2.6,0.15
2021-09-23 21:00:00,2021,9,23,21,0.0,0.0,0.0,,,0.0,0.0,0.0,10.0,10.0,1.0,0.15
2021-09-23 22:00:00,2021,9,23,22,0.0,0.0,0.0,,,0.0,0.0,0.0,8.5,8.5,1.5,0.15
2021-09-23 23:00:00,2021,9,23,23,0.0,0.0,0.0,,,0.0,0.0,0.0,8.0,8.0,1.0,0.15
2021-09-24 00:00:00,2021,9,24,0,0.0,0.0,0.0,,,0.0,0.0,0.0,6.0,6.0,1.5,0.15
2021-09-24 01:00:00,2021,9,24,1,0.0,0.0,0.0,,,0.0,0.0,0.0,6.5,6.5,0.5,0.15
2021-09-24 02:00:00,2021,9,24,2,0.0,0.0,0.0,,,0.0,0.0,0.0,6.0,6.0,0.0,0.15
2021-09-24 03:00:00,2021,9,24,3,0.0,0.0,0.0,,,0.0,0.0,0.0,6.0,6.0,1.0,0.15
2021-09-24 04:00:00,2021,9,24,4,0.0,0.0,0.0,,,0.0,0.0,0.0,5.8,5.8,1.0,0.15
2021-09-24 05:00:00,2021,9,24,5,0.0,0.0,0.0,,,0.0,0.0,0.0,5.4,5.4,0.5,0.15
2021-09-24 06:00:00,2021,9,24,6,5.0,5.0,0.0,,,4.72,2.616,0.0,5.0,5.201,0.0,0.15
2021-09-24 07:00:00,2021,9,24,7,84.74590912569411,77.0,80.0,0.9085984302297652,alta_fd,96.014,79.957,73.16,6.0,9.365,1.0,0.15
2021-09-24 08:00:00,2021,9,24,8,252.86715437979785,159.0,304.0,0.6287886633199795,mixto,309.252,269.238,255.734,8.0,18.969,1.0,0.15
2021-09-24 09:00:00,2021,9,24,9,435.04313320945596,222.0,426.0,0.5102942284417482,mixto,529.781,444.77,425.046,11.0,29.767,1.0,0.15
2021-09-24 10:00:00,2021,9,24,10,590.5435403725241,261.0,501.0,0.4419657182861692,mixto,707.106,569.648,545.499,13.6,38.592,1.0,0.15
2021-09-24 11:00:00,2021,9,24,11,645.5521181874296,378.0,347.0,0.5855452865081475,mixto,732.638,584.083,559.423,14.3,38.88,1.2,0.15
2021-09-24 12:00:00,2021,9,24,12,605.0509761242749,397.0,250.0,0.6561430617681672,mixto,673.116,540.476,517.361,15.0,36.034,1.5,0.15
2021-09-24 13:00:00,2021,9,24,13,476.4060159813741,386.0,108.0,0.8102332612338198,alta_fd,497.006,408.33,389.898,16.3,28.738,2.6,0.15
2021-09-24 14:00:00,2021,9,24,14,450.100403829369,348.0,130.0,0.7731608259830072,alta_fd,474.427,384.096,366.523,17.0,33.718,1.0,0.15
2021-09-24 15:00:00,2021,9,24,15,375.4132608043895,274.0,149.0,0.7298623373423369,alta_fd,388.322,327.019,311.468,17.0,25.267,3.6,0.15
2021-09-24 16:00:00,2021,9,24,16,248.21721801029702,209.0,74.0,0.8420044414136084,alta_fd,246.987,211.47,200.013,16.0,20.573,4.6,0.15
2021-09-24 17:00:00,2021,9,24,17,100.21732450713291,93.0,21.0,0.9279832649431863,alta_fd,97.138,81.205,74.364,15.0,16.923,4.1,0.15
2021-09-24 18:00:00,2021,9,24,18,8.0,8.0,0.0,,,7.556,4.094,0.0,14.0,14.134,4.1,0.15
2021-09-24 19:00:00,2021,9,24,19,0.0,0.0,0.0,,,0.0,0.0,0.0,12.3,12.3,2.1,0.15
2021-09-24 20:00:00,2021,9,24,20,0.0,0.0,0.0,,,0.0,0.0,0.0,12.0,12.0,2.1,0.15
2021-09-24 21:00:00,2021,9,24,21,0.0,0.0,0.0,,,0.0,0.0,0.0,10.0,10.0,2.6,0.15
2021-09-24 22:00:00,2021,9,24,22,0.0,0.0,0.0,,,0.0,0.0,0.0,9.4,9.4,1.5,0.15
2021-09-24 23:00:00,2021,9,24,23,0.0,0.0,0.0,,,0.0,0.0,0.0,9.0,9.0,2.1,0.15
2021-09-25 00:00:00,2021,9,25,0,0.0,0.0,0.0,,,0.0,0.0,0.0,8.0,8.0,1.0,0.15
2021-09-25 01:00:00,2021,9,25,1,0.0,0.0,0.0,,,0.0,0.0,0.0,9.0,9.0,0.5,0.15
2021-09-25 02:00:00,2021,9,25,2,0.0,0.0,0.0,,,0.0,0.0,0.0,9.0,9.0,1.0,0.15
2021-09-25 03:00:00,2021,9,25,3,0.0,0.0,0.0,,,0.0,0.0,0.0,9.0,9.0,1.5,0.15
2021-09-25 04:00:00,2021,9,25,4,0.0,0.0,0.0,,,0.0,0.0,0.0,9.2,9.2,3.1,0.15
2021-09-25 05:00:00,2021,9,25,5,0.0,0.0,0.0,,,0.0,0.0,0.0,9.0,9.0,2.1,0.15
2021-09-25 06:00:00,2021,9,25,6,2.0,2.0,0.0,,,1.886,0.979,0.0,9.0,9.043,2.6,0.15
2021-09-25 07:00:00,2021,9,25,7,33.0,33.0,0.0,1.0,alta_fd,31.236,25.661,20.789,9.8,10.664,2.1,0.15
2021-09-25 08:00:00,2021,9,25,8,131.0,131.0,0.0,1.0,alta_fd,125.929,108.393,100.589,10.0,13.171,2.6,0.15
2021-09-25 09:00:00,2021,9,25,9,263.076920834023,255.0,16.0,0.9692982538779266,alta_fd,259.944,219.23,207.498,12.0,21.174,1.0,0.15
2021-09-25 10:00:00,2021,9,25,10,401.2630794812232,341.0,91.0,0.849816535428241,alta_fd,422.339,346.311,330.076,12.8,29.843,0.5,0.15
2021-09-25 11:00:00,2021,9,25,11,522.6299361563086,411.0,144.0,0.7864073057557839,alta_fd,566.795,457.567,437.39,14.0,33.949,1.0,0.15
2021-09-25 12:00:00,2021,9,25,12,606.0609512943252,433.0,207.0,0.7144495930240513,alta_fd,658.637,544.716,521.451,15.0,27.976,4.1,0.15
2021-09-25 13:00:00,2021,9,25,13,637.8898805085048,400.0,283.0,0.6270674801756272,mixto,699.571,571.292,547.085,16.1,32.179,3.1,0.15
2021-09-25 14:00:00,2021,9,25,14,691.3699792003938,275.0,528.0,0.39776097932116194,mixto,756.967,627.462,601.265,16.0,30.97,4.1,0.15
2021-09-25 15:00:00,2021,9,25,15,608.0222186166882,148.0,673.0,0.2434121574318697,baja_fd,645.73,549.793,526.348,16.0,27.22,5.1,0.15
2021-09-25 16:00:00,2021,9,25,16,413.82967445053595,123.0,546.0,0.29722373138976504,baja_fd,415.433,363.055,346.227,15.4,21.767,6.2,0.15
2021-09-25 17:00:00,2021,9,25,17,167.36305173517957,86.0,235.0,0.5138529628157041,mixto,153.656,124.357,115.987,14.0,17.817,2.6,0.15
2021-09-25 18:00:00,2021,9,25,18,11.0,11.0,0.0,1.0,alta_fd,10.397,5.749,1.582,13.0,13.235,2.6,0.15
2021-09-25 19:00:00,2021,9,25,19,0.0,0.0,0.0,,,0.0,0.0,0.0,11.3,11.3,3.6,0.15
2021-09-25 20:00:00,2021,9,25,20,0.0,0.0,0.0,,,0.0,0.0,0.0,10.0,10.0,2.1,0.15
2021-09-25 21:00:00,2021,9,25,21,0.0,0.0,0.0,,,0.0,0.0,0.0,10.0,10.0,0.5,0.15
2021-09-25 22:00:00,2021,9,25,22,0.0,0.0,0.0,,,0.0,0.0,0.0,9.8,9.8,1.5,0.15
2021-09-25 23:00:00,2021,9,25,23,0.0,0.0,0.0,,,0.0,0.0,0.0,9.0,9.0,1.5,0.15
2021-09-26 00:00:00,2021,9,26,0,0.0,0.0,0.0,,,0.0,0.0,0.0,8.0,8.0,0.5,0.15
2021-09-26 01:00:00,2021,9,26,1,0.0,0.0,0.0,,,0.0,0.0,0.0,7.2,7.2,0.0,0.15
2021-09-26 02:00:00,2021,9,26,2,0.0,0.0,0.0,,,0.0,0.0,0.0,6.0,6.0,1.0,0.15
2021-09-26 03:00:00,2021,9,26,3,0.0,0.0,0.0,,,0.0,0.0,0.0,5.0,5.0,1.5,0.15
2021-09-26 04:00:00,2021,9,26,4,0.0,0.0,0.0,,,0.0,0.0,0.0,4.7,4.7,0.5,0.15
2021-09-26 05:00:00,2021,9,26,5,0.0,0.0,0.0,,,0.0,0.0,0.0,3.0,3.0,0.5,0.15
2021-09-26 06:00:00,2021,9,26,6,7.0,7.0,0.0,,,6.612,3.741,0.0,4.0,4.24,0.5,0.15
2021-09-26 07:00:00,2021,9,26,7,99.97808881927516,83.0,159.0,0.8301819026570361,alta_fd,123.196,101.606,94.042,4.0,9.754,0.0,0.15
2021-09-26 08:00:00,2021,9,26,8,288.800316099165,134.0,486.0,0.4639884118201193,mixto,376.368,322.528,307.136,7.0,24.888,0.0,0.15
2021-09-26 09:00:00,2021,9,26,9,495.9936400634866,147.0,685.0,0.2963747679933641,baja_fd,633.841,518.715,496.372,12.0,37.746,0.5,0.15
2021-09-26 10:00:00,2021,9,26,10,675.9883711124502,144.0,798.0,0.21302141597942623,baja_fd,836.073,660.281,632.921,15.0,44.59,1.0,0.15
2021-09-26 11:00:00,2021,9,26,11,808.0168153294459,130.0,870.0,0.1608877408658831,baja_fd,965.638,737.932,707.82,17.0,51.137,1.0,0.15
2021-09-26 12:00:00,2021,9,26,12,876.7389125878656,136.0,882.0,0.15512029641591876,baja_fd,1017.034,788.229,756.336,19.0,47.095,2.1,0.15
2021-09-26 13:00:00,2021,9,26,13,869.5596377075775,131.0,875.0,0.15065096667245925,baja_fd,980.13,769.473,738.244,19.8,44.441,2.6,0.15
2021-09-26 14:00:00,2021,9,26,14,786.5170648186936,127.0,833.0,0.16147138527665106,baja_fd,863.868,702.544,673.687,20.0,37.111,4.1,0.15
2021-09-26 15:00:00,2021,9,26,15,633.583289394327,127.0,738.0,0.20044720579894942,baja_fd,669.59,557.486,533.768,20.0,33.29,4.1,0.15
2021-09-26 16:00:00,2021,9,26,16,416.26080913029756,132.0,531.0,0.3171088824715216,mixto,414.212,356.342,339.752,18.5,25.715,5.1,0.15
2021-09-26 17:00:00,2021,9,26,17,170.35445484215998,87.0,239.0,0.5106998820817975,mixto,155.619,124.765,116.38,17.0,20.275,3.6,0.15
2021-09-26 18:00:00,2021,9,26,18,12.0,12.0,0.0,1.0,alta_fd,11.345,6.27,2.084,14.0,14.217,3.6,0.15
2021-09-26 19:00:00,2021,9,26,19,0.0,0.0,0.0,,,0.0,0.0,0.0,12.8,12.8,1.5,0.15
2021-09-26 20:00:00,2021,9,26,20,0.0,0.0,0.0,,,0.0,0.0,0.0,11.0,11.0,3.1,0.15
2021-09-26 21:00:00,2021,9,26,21,0.0,0.0,0.0,,,0.0,0.0,0.0,10.0,10.0,2.1,0.15
2021-09-26 22:00:00,2021,9,26,22,0.0,0.0,0.0,,,0.0,0.0,0.0,10.0,10.0,1.5,0.15
2021-09-26 23:00:00,2021,9,26,23,0.0,0.0,0.0,,,0.0,0.0,0.0,9.0,9.0,0.5,0.15
2021-09-27 00:00:00,2021,9,27,0,0.0,0.0,0.0,,,0.0,0.0,0.0,8.0,8.0,0.5,0.15
2021-09-27 01:00:00,2021,9,27,1,0.0,0.0,0.0,,,0.0,0.0,0.0,7.2,7.2,1.0,0.15
2021-09-27 02:00:00,2021,9,27,2,0.0,0.0,0.0,,,0.0,0.0,0.0,6.0,6.0,0.0,0.15
2021-09-27 03:00:00,2021,9,27,3,0.0,0.0,0.0,,,0.0,0.0,0.0,4.0,4.0,0.0,0.15
2021-09-27 04:00:00,2021,9,27,4,0.0,0.0,0.0,,,0.0,0.0,0.0,4.3,4.3,1.5,0.15
2021-09-27 05:00:00,2021,9,27,5,0.0,0.0,0.0,,,0.0,0.0,0.0,5.0,5.0,2.6,0.15
2021-09-27 06:00:00,2021,9,27,6,6.0,6.0,0.0,,,5.665,3.137,0.0,7.0,7.141,2.1,0.15
2021-09-27 07:00:00,2021,9,27,7,36.0,36.0,0.0,1.0,alta_fd,34.082,28.367,23.398,8.1,8.887,3.1,0.15
2021-09-27 08:00:00,2021,9,27,8,102.0,102.0,0.0,1.0,alta_fd,97.302,83.737,76.806,8.0,10.693,2.1,0.15
2021-09-27 09:00:00,2021,9,27,9,167.0,167.0,0.0,1.0,alta_fd,160.567,136.929,128.114,9.0,14.026,1.5,0.15
2021-09-27 10:00:00,2021,9,27,10,218.67103099326548,218.0,1.0,0.996931321948694,alta_fd,211.599,178.651,168.357,9.8,16.406,1.5,0.15
2021-09-27 11:00:00,2021,9,27,11,251.78340736781635,251.0,1.0,0.996888566343564,alta_fd,244.493,204.452,193.244,10.0,18.589,1.0,0.15
2021-09-27 12:00:00,2021,9,27,12,264.6871862418413,263.0,2.0,0.9936257350958435,alta_fd,257.52,216.543,204.907,10.0,17.069,2.1,0.15
2021-09-27 13:00:00,2021,9,27,13,255.69499116825978,254.0,2.0,0.9933710427391814,alta_fd,248.448,204.64,193.425,10.8,22.486,0.0,0.15
2021-09-27 14:00:00,2021,9,27,14,366.89720633766643,351.0,20.0,0.9566712254466289,alta_fd,362.414,301.776,287.12,11.0,23.751,1.0,0.15
2021-09-27 15:00:00,2021,9,27,15,381.05393315500413,288.0,135.0,0.7557985233624347,alta_fd,392.304,329.234,313.605,12.0,25.857,1.0,0.15
2021-09-27 16:00:00,2021,9,27,16,294.61036629902344,201.0,174.0,0.6822570520006386,mixto,293.279,248.663,235.888,11.2,25.125,0.0,0.15
2021-09-27 17:00:00,2021,9,27,17,116.72643101121386,96.0,59.0,0.8224358370965469,alta_fd,110.293,92.082,84.856,12.0,15.89,1.0,0.15
2021-09-27 18:00:00,2021,9,27,18,9.0,9.0,0.0,,,8.502,4.678,0.549,12.0,12.27,1.0,0.15
2021-09-27 19:00:00,2021,9,27,19,0.0,0.0,0.0,,,0.0,0.0,0.0,10.8,10.8,2.1,0.15
2021-09-27 20:00:00,2021,9,27,20,0.0,0.0,0.0,,,0.0,0.0,0.0,11.0,11.0,1.5,0.15
2021-09-27 21:00:00,2021,9,27,21,0.0,0.0,0.0,,,0.0,0.0,0.0,10.0,10.0,1.5,0.15
2021-09-27 22:00:00,2021,9,27,22,0.0,0.0,0.0,,,0.0,0.0,0.0,10.0,10.0,1.5,0.15
2021-09-27 23:00:00,2021,9,27,23,0.0,0.0,0.0,,,0.0,0.0,0.0,9.0,9.0,2.1,0.15
2021-09-28 00:00:00,2021,9,28,0,0.0,0.0,0.0,,,0.0,0.0,0.0,7.0,7.0,1.0,0.15
2021-09-28 01:00:00,2021,9,28,1,0.0,0.0,0.0,,,0.0,0.0,0.0,7.2,7.2,2.1,0.15
2021-09-28 02:00:00,2021,9,28,2,0.0,0.0,0.0,,,0.0,0.0,0.0,7.0,7.0,0.5,0.15
2021-09-28 03:00:00,2021,9,28,3,0.0,0.0,0.0,,,0.0,0.0,0.0,5.0,5.0,2.1,0.15
2021-09-28 04:00:00,2021,9,28,4,0.0,0.0,0.0,,,0.0,0.0,0.0,5.4,5.4,0.0,0.15
2021-09-28 05:00:00,2021,9,28,5,0.0,0.0,0.0,,,0.0,0.0,0.0,4.0,4.0,0.0,0.15
2021-09-28 06:00:00,2021,9,28,6,8.0,8.0,0.0,,,7.558,4.323,0.206,3.0,3.275,0.5,0.15
2021-09-28 07:00:00,2021,9,28,7,88.71636655816029,83.0,49.0,0.9355658174479815,alta_fd,92.954,78.918,72.158,5.4,8.673,1.0,0.15
2021-09-28 08:00:00,2021,9,28,8,212.97052347340133,190.0,70.0,0.8921422406313886,alta_fd,222.467,193.247,182.436,9.0,15.993,1.5,0.15
2021-09-28 09:00:00,2021,9,28,9,272.81812455363433,264.0,17.0,0.9676776439686259,alta_fd,269.317,231.028,218.878,10.0,16.758,2.6,0.15
2021-09-28 10:00:00,2021,9,28,10,220.0521988873139,216.0,6.0,0.9815852833654756,alta_fd,213.773,179.424,169.103,11.4,18.075,1.5,0.15
2021-09-28 11:00:00,2021,9,28,11,337.8743946611615,330.0,10.0,0.9766943136692606,alta_fd,332.558,276.426,262.668,12.0,22.369,1.5,0.15
2021-09-28 12:00:00,2021,9,28,12,433.6406300444562,415.0,22.0,0.957013645048562,alta_fd,431.754,354.769,338.235,13.0,26.457,1.5,0.15
2021-09-28 13:00:00,2021,9,28,13,488.28112732560504,410.0,92.0,0.8396802109588722,alta_fd,506.486,410.414,391.908,14.1,31.912,1.0,0.15
2021-09-28 14:00:00,2021,9,28,14,429.02767846432886,362.0,84.0,0.843768405096265,alta_fd,439.609,365.295,348.388,19.0,26.06,5.7,0.15
2021-09-28 15:00:00,2021,9,28,15,340.0595756149343,275.0,94.0,0.8086818302431678,alta_fd,342.538,284.781,270.726,15.0,27.094,1.0,0.15
2021-09-28 16:00:00,2021,9,28,16,213.9752115057542,201.0,24.0,0.9393611464877311,alta_fd,207.646,174.987,164.823,15.1,22.45,1.0,0.15
2021-09-28 17:00:00,2021,9,28,17,84.35382217458817,84.0,1.0,0.9958054992000734,alta_fd,80.654,67.188,60.844,15.0,17.858,1.0,0.15
2021-09-28 18:00:00,2021,9,28,18,7.0,7.0,0.0,,,6.61,3.609,0.0,14.0,14.187,1.5,0.15
2021-09-28 19:00:00,2021,9,28,19,0.0,0.0,0.0,,,0.0,0.0,0.0,11.8,11.8,1.5,0.15
2021-09-28 20:00:00,2021,9,28,20,0.0,0.0,0.0,,,0.0,0.0,0.0,11.0,11.0,1.5,0.15
2021-09-28 21:00:00,2021,9,28,21,0.0,0.0,0.0,,,0.0,0.0,0.0,11.0,11.0,1.5,0.15
2021-09-28 22:00:00,2021,9,28,22,0.0,0.0,0.0,,,0.0,0.0,0.0,10.6,10.6,1.0,0.15
2021-09-28 23:00:00,2021,9,28,23,0.0,0.0,0.0,,,0.0,0.0,0.0,11.0,11.0,2.1,0.15
2021-09-29 00:00:00,2021,9,29,0,0.0,0.0,0.0,,,0.0,0.0,0.0,11.0,11.0,0.5,0.15
2021-09-29 01:00:00,2021,9,29,1,0.0,0.0,0.0,,,0.0,0.0,0.0,9.0,9.0,1.0,0.15
2021-09-29 02:00:00,2021,9,29,2,0.0,0.0,0.0,,,0.0,0.0,0.0,9.0,9.0,1.0,0.15
2021-09-29 03:00:00,2021,9,29,3,0.0,0.0,0.0,,,0.0,0.0,0.0,10.0,10.0,0.5,0.15
2021-09-29 04:00:00,2021,9,29,4,0.0,0.0,0.0,,,0.0,0.0,0.0,9.4,9.4,1.0,0.15
2021-09-29 05:00:00,2021,9,29,5,0.0,0.0,0.0,,,0.0,0.0,0.0,9.0,9.0,1.0,0.15
2021-09-29 06:00:00,2021,9,29,6,5.0,5.0,0.0,,,4.72,2.577,0.0,8.0,8.117,2.1,0.15
2021-09-29 07:00:00,2021,9,29,7,73.0,73.0,0.0,1.0,alta_fd,69.698,59.454,53.383,8.8,10.288,3.6,0.15
2021-09-29 08:00:00,2021,9,29,8,194.98251701301825,181.0,42.0,0.9282883551447605,alta_fd,199.529,171.164,161.135,10.0,18.092,0.5,0.15
2021-09-29 09:00:00,2021,9,29,9,315.1408551920204,267.0,92.0,0.8472401962522841,alta_fd,330.719,282.657,268.678,13.0,20.037,3.6,0.15
2021-09-29 10:00:00,2021,9,29,10,414.32498750785794,345.0,102.0,0.832679684793225,alta_fd,435.349,368.776,351.745,14.4,21.395,5.7,0.15
2021-09-29 11:00:00,2021,9,29,11,481.19113947697195,425.0,71.0,0.8832249082182839,alta_fd,501.664,413.142,394.539,16.0,27.507,3.1,0.15
2021-09-29 12:00:00,2021,9,29,12,506.41842119603047,446.0,71.0,0.8806946614356215,alta_fd,527.054,423.614,404.64,17.0,33.437,1.5,0.15
2021-09-29 13:00:00,2021,9,29,13,489.6500562673884,429.0,71.0,0.8761359148414586,alta_fd,506.504,410.55,392.039,17.6,31.521,2.1,0.15
2021-09-29 14:00:00,2021,9,29,14,371.2190287769931,356.0,19.0,0.9590025629151251,alta_fd,366.268,298.209,283.679,18.0,29.434,1.5,0.15
2021-09-29 15:00:00,2021,9,29,15,235.86451985326684,231.0,7.0,0.9793757880316502,alta_fd,228.969,187.289,176.689,19.0,27.073,1.0,0.15
2021-09-29 16:00:00,2021,9,29,16,113.0,113.0,0.0,1.0,alta_fd,107.898,89.032,81.914,18.9,21.39,3.1,0.15
2021-09-29 17:00:00,2021,9,29,17,60.0,60.0,0.0,1.0,alta_fd,56.974,46.689,41.071,17.0,18.436,2.6,0.15
2021-09-29 18:00:00,2021,9,29,18,6.0,6.0,0.0,,,5.664,3.009,0.0,15.0,15.108,3.6,0.15
2021-09-29 19:00:00,2021,9,29,19,0.0,0.0,0.0,,,0.0,0.0,0.0,13.0,13.0,2.6,0.15
2021-09-29 20:00:00,2021,9,29,20,0.0,0.0,0.0,,,0.0,0.0,0.0,12.0,12.0,3.6,0.15
2021-09-29 21:00:00,2021,9,29,21,0.0,0.0,0.0,,,0.0,0.0,0.0,11.0,11.0,3.1,0.15
2021-09-29 22:00:00,2021,9,29,22,0.0,0.0,0.0,,,0.0,0.0,0.0,10.2,10.2,1.5,0.15
2021-09-29 23:00:00,2021,9,29,23,0.0,0.0,0.0,,,0.0,0.0,0.0,9.0,9.0,1.0,0.15
2021-09-30 00:00:00,2021,9,30,0,0.0,0.0,0.0,,,0.0,0.0,0.0,8.0,8.0,1.0,0.15
2021-09-30 01:00:00,2021,9,30,1,0.0,0.0,0.0,,,0.0,0.0,0.0,8.4,8.4,0.5,0.15
2021-09-30 02:00:00,2021,9,30,2,0.0,0.0,0.0,,,0.0,0.0,0.0,9.0,9.0,0.0,0.15
2021-09-30 03:00:00,2021,9,30,3,0.0,0.0,0.0,,,0.0,0.0,0.0,9.0,9.0,0.5,0.15
2021-09-30 04:00:00,2021,9,30,4,0.0,0.0,0.0,,,0.0,0.0,0.0,8.0,8.0,1.5,0.15
2021-09-30 05:00:00,2021,9,30,5,0.0,0.0,0.0,,,0.0,0.0,0.0,8.0,8.0,2.6,0.15
2021-09-30 06:00:00,2021,9,30,6,5.0,5.0,0.0,,,4.719,2.59,0.0,7.0,7.133,1.5,0.15
2021-09-30 07:00:00,2021,9,30,7,76.0,76.0,0.0,1.0,alta_fd,72.565,61.909,55.751,8.2,10.771,1.0,0.15
2021-09-30 08:00:00,2021,9,30,8,234.95898167470227,186.0,145.0,0.7916275371737636,alta_fd,258.829,221.743,209.922,12.0,21.173,1.0,0.15
2021-09-30 09:00:00,2021,9,30,9,432.9742710431415,272.0,305.0,0.6282128481784497,mixto,496.188,421.015,402.133,14.0,25.451,3.1,0.15
2021-09-30 10:00:00,2021,9,30,10,622.2719981563071,294.0,480.0,0.47246220442358844,mixto,728.08,600.459,575.218,16.5,31.994,3.6,0.15
2021-09-30 11:00:00,2021,9,30,11,703.4336070444419,332.0,467.0,0.4719706261902052,mixto,808.482,660.572,633.202,18.0,32.901,4.6,0.15
2021-09-30 12:00:00,2021,9,30,12,715.3575999934765,406.0,362.0,0.567548314302808,mixto,792.808,643.233,616.477,18.0,33.631,4.1,0.15
2021-09-30 13:00:00,2021,9,30,13,657.8255555425284,410.0,289.0,0.6232655398464426,mixto,715.088,587.598,562.813,18.0,30.344,5.1,0.15
2021-09-30 14:00:00,2021,9,30,14,539.6832047397693,403.0,170.0,0.7467343739079729,alta_fd,565.481,468.257,447.701,18.0,28.413,4.6,0.15
2021-09-30 15:00:00,2021,9,30,15,387.44615610662584,310.0,111.0,0.8001111770345902,alta_fd,390.866,325.569,310.069,19.0,27.314,3.6,0.15
2021-09-30 16:00:00,2021,9,30,16,220.65597916334835,195.0,47.0,0.883728602050001,alta_fd,217.161,183.033,172.584,18.0,23.016,3.1,0.15
2021-09-30 17:00:00,2021,9,30,17,87.71772188060551,87.0,2.0,0.9918178235227949,alta_fd,83.748,69.501,63.075,17.0,19.111,2.6,0.15
2021-09-30 18:00:00,2021,9,30,18,8.0,8.0,0.0,,,7.556,4.28,0.165,13.8,13.991,2.1,0.15
2021-09-30 19:00:00,2021,9,30,19,0.0,0.0,0.0,,,0.0,0.0,0.0,13.3,13.3,1.0,0.15
2021-09-30 20:00:00,2021,9,30,20,0.0,0.0,0.0,,,0.0,0.0,0.0,12.6,12.6,2.1,0.15
2021-09-30 21:00:00,2021,9,30,21,0.0,0.0,0.0,,,0.0,0.0,0.0,11.9,11.9,0.5,0.15
2021-09-30 22:00:00,2021,9,30,22,0.0,0.0,0.0,,,0.0,0.0,0.0,11.3,11.3,0.5,0.15
2021-09-30 23:00:00,2021,9,30,23,0.0,0.0,0.0,,,0.0,0.0,0.0,10.9,10.9,1.0,0.15
2021-10-01 00:00:00,2021,10,1,0,0.0,0.0,0.0,,,0.0,0.0,0.0,10.6,10.6,1.0,0.15
2021-10-01 01:00:00,2021,10,1,1,0.0,0.0,0.0,,,0.0,0.0,0.0,10.5,10.5,0.5,0.15
2021-10-01 02:00:00,2021,10,1,2,0.0,0.0,0.0,,,0.0,0.0,0.0,10.4,10.4,1.5,0.15
2021-10-01 03:00:00,2021,10,1,3,0.0,0.0,0.0,,,0.0,0.0,0.0,10.3,10.3,2.1,0.15
2021-10-01 04:00:00,2021,10,1,4,0.0,0.0,0.0,,,0.0,0.0,0.0,10.1,10.1,2.1,0.15
2021-10-01 05:00:00,2021,10,1,5,0.0,0.0,0.0,,,0.0,0.0,0.0,9.8,9.8,1.0,0.15
2021-10-01 06:00:00,2021,10,1,6,3.0,3.0,0.0,,,2.83,1.491,0.0,10.0,10.103,0.5,0.15
2021-10-01 07:00:00,2021,10,1,7,41.0,41.0,0.0,1.0,alta_fd,38.828,32.079,26.979,10.6,12.442,0.0,0.15
2021-10-01 08:00:00,2021,10,1,8,108.0,108.0,0.0,1.0,alta_fd,103.025,87.038,79.99,11.3,15.476,0.5,0.15
2021-10-01 09:00:00,2021,10,1,9,173.0,173.0,0.0,1.0,alta_fd,166.261,139.635,130.723,12.0,17.862,1.0,0.15
2021-10-01 10:00:00,2021,10,1,10,224.68809452139797,224.0,1.0,0.9969375568257692,alta_fd,217.293,183.849,173.371,11.5,15.778,4.1,0.15
2021-10-01 11:00:00,2021,10,1,11,258.59849542950286,257.0,2.0,0.9938186205343231,alta_fd,251.145,212.653,201.154,11.0,15.323,5.1,0.15
2021-10-01 12:00:00,2021,10,1,12,270.71629265764136,269.0,2.0,0.9936601796633945,alta_fd,263.229,221.503,209.691,12.0,16.829,4.6,0.15
2021-10-01 13:00:00,2021,10,1,13,260.7215726927248,259.0,2.0,0.9933968920371856,alta_fd,253.15,213.087,201.572,12.2,16.846,4.6,0.15
2021-10-01 14:00:00,2021,10,1,14,228.80700022827708,228.0,1.0,0.9964730090098994,alta_fd,221.254,185.797,175.25,13.0,17.688,3.6,0.15
2021-10-01 15:00:00,2021,10,1,15,178.0,178.0,0.0,1.0,alta_fd,171.142,144.977,135.876,12.0,15.635,3.6,0.15
2021-10-01 16:00:00,2021,10,1,16,114.0,114.0,0.0,1.0,alta_fd,108.816,92.479,85.239,12.0,14.155,4.1,0.15
2021-10-01 17:00:00,2021,10,1,17,46.0,46.0,0.0,1.0,alta_fd,43.575,35.993,30.754,13.0,14.008,3.1,0.15
2021-10-01 18:00:00,2021,10,1,18,4.0,4.0,0.0,,,3.774,2.172,0.0,13.0,13.11,1.5,0.15
2021-10-01 19:00:00,2021,10,1,19,0.0,0.0,0.0,,,0.0,0.0,0.0,11.7,11.7,1.5,0.15
2021-10-01 20:00:00,2021,10,1,20,0.0,0.0,0.0,,,0.0,0.0,0.0,11.0,11.0,1.5,0.15
2021-10-01 21:00:00,2021,10,1,21,0.0,0.0,0.0,,,0.0,0.0,0.0,11.0,11.0,1.5,0.15
2021-10-01 22:00:00,2021,10,1,22,0.0,0.0,0.0,,,0.0,0.0,0.0,11.0,11.0,2.1,0.15
2021-10-01 23:00:00,2021,10,1,23,0.0,0.0,0.0,,,0.0,0.0,0.0,11.0,11.0,4.6,0.15
2021-10-02 00:00:00,2021,10,2,0,0.0,0.0,0.0,,,0.0,0.0,0.0,11.0,11.0,4.6,0.15
2021-10-02 01:00:00,2021,10,2,1,0.0,0.0,0.0,,,0.0,0.0,0.0,10.2,10.2,1.5,0.15
2021-10-02 02:00:00,2021,10,2,2,0.0,0.0,0.0,,,0.0,0.0,0.0,10.0,10.0,4.1,0.15
2021-10-02 03:00:00,2021,10,2,3,0.0,0.0,0.0,,,0.0,0.0,0.0,10.0,10.0,1.5,0.15
2021-10-02 04:00:00,2021,10,2,4,0.0,0.0,0.0,,,0.0,0.0,0.0,9.5,9.5,3.1,0.15
2021-10-02 05:00:00,2021,10,2,5,0.0,0.0,0.0,,,0.0,0.0,0.0,9.0,9.0,2.1,0.15
2021-10-02 06:00:00,2021,10,2,6,3.0,3.0,0.0,,,2.83,1.499,0.0,9.0,9.07,2.1,0.15
2021-10-02 07:00:00,2021,10,2,7,42.0,42.0,0.0,1.0,alta_fd,39.777,33.114,27.977,9.4,11.014,0.5,0.15
2021-10-02 08:00:00,2021,10,2,8,110.0,110.0,0.0,1.0,alta_fd,104.941,89.706,82.564,10.0,12.641,2.6,0.15
2021-10-02 09:00:00,2021,10,2,9,175.0,175.0,0.0,1.0,alta_fd,168.176,142.333,133.326,10.0,15.929,1.0,0.15
2021-10-02 10:00:00,2021,10,2,10,226.69223863945243,226.0,1.0,0.9969463505075998,alta_fd,219.213,184.613,174.108,11.5,16.983,2.6,0.15
2021-10-02 11:00:00,2021,10,2,11,260.6061663624171,259.0,2.0,0.9938368059941318,alta_fd,253.07,211.444,199.989,13.0,18.798,3.1,0.15
2021-10-02 12:00:00,2021,10,2,12,272.7233293415373,271.0,2.0,0.9936810343812607,alta_fd,265.156,219.499,207.758,13.8,21.077,2.1,0.15
2021-10-02 13:00:00,2021,10,2,13,262.7280018577361,261.0,2.0,0.9934228485524288,alta_fd,255.073,210.71,199.28,14.7,21.703,2.1,0.15
2021-10-02 14:00:00,2021,10,2,14,307.28950789380985,300.0,9.0,0.9762780449492962,alta_fd,300.144,249.611,236.802,15.0,22.508,2.6,0.15
2021-10-02 15:00:00,2021,10,2,15,292.25114586385087,281.0,16.0,0.9615017904186683,alta_fd,285.316,239.122,226.685,16.0,22.563,3.1,0.15
2021-10-02 16:00:00,2021,10,2,16,218.67406860226112,206.0,23.0,0.9420412823373513,alta_fd,211.511,180.484,170.125,15.3,19.212,4.6,0.15
2021-10-02 17:00:00,2021,10,2,17,88.36388177380286,88.0,1.0,0.9958820078238036,alta_fd,84.323,71.017,64.537,14.0,15.801,3.6,0.15
2021-10-02 18:00:00,2021,10,2,18,8.0,8.0,0.0,,,7.555,4.425,0.304,13.0,13.175,2.6,0.15
2021-10-02 19:00:00,2021,10,2,19,0.0,0.0,0.0,,,0.0,0.0,0.0,12.8,12.8,2.6,0.15
2021-10-02 20:00:00,2021,10,2,20,0.0,0.0,0.0,,,0.0,0.0,0.0,12.0,12.0,3.1,0.15
2021-10-02 21:00:00,2021,10,2,21,0.0,0.0,0.0,,,0.0,0.0,0.0,11.0,11.0,1.0,0.15
2021-10-02 22:00:00,2021,10,2,22,0.0,0.0,0.0,,,0.0,0.0,0.0,10.6,10.6,1.0,0.15
2021-10-02 23:00:00,2021,10,2,23,0.0,0.0,0.0,,,0.0,0.0,0.0,10.0,10.0,1.0,0.15
2021-10-03 00:00:00,2021,10,3,0,0.0,0.0,0.0,,,0.0,0.0,0.0,10.0,10.0,0.0,0.15
2021-10-03 01:00:00,2021,10,3,1,0.0,0.0,0.0,,,0.0,0.0,0.0,9.4,9.4,0.0,0.15
2021-10-03 02:00:00,2021,10,3,2,0.0,0.0,0.0,,,0.0,0.0,0.0,9.0,9.0,1.0,0.15
2021-10-03 03:00:00,2021,10,3,3,0.0,0.0,0.0,,,0.0,0.0,0.0,8.6,8.6,0.8,0.15
2021-10-03 04:00:00,2021,10,3,4,0.0,0.0,0.0,,,0.0,0.0,0.0,8.3,8.3,0.7,0.15
2021-10-03 05:00:00,2021,10,3,5,0.0,0.0,0.0,,,0.0,0.0,0.0,8.0,8.0,0.5,0.15
2021-10-03 06:00:00,2021,10,3,6,3.0,3.0,0.0,,,2.83,1.507,0.0,8.0,8.103,0.5,0.15
2021-10-03 07:00:00,2021,10,3,7,43.0,43.0,0.0,1.0,alta_fd,40.726,33.891,28.726,9.5,11.433,0.0,0.15
2021-10-03 08:00:00,2021,10,3,8,111.0,111.0,0.0,1.0,alta_fd,105.884,89.651,82.51,10.0,15.017,0.0,0.15
2021-10-03 09:00:00,2021,10,3,9,176.0,176.0,0.0,1.0,alta_fd,169.107,140.823,131.869,12.0,19.983,0.0,0.15
2021-10-03 10:00:00,2021,10,3,10,227.69633072983416,227.0,1.0,0.9969418447473343,alta_fd,220.14,182.742,172.303,12.9,20.641,1.0,0.15
2021-10-03 11:00:00,2021,10,3,11,261.61373231827224,260.0,2.0,0.9938316222777288,alta_fd,253.997,208.81,197.447,14.0,22.92,1.0,0.15
2021-10-03 12:00:00,2021,10,3,12,272.7302661887287,271.0,2.0,0.993655760275864,alta_fd,265.085,219.404,207.666,15.0,21.07,3.1,0.15
2021-10-03 13:00:00,2021,10,3,13,262.73434203080046,261.0,2.0,0.9933988757716449,alta_fd,255.002,211.857,200.386,14.8,20.195,3.6,0.15
2021-10-03 14:00:00,2021,10,3,14,230.8128538181918,230.0,1.0,0.9964782991729219,alta_fd,223.108,186.094,175.536,15.0,19.391,4.1,0.15
2021-10-03 15:00:00,2021,10,3,15,180.0,180.0,0.0,1.0,alta_fd,173.01,144.181,135.109,15.0,19.767,2.1,0.15
2021-10-03 16:00:00,2021,10,3,16,115.0,115.0,0.0,1.0,alta_fd,109.737,91.645,84.434,15.0,18.445,1.5,0.15
2021-10-03 17:00:00,2021,10,3,17,47.0,47.0,0.0,1.0,alta_fd,44.525,36.643,31.381,14.0,15.123,2.6,0.15
2021-10-03 18:00:00,2021,10,3,18,4.0,4.0,0.0,,,3.774,2.219,0.0,13.0,13.081,3.1,0.15
2021-10-03 19:00:00,2021,10,3,19,0.0,0.0,0.0,,,0.0,0.0,0.0,12.9,12.9,2.1,0.15
2021-10-03 20:00:00,2021,10,3,20,0.0,0.0,0.0,,,0.0,0.0,0.0,12.0,12.0,2.1,0.15
2021-10-03 21:00:00,2021,10,3,21,0.0,0.0,0.0,,,0.0,0.0,0.0,13.0,13.0,3.6,0.15
2021-10-03 22:00:00,2021,10,3,22,0.0,0.0,0.0,,,0.0,0.0,0.0,12.5,12.5,3.1,0.15
2021-10-03 23:00:00,2021,10,3,23,0.0,0.0,0.0,,,0.0,0.0,0.0,12.0,12.0,2.6,0.15
2021-10-04 00:00:00,2021,10,4,0,0.0,0.0,0.0,,,0.0,0.0,0.0,11.0,11.0,1.5,0.15
2021-10-04 01:00:00,2021,10,4,1,0.0,0.0,0.0,,,0.0,0.0,0.0,11.0,11.0,2.6,0.15
2021-10-04 02:00:00,2021,10,4,2,0.0,0.0,0.0,,,0.0,0.0,0.0,9.0,9.0,1.0,0.15
2021-10-04 03:00:00,2021,10,4,3,0.0,0.0,0.0,,,0.0,0.0,0.0,9.0,9.0,0.5,0.15
2021-10-04 04:00:00,2021,10,4,4,0.0,0.0,0.0,,,0.0,0.0,0.0,8.9,8.9,1.0,0.15
2021-10-04 05:00:00,2021,10,4,5,0.0,0.0,0.0,,,0.0,0.0,0.0,7.0,7.0,1.0,0.15
2021-10-04 06:00:00,2021,10,4,6,12.0,12.0,0.0,1.0,alta_fd,11.345,6.513,2.319,6.0,6.36,1.0,0.15
2021-10-04 07:00:00,2021,10,4,7,123.17698282582853,99.0,166.0,0.803721586036779,alta_fd,141.438,116.406,108.317,9.6,15.273,0.5,0.15
2021-10-04 08:00:00,2021,10,4,8,320.4825416847912,157.0,459.0,0.4898862795291247,mixto,394.977,336.225,320.348,13.0,27.021,1.0,0.15
2021-10-04 09:00:00,2021,10,4,9,533.4017219472828,168.0,670.0,0.3149596131536369,mixto,656.214,534.321,511.425,15.0,38.253,1.0,0.15
2021-10-04 10:00:00,2021,10,4,10,715.6924332693745,161.0,792.0,0.22495696826712477,baja_fd,859.764,678.031,650.042,17.3,44.285,1.5,0.15
2021-10-04 11:00:00,2021,10,4,11,815.3558481568887,222.0,732.0,0.27227375691464145,baja_fd,951.953,728.264,698.496,20.0,49.826,1.5,0.15
2021-10-04 12:00:00,2021,10,4,12,766.6697015464601,335.0,497.0,0.43695479203660564,mixto,861.358,681.978,653.849,22.0,40.293,3.6,0.15
2021-10-04 13:00:00,2021,10,4,13,503.1761156560334,397.0,122.0,0.7889881646754981,alta_fd,529.952,423.45,404.482,23.5,35.66,3.1,0.15
2021-10-04 14:00:00,2021,10,4,14,381.4987829358901,366.0,19.0,0.9593739649269218,alta_fd,375.439,304.998,290.227,23.0,29.901,4.6,0.15
2021-10-04 15:00:00,2021,10,4,15,242.96001130799417,238.0,7.0,0.9795850712992169,alta_fd,235.414,192.87,182.072,22.0,26.645,4.1,0.15
2021-10-04 16:00:00,2021,10,4,16,117.0,117.0,0.0,1.0,alta_fd,111.656,91.583,84.374,20.7,22.91,4.1,0.15
2021-10-04 17:00:00,2021,10,4,17,48.0,48.0,0.0,1.0,alta_fd,45.475,36.41,31.156,20.0,21.612,1.0,0.15
2021-10-04 18:00:00,2021,10,4,18,4.0,4.0,0.0,,,3.774,2.214,0.0,19.0,19.082,3.1,0.15
2021-10-04 19:00:00,2021,10,4,19,0.0,0.0,0.0,,,0.0,0.0,0.0,17.9,17.9,1.5,0.15
2021-10-04 20:00:00,2021,10,4,20,0.0,0.0,0.0,,,0.0,0.0,0.0,18.0,18.0,1.5,0.15
2021-10-04 21:00:00,2021,10,4,21,0.0,0.0,0.0,,,0.0,0.0,0.0,14.0,14.0,1.0,0.15
2021-10-04 22:00:00,2021,10,4,22,0.0,0.0,0.0,,,0.0,0.0,0.0,14.2,14.2,0.0,0.15
2021-10-04 23:00:00,2021,10,4,23,0.0,0.0,0.0,,,0.0,0.0,0.0,13.0,13.0,2.1,0.15
2021-10-05 00:00:00,2021,10,5,0,0.0,0.0,0.0,,,0.0,0.0,0.0,12.0,12.0,1.0,0.15
2021-10-05 01:00:00,2021,10,5,1,0.0,0.0,0.0,,,0.0,0.0,0.0,11.7,11.7,1.0,0.15
2021-10-05 02:00:00,2021,10,5,2,0.0,0.0,0.0,,,0.0,0.0,0.0,11.0,11.0,0.0,0.15
2021-10-05 03:00:00,2021,10,5,3,0.0,0.0,0.0,,,0.0,0.0,0.0,9.0,9.0,2.1,0.15
2021-10-05 04:00:00,2021,10,5,4,0.0,0.0,0.0,,,0.0,0.0,0.0,8.6,8.6,3.1,0.15
2021-10-05 05:00:00,2021,10,5,5,0.0,0.0,0.0,,,0.0,0.0,0.0,9.0,9.0,1.0,0.15
2021-10-05 06:00:00,2021,10,5,6,12.0,12.0,0.0,1.0,alta_fd,11.345,6.423,2.232,9.0,9.282,2.1,0.15
2021-10-05 07:00:00,2021,10,5,7,129.77017336615793,100.0,198.0,0.7705930985993309,alta_fd,153.102,124.974,116.582,11.0,17.135,0.5,0.15
2021-10-05 08:00:00,2021,10,5,8,328.13158189251,155.0,480.0,0.4723714770337932,mixto,404.379,340.053,324.04,16.0,30.356,1.0,0.15
2021-10-05 09:00:00,2021,10,5,9,536.317011539501,173.0,661.0,0.3225704131655316,mixto,656.167,518.22,495.894,19.0,45.627,0.5,0.15
2021-10-05 10:00:00,2021,10,5,10,714.2384903593519,174.0,767.0,0.2436161063126913,baja_fd,856.464,664.217,636.717,21.3,48.175,1.5,0.15
2021-10-05 11:00:00,2021,10,5,11,840.8439336172924,165.0,830.0,0.19623142107974018,baja_fd,982.001,739.715,709.54,23.0,53.782,1.5,0.15
2021-10-05 12:00:00,2021,10,5,12,902.7942498801576,173.0,837.0,0.19162727279550693,baja_fd,1027.034,754.025,723.344,27.0,59.179,1.5,0.15
2021-10-05 13:00:00,2021,10,5,13,895.382112645584,160.0,842.0,0.17869465755491615,baja_fd,991.265,763.329,732.318,27.4,48.497,3.6,0.15
2021-10-05 14:00:00,2021,10,5,14,811.2149072081844,149.0,809.0,0.18367512563691302,baja_fd,868.737,679.568,651.525,29.0,46.197,4.1,0.15
2021-10-05 15:00:00,2021,10,5,15,655.0526493745464,170.0,682.0,0.25952112423683565,baja_fd,674.69,535.029,512.107,29.0,44.594,3.1,0.15
2021-10-05 16:00:00,2021,10,5,16,436.753958993902,144.0,524.0,0.32970508231159623,mixto,421.691,347.715,331.431,28.7,36.042,5.1,0.15
2021-10-05 17:00:00,2021,10,5,17,188.36005775192524,97.0,246.0,0.5149711736006758,mixto,166.242,128.684,120.161,27.0,30.253,4.1,0.15
2021-10-05 18:00:00,2021,10,5,18,15.0,15.0,0.0,1.0,alta_fd,14.187,8.527,4.261,25.0,25.308,3.1,0.15
2021-10-05 19:00:00,2021,10,5,19,0.0,0.0,0.0,,,0.0,0.0,0.0,22.8,22.8,3.1,0.15
2021-10-05 20:00:00,2021,10,5,20,0.0,0.0,0.0,,,0.0,0.0,0.0,20.0,20.0,2.1,0.15
2021-10-05 21:00:00,2021,10,5,21,0.0,0.0,0.0,,,0.0,0.0,0.0,20.0,20.0,3.1,0.15
2021-10-05 22:00:00,2021,10,5,22,0.0,0.0,0.0,,,0.0,0.0,0.0,15.0,15.0,1.5,0.15
2021-10-05 23:00:00,2021,10,5,23,0.0,0.0,0.0,,,0.0,0.0,0.0,15.0,15.0,1.5,0.15
2021-10-06 00:00:00,2021,10,6,0,0.0,0.0,0.0,,,0.0,0.0,0.0,12.0,12.0,1.0,0.15
2021-10-06 01:00:00,2021,10,6,1,0.0,0.0,0.0,,,0.0,0.0,0.0,12.3,12.3,1.0,0.15
2021-10-06 02:00:00,2021,10,6,2,0.0,0.0,0.0,,,0.0,0.0,0.0,11.0,11.0,1.5,0.15
2021-10-06 03:00:00,2021,10,6,3,0.0,0.0,0.0,,,0.0,0.0,0.0,10.0,10.0,1.5,0.15
2021-10-06 04:00:00,2021,10,6,4,0.0,0.0,0.0,,,0.0,0.0,0.0,8.4,8.4,2.1,0.15
2021-10-06 05:00:00,2021,10,6,5,0.0,0.0,0.0,,,0.0,0.0,0.0,9.0,9.0,0.5,0.15
2021-10-06 06:00:00,2021,10,6,6,14.0,14.0,0.0,1.0,alta_fd,13.241,7.582,3.35,8.0,8.421,1.0,0.15
2021-10-06 07:00:00,2021,10,6,7,139.2143364064013,111.0,182.0,0.7973316747778287,alta_fd,158.165,129.754,121.193,12.2,17.743,1.0,0.15
2021-10-06 08:00:00,2021,10,6,8,337.6145547609028,147.0,522.0,0.43540776879155807,mixto,418.352,350.246,333.872,17.0,31.856,1.0,0.15
2021-10-06 09:00:00,2021,10,6,9,549.2596407229776,161.0,701.0,0.29312184632404353,baja_fd,673.247,515.814,493.573,21.0,52.946,0.0,0.15
2021-10-06 10:00:00,2021,10,6,10,727.3319484239587,160.0,801.0,0.21998208706038674,baja_fd,868.79,666.415,638.837,23.6,50.865,1.5,0.15
2021-10-06 11:00:00,2021,10,6,11,861.6586262324763,164.0,853.0,0.19033059613999923,baja_fd,1003.887,771.423,740.125,25.8,48.933,3.1,0.15
2021-10-06 12:00:00,2021,10,6,12,924.2044003883906,147.0,888.0,0.1590557239699619,baja_fd,1042.947,805.779,773.264,28.0,47.249,4.6,0.15
2021-10-06 13:00:00,2021,10,6,13,919.3857984027262,135.0,895.0,0.14683716045488102,baja_fd,1009.127,795.494,763.343,28.3,42.874,6.7,0.15
2021-10-06 14:00:00,2021,10,6,14,830.3668560355865,124.0,860.0,0.1493315865134745,baja_fd,886.664,711.036,681.877,28.0,40.189,7.2,0.15
2021-10-06 15:00:00,2021,10,6,15,669.6674476123471,135.0,749.0,0.20159259716346248,baja_fd,686.004,561.725,537.857,28.0,37.005,7.7,0.15
2021-10-06 16:00:00,2021,10,6,16,447.7866403808414,138.0,552.0,0.3081824859326561,mixto,429.777,359.821,343.108,26.5,32.434,7.2,0.15
2021-10-06 17:00:00,2021,10,6,17,194.20742182822613,97.0,260.0,0.49946597862668296,mixto,170.012,132.91,124.237,25.0,27.71,5.7,0.15
2021-10-06 18:00:00,2021,10,6,18,16.0,16.0,0.0,1.0,alta_fd,15.135,9.44,5.142,24.0,24.249,5.1,0.15
2021-10-06 19:00:00,2021,10,6,19,0.0,0.0,0.0,,,0.0,0.0,0.0,22.0,22.0,6.2,0.15
2021-10-06 20:00:00,2021,10,6,20,0.0,0.0,0.0,,,0.0,0.0,0.0,21.0,21.0,3.6,0.15
2021-10-06 21:00:00,2021,10,6,21,0.0,0.0,0.0,,,0.0,0.0,0.0,19.0,19.0,2.6,0.15
2021-10-06 22:00:00,2021,10,6,22,0.0,0.0,0.0,,,0.0,0.0,0.0,16.4,16.4,2.6,0.15
2021-10-06 23:00:00,2021,10,6,23,0.0,0.0,0.0,,,0.0,0.0,0.0,17.0,17.0,2.6,0.15
2021-10-07 00:00:00,2021,10,7,0,0.0,0.0,0.0,,,0.0,0.0,0.0,15.0,15.0,1.5,0.15
2021-10-07 01:00:00,2021,10,7,1,0.0,0.0,0.0,,,0.0,0.0,0.0,12.2,12.2,0.0,0.15
2021-10-07 02:00:00,2021,10,7,2,0.0,0.0,0.0,,,0.0,0.0,0.0,10.0,10.0,1.0,0.15
2021-10-07 03:00:00,2021,10,7,3,0.0,0.0,0.0,,,0.0,0.0,0.0,10.0,10.0,0.0,0.15
2021-10-07 04:00:00,2021,10,7,4,0.0,0.0,0.0,,,0.0,0.0,0.0,9.8,9.8,0.0,0.15
2021-10-07 05:00:00,2021,10,7,5,0.0,0.0,0.0,,,0.0,0.0,0.0,8.0,8.0,0.0,0.15
2021-10-07 06:00:00,2021,10,7,6,15.0,15.0,0.0,1.0,alta_fd,14.189,8.837,4.56,8.0,8.363,2.1,0.15
2021-10-07 07:00:00,2021,10,7,7,143.6950086986471,114.0,186.0,0.7933469717036409,alta_fd,162.513,133.56,124.864,12.1,17.797,1.0,0.15
2021-10-07 08:00:00,2021,10,7,8,341.4438653268985,150.0,518.0,0.4393108655104696,mixto,420.375,354.209,337.694,17.0,30.247,1.5,0.15
2021-10-07 09:00:00,2021,10,7,9,554.2934473165683,162.0,703.0,0.2922639637619214,baja_fd,676.864,520.299,497.899,20.0,52.115,0.0,0.15
2021-10-07 10:00:00,2021,10,7,10,734.6740449002943,150.0,821.0,0.2041721781805387,baja_fd,876.82,685.376,657.127,22.1,46.343,2.1,0.15
2021-10-07 11:00:00,2021,10,7,11,863.3040060339852,147.0,872.0,0.17027605452141634,baja_fd,1005.104,783.901,752.161,24.0,45.393,3.6,0.15
2021-10-07 12:00:00,2021,10,7,12,923.6414582122296,133.0,900.0,0.1439952687457647,baja_fd,1041.034,810.011,777.345,25.0,45.579,4.1,0.15
2021-10-07 13:00:00,2021,10,7,13,919.2649395174989,141.0,885.0,0.15338341966354951,baja_fd,1006.059,786.787,754.945,26.2,44.775,4.6,0.15
2021-10-07 14:00:00,2021,10,7,14,839.2774698703994,119.0,874.0,0.14178862685111265,baja_fd,888.536,703.393,674.505,27.0,43.427,4.6,0.15
2021-10-07 15:00:00,2021,10,7,15,675.1923238118346,135.0,754.0,0.19994303139859504,baja_fd,689.501,565.562,541.559,26.0,36.535,6.2,0.15
2021-10-07 16:00:00,2021,10,7,16,450.29480567347144,138.0,554.0,0.3064658935907643,mixto,430.661,362.217,345.419,25.0,31.254,6.7,0.15
2021-10-07 17:00:00,2021,10,7,17,196.6071518972176,98.0,262.0,0.49845592621794604,mixto,171.436,135.19,126.436,23.0,25.733,5.7,0.15
2021-10-07 18:00:00,2021,10,7,18,16.0,16.0,0.0,1.0,alta_fd,15.134,9.811,5.5,21.0,21.234,5.7,0.15
2021-10-07 19:00:00,2021,10,7,19,0.0,0.0,0.0,,,0.0,0.0,0.0,18.8,18.8,2.6,0.15
2021-10-07 20:00:00,2021,10,7,20,0.0,0.0,0.0,,,0.0,0.0,0.0,18.0,18.0,3.1,0.15
2021-10-07 21:00:00,2021,10,7,21,0.0,0.0,0.0,,,0.0,0.0,0.0,16.0,16.0,3.1,0.15
2021-10-07 22:00:00,2021,10,7,22,0.0,0.0,0.0,,,0.0,0.0,0.0,14.6,14.6,2.6,0.15
2021-10-07 23:00:00,2021,10,7,23,0.0,0.0,0.0,,,0.0,0.0,0.0,15.0,15.0,1.0,0.15
2021-10-08 00:00:00,2021,10,8,0,0.0,0.0,0.0,,,0.0,0.0,0.0,11.0,11.0,0.5,0.15
2021-10-08 01:00:00,2021,10,8,1,0.0,0.0,0.0,,,0.0,0.0,0.0,10.8,10.8,0.5,0.15
2021-10-08 02:00:00,2021,10,8,2,0.0,0.0,0.0,,,0.0,0.0,0.0,9.0,9.0,1.0,0.15
2021-10-08 03:00:00,2021,10,8,3,0.0,0.0,0.0,,,0.0,0.0,0.0,8.0,8.0,1.5,0.15
2021-10-08 04:00:00,2021,10,8,4,0.0,0.0,0.0,,,0.0,0.0,0.0,7.3,7.3,0.0,0.15
2021-10-08 05:00:00,2021,10,8,5,0.0,0.0,0.0,,,0.0,0.0,0.0,8.0,8.0,0.0,0.15
2021-10-08 06:00:00,2021,10,8,6,16.0,16.0,0.0,1.0,alta_fd,15.137,9.638,5.333,7.0,7.668,0.0,0.15
2021-10-08 07:00:00,2021,10,8,7,146.3830288500762,116.0,185.0,0.7924415891052908,alta_fd,164.517,134.161,125.444,12.5,20.227,0.0,0.15
2021-10-08 08:00:00,2021,10,8,8,341.3747361891961,163.0,477.0,0.47748114526454716,mixto,413.618,344.585,328.411,16.0,32.818,0.5,0.15
2021-10-08 09:00:00,2021,10,8,9,529.3447073737514,196.0,593.0,0.37026912193458733,mixto,631.661,519.819,497.436,19.0,34.909,2.6,0.15
2021-10-08 10:00:00,2021,10,8,10,658.523943548499,312.0,484.0,0.4737868729856165,mixto,754.219,610.695,585.092,20.1,36.141,3.6,0.15
2021-10-08 11:00:00,2021,10,8,11,738.3293618527296,377.0,438.0,0.5106122273858561,mixto,829.007,663.762,636.278,21.0,37.352,4.1,0.15
2021-10-08 12:00:00,2021,10,8,12,744.5827833987983,421.0,367.0,0.5654173174381774,mixto,813.233,652.529,625.444,23.0,36.06,5.7,0.15
2021-10-08 13:00:00,2021,10,8,13,687.1125080005752,433.0,288.0,0.6301733631075707,mixto,736.281,587.117,562.35,23.1,37.609,4.1,0.15
2021-10-08 14:00:00,2021,10,8,14,613.3975712966683,367.0,298.0,0.5983069010596087,mixto,644.118,519.794,497.412,24.0,35.869,4.6,0.15
2021-10-08 15:00:00,2021,10,8,15,487.6345713295179,282.0,286.0,0.5783019018342717,mixto,496.982,408.831,390.381,24.0,32.609,5.1,0.15
2021-10-08 16:00:00,2021,10,8,16,318.78267936670085,218.0,178.0,0.6838514577802111,mixto,309.961,258.871,245.735,23.0,28.74,4.6,0.15
2021-10-08 17:00:00,2021,10,8,17,135.00395298903052,110.0,66.0,0.8147909565947141,alta_fd,124.77,101.698,94.131,21.0,23.301,4.6,0.15
2021-10-08 18:00:00,2021,10,8,18,13.0,13.0,0.0,1.0,alta_fd,12.289,7.895,3.652,19.0,19.295,2.6,0.15
2021-10-08 19:00:00,2021,10,8,19,0.0,0.0,0.0,,,0.0,0.0,0.0,17.6,17.6,3.1,0.15
2021-10-08 20:00:00,2021,10,8,20,0.0,0.0,0.0,,,0.0,0.0,0.0,16.0,16.0,2.6,0.15
2021-10-08 21:00:00,2021,10,8,21,0.0,0.0,0.0,,,0.0,0.0,0.0,15.0,15.0,3.1,0.15
2021-10-08 22:00:00,2021,10,8,22,0.0,0.0,0.0,,,0.0,0.0,0.0,13.9,13.9,2.6,0.15
2021-10-08 23:00:00,2021,10,8,23,0.0,0.0,0.0,,,0.0,0.0,0.0,13.0,13.0,1.0,0.15
2021-10-09 00:00:00,2021,10,9,0,0.0,0.0,0.0,,,0.0,0.0,0.0,12.2,12.2,2.1,0.15
2021-10-09 01:00:00,2021,10,9,1,0.0,0.0,0.0,,,0.0,0.0,0.0,11.4,11.4,2.6,0.15
2021-10-09 02:00:00,2021,10,9,2,0.0,0.0,0.0,,,0.0,0.0,0.0,11.0,11.0,2.6,0.15
2021-10-09 03:00:00,2021,10,9,3,0.0,0.0,0.0,,,0.0,0.0,0.0,11.0,11.0,2.6,0.15
2021-10-09 04:00:00,2021,10,9,4,0.0,0.0,0.0,,,0.0,0.0,0.0,7.9,7.9,0.5,0.15
2021-10-09 05:00:00,2021,10,9,5,0.0,0.0,0.0,,,0.0,0.0,0.0,6.0,6.0,0.5,0.15
2021-10-09 06:00:00,2021,10,9,6,8.0,8.0,0.0,,,7.555,4.734,0.603,7.0,7.222,1.5,0.15
2021-10-09 07:00:00,2021,10,9,7,51.0,51.0,0.0,1.0,alta_fd,48.326,40.555,35.154,9.5,11.462,0.5,0.15
2021-10-09 08:00:00,2021,10,9,8,160.13479670889865,159.0,3.0,0.9929134908076129,alta_fd,153.973,129.594,121.038,14.0,19.445,1.0,0.15
2021-10-09 09:00:00,2021,10,9,9,299.720654489289,285.0,26.0,0.9508854185762661,alta_fd,295.311,241.459,228.939,17.0,28.923,0.5,0.15
2021-10-09 10:00:00,2021,10,9,10,442.56934477508355,367.0,105.0,0.8292485784041632,alta_fd,459.702,370.265,353.181,19.6,33.961,1.5,0.15
2021-10-09 11:00:00,2021,10,9,11,510.64460112475217,451.0,72.0,0.8831974312596702,alta_fd,527.356,420.817,401.942,22.0,35.18,2.6,0.15
2021-10-09 12:00:00,2021,10,9,12,533.7091187276678,470.0,72.0,0.880629510547718,alta_fd,550.376,436.169,416.751,25.0,36.648,3.6,0.15
2021-10-09 13:00:00,2021,10,9,13,513.8511436405486,451.0,71.0,0.8776860878517097,alta_fd,526.439,421.231,402.342,25.4,34.466,5.1,0.15
2021-10-09 14:00:00,2021,10,9,14,454.0664552948047,396.0,70.0,0.8721190376040776,alta_fd,459.884,371.704,354.57,26.0,32.615,6.7,0.15
2021-10-09 15:00:00,2021,10,9,15,359.8248855111366,292.0,94.0,0.811505851200952,alta_fd,357.515,290.416,276.162,26.0,32.593,4.6,0.15
2021-10-09 16:00:00,2021,10,9,16,232.21662678329477,218.0,25.0,0.9387786009114594,alta_fd,223.427,182.861,172.418,25.6,29.731,4.6,0.15
2021-10-09 17:00:00,2021,10,9,17,98.14398544840634,97.0,3.0,0.9883438048375596,alta_fd,93.208,75.622,68.978,24.0,25.619,5.1,0.15
2021-10-09 18:00:00,2021,10,9,18,10.0,10.0,0.0,,,9.447,6.053,1.875,21.0,21.209,3.1,0.15
2021-10-09 19:00:00,2021,10,9,19,0.0,0.0,0.0,,,0.0,0.0,0.0,19.8,19.8,2.6,0.15
2021-10-09 20:00:00,2021,10,9,20,0.0,0.0,0.0,,,0.0,0.0,0.0,17.0,17.0,4.6,0.15
2021-10-09 21:00:00,2021,10,9,21,0.0,0.0,0.0,,,0.0,0.0,0.0,14.0,14.0,4.6,0.15
2021-10-09 22:00:00,2021,10,9,22,0.0,0.0,0.0,,,0.0,0.0,0.0,12.5,12.5,4.6,0.15
2021-10-09 23:00:00,2021,10,9,23,0.0,0.0,0.0,,,0.0,0.0,0.0,12.0,12.0,5.7,0.15
2021-10-10 00:00:00,2021,10,10,0,0.0,0.0,0.0,,,0.0,0.0,0.0,12.5,12.5,4.6,0.15
2021-10-10 01:00:00,2021,10,10,1,0.0,0.0,0.0,,,0.0,0.0,0.0,10.9,10.9,3.1,0.15
2021-10-10 02:00:00,2021,10,10,2,0.0,0.0,0.0,,,0.0,0.0,0.0,12.0,12.0,3.6,0.15
2021-10-10 03:00:00,2021,10,10,3,0.0,0.0,0.0,,,0.0,0.0,0.0,12.0,12.0,3.6,0.15
2021-10-10 04:00:00,2021,10,10,4,0.0,0.0,0.0,,,0.0,0.0,0.0,11.6,11.6,3.1,0.15
2021-10-10 05:00:00,2021,10,10,5,0.0,0.0,0.0,,,0.0,0.0,0.0,12.0,12.0,1.5,0.15
2021-10-10 06:00:00,2021,10,10,6,5.0,5.0,0.0,,,4.719,2.967,0.0,12.0,12.141,1.5,0.15
2021-10-10 07:00:00,2021,10,10,7,53.0,53.0,0.0,1.0,alta_fd,50.227,41.934,36.485,11.5,13.08,1.5,0.15
2021-10-10 08:00:00,2021,10,10,8,122.0,122.0,0.0,1.0,alta_fd,116.361,98.2,90.757,12.0,16.114,1.0,0.15
2021-10-10 09:00:00,2021,10,10,9,186.57016499166443,186.0,1.0,0.9969439647990347,alta_fd,179.281,150.71,141.406,12.0,17.606,1.5,0.15
2021-10-10 10:00:00,2021,10,10,10,238.72339587417866,238.0,1.0,0.9969697319714741,alta_fd,230.585,191.556,180.805,13.2,20.393,1.5,0.15
2021-10-10 11:00:00,2021,10,10,11,620.1235959053108,329.0,350.0,0.5305393991978276,mixto,686.075,553.039,529.479,14.1,35.551,1.5,0.15
2021-10-10 12:00:00,2021,10,10,12,844.0254457094538,345.0,562.0,0.4087554489663601,mixto,936.958,751.937,721.33,15.0,36.544,3.1,0.15
2021-10-10 13:00:00,2021,10,10,13,904.3823481208797,233.0,756.0,0.25763439598763294,baja_fd,990.451,787.258,755.399,17.2,40.006,3.1,0.15
2021-10-10 14:00:00,2021,10,10,14,794.6839309875737,213.0,699.0,0.26803108971298756,baja_fd,843.289,676.746,648.803,18.0,39.194,2.6,0.15
2021-10-10 15:00:00,2021,10,10,15,602.5077868769145,226.0,520.0,0.3750988865579081,mixto,612.555,514.818,492.613,19.0,28.887,5.7,0.15
2021-10-10 16:00:00,2021,10,10,16,359.3445856787373,204.0,272.0,0.567700219038171,mixto,347.632,298.598,284.054,17.6,22.914,6.2,0.15
2021-10-10 17:00:00,2021,10,10,17,128.8769026805423,107.0,57.0,0.8302496240558298,alta_fd,119.111,99.753,92.254,15.0,16.719,6.7,0.15
2021-10-10 18:00:00,2021,10,10,18,9.0,9.0,0.0,,,8.501,5.549,1.389,15.0,15.161,4.1,0.15
2021-10-10 19:00:00,2021,10,10,19,0.0,0.0,0.0,,,0.0,0.0,0.0,13.9,13.9,4.6,0.15
2021-10-10 20:00:00,2021,10,10,20,0.0,0.0,0.0,,,0.0,0.0,0.0,13.0,13.0,3.1,0.15
2021-10-10 21:00:00,2021,10,10,21,0.0,0.0,0.0,,,0.0,0.0,0.0,12.0,12.0,3.6,0.15
2021-10-10 22:00:00,2021,10,10,22,0.0,0.0,0.0,,,0.0,0.0,0.0,11.0,11.0,2.1,0.15
2021-10-10 23:00:00,2021,10,10,23,0.0,0.0,0.0,,,0.0,0.0,0.0,11.5,11.5,1.5,0.15
2021-10-11 00:00:00,2021,10,11,0,0.0,0.0,0.0,,,0.0,0.0,0.0,12.0,12.0,0.0,0.15
2021-10-11 01:00:00,2021,10,11,1,0.0,0.0,0.0,,,0.0,0.0,0.0,11.6,11.6,1.5,0.15
2021-10-11 02:00:00,2021,10,11,2,0.0,0.0,0.0,,,0.0,0.0,0.0,12.0,12.0,3.1,0.15
2021-10-11 03:00:00,2021,10,11,3,0.0,0.0,0.0,,,0.0,0.0,0.0,11.0,11.0,0.5,0.15
2021-10-11 04:00:00,2021,10,11,4,0.0,0.0,0.0,,,0.0,0.0,0.0,11.0,11.0,1.5,0.15
2021-10-11 05:00:00,2021,10,11,5,0.0,0.0,0.0,,,0.0,0.0,0.0,10.0,10.0,2.1,0.15
2021-10-11 06:00:00,2021,10,11,6,10.0,10.0,0.0,,,9.447,6.255,2.069,10.0,10.283,1.5,0.15
2021-10-11 07:00:00,2021,10,11,7,100.66533960480992,98.0,15.0,0.9735227674662058,alta_fd,97.457,82.958,76.055,10.5,13.562,1.5,0.15
2021-10-11 08:00:00,2021,10,11,8,232.02741860391905,227.0,13.0,0.978332652950378,alta_fd,225.947,191.993,181.226,12.2,20.19,1.0,0.15
2021-10-11 09:00:00,2021,10,11,9,350.2048615479232,306.0,77.0,0.8737742778540095,alta_fd,359.388,303.682,288.958,14.0,22.27,3.1,0.15
2021-10-11 10:00:00,2021,10,11,10,449.4374168584496,400.0,68.0,0.890001555268773,alta_fd,461.742,384.93,367.327,14.8,24.588,3.6,0.15
2021-10-11 11:00:00,2021,10,11,11,839.0632343920362,338.0,600.0,0.40283018745888227,mixto,945.953,772.555,741.216,15.0,32.432,4.6,0.15
2021-10-11 12:00:00,2021,10,11,12,537.5913597664987,428.0,123.0,0.7961437478941265,alta_fd,566.513,465.556,445.096,16.0,27.996,3.6,0.15
2021-10-11 13:00:00,2021,10,11,13,518.2516511847539,455.0,71.0,0.8779518578664306,alta_fd,529.95,430.378,411.165,17.4,30.644,2.6,0.15
2021-10-11 14:00:00,2021,10,11,14,458.43407989644254,400.0,70.0,0.8725354801073201,alta_fd,463.392,381.85,364.356,17.0,27.636,3.1,0.15
2021-10-11 15:00:00,2021,10,11,15,363.29460283129663,295.0,94.0,0.8120131642500326,alta_fd,360.113,303.458,288.742,17.0,23.227,5.1,0.15
2021-10-11 16:00:00,2021,10,11,16,234.7654182033167,221.0,24.0,0.9413652218939875,alta_fd,225.588,190.765,180.042,17.1,21.566,4.1,0.15
2021-10-11 17:00:00,2021,10,11,17,101.54511318033353,100.0,4.0,0.9847839730348267,alta_fd,96.266,80.479,73.663,17.0,18.783,4.6,0.15
2021-10-11 18:00:00,2021,10,11,18,17.0,17.0,0.0,1.0,alta_fd,16.082,11.025,6.67,15.0,15.287,4.6,0.15
2021-10-11 19:00:00,2021,10,11,19,0.0,0.0,0.0,,,0.0,0.0,0.0,13.4,13.4,4.6,0.15
2021-10-11 20:00:00,2021,10,11,20,0.0,0.0,0.0,,,0.0,0.0,0.0,12.0,12.0,3.6,0.15
2021-10-11 21:00:00,2021,10,11,21,0.0,0.0,0.0,,,0.0,0.0,0.0,11.0,11.0,2.6,0.15
2021-10-11 22:00:00,2021,10,11,22,0.0,0.0,0.0,,,0.0,0.0,0.0,11.2,11.2,2.1,0.15
2021-10-11 23:00:00,2021,10,11,23,0.0,0.0,0.0,,,0.0,0.0,0.0,10.0,10.0,1.0,0.15
2021-10-12 00:00:00,2021,10,12,0,0.0,0.0,0.0,,,0.0,0.0,0.0,9.0,9.0,1.0,0.15
2021-10-12 01:00:00,2021,10,12,1,0.0,0.0,0.0,,,0.0,0.0,0.0,8.8,8.8,2.1,0.15
2021-10-12 02:00:00,2021,10,12,2,0.0,0.0,0.0,,,0.0,0.0,0.0,9.0,9.0,1.0,0.15
2021-10-12 03:00:00,2021,10,12,3,0.0,0.0,0.0,,,0.0,0.0,0.0,9.0,9.0,1.5,0.15
2021-10-12 04:00:00,2021,10,12,4,0.0,0.0,0.0,,,0.0,0.0,0.0,8.7,8.7,1.0,0.15
2021-10-12 05:00:00,2021,10,12,5,0.0,0.0,0.0,,,0.0,0.0,0.0,9.0,9.0,2.6,0.15
2021-10-12 06:00:00,2021,10,12,6,19.0,19.0,0.0,1.0,alta_fd,17.981,12.734,8.32,9.0,9.4,3.1,0.15
2021-10-12 07:00:00,2021,10,12,7,161.6860103503098,126.0,196.0,0.7792882001789004,alta_fd,178.57,148.523,139.297,10.6,16.869,1.0,0.15
2021-10-12 08:00:00,2021,10,12,8,362.76781299837006,156.0,529.0,0.43002712592007414,mixto,436.662,373.34,356.147,13.0,26.761,1.5,0.15
2021-10-12 09:00:00,2021,10,12,9,578.1884935805648,169.0,708.0,0.2922922228241326,baja_fd,692.864,572.337,548.093,15.0,34.185,2.1,0.15
2021-10-12 10:00:00,2021,10,12,10,760.1134277085383,153.0,831.0,0.20128574818266082,baja_fd,893.546,694.57,665.996,15.8,47.392,1.0,0.15
2021-10-12 11:00:00,2021,10,12,11,893.541316115188,165.0,869.0,0.1846585009827677,baja_fd,1024.764,782.536,750.844,18.0,50.113,1.5,0.15
2021-10-12 12:00:00,2021,10,12,12,952.9984058986714,152.0,896.0,0.15949659418020218,baja_fd,1059.014,800.511,768.182,19.0,52.179,1.5,0.15
2021-10-12 13:00:00,2021,10,12,13,940.9994728417274,143.0,893.0,0.15196607875682844,baja_fd,1017.078,783.287,751.569,20.2,48.285,2.1,0.15
2021-10-12 14:00:00,2021,10,12,14,851.7878538469207,130.0,862.0,0.15262016171383794,baja_fd,895.204,712.852,683.629,21.0,41.652,3.1,0.15
2021-10-12 15:00:00,2021,10,12,15,692.0370373830189,138.0,760.0,0.19941129238090435,baja_fd,696.452,574.644,550.319,21.0,34.812,4.1,0.15
2021-10-12 16:00:00,2021,10,12,16,468.6142917328725,138.0,574.0,0.29448525671228376,baja_fd,442.76,373.48,356.283,21.0,30.476,3.6,0.15
2021-10-12 17:00:00,2021,10,12,17,210.0718154140137,102.0,278.0,0.48554823882002623,mixto,179.311,143.855,134.794,19.0,21.858,5.7,0.15
2021-10-12 18:00:00,2021,10,12,18,19.0,19.0,0.0,1.0,alta_fd,17.98,12.521,8.113,16.0,16.322,4.6,0.15
2021-10-12 19:00:00,2021,10,12,19,0.0,0.0,0.0,,,0.0,0.0,0.0,15.1,15.1,3.6,0.15
2021-10-12 20:00:00,2021,10,12,20,0.0,0.0,0.0,,,0.0,0.0,0.0,14.0,14.0,2.1,0.15
2021-10-12 21:00:00,2021,10,12,21,0.0,0.0,0.0,,,0.0,0.0,0.0,13.0,13.0,3.6,0.15
2021-10-12 22:00:00,2021,10,12,22,0.0,0.0,0.0,,,0.0,0.0,0.0,12.5,12.5,0.0,0.15
2021-10-12 23:00:00,2021,10,12,23,0.0,0.0,0.0,,,0.0,0.0,0.0,10.0,10.0,0.0,0.15
2021-10-13 00:00:00,2021,10,13,0,0.0,0.0,0.0,,,0.0,0.0,0.0,10.0,10.0,1.0,0.15
2021-10-13 01:00:00,2021,10,13,1,0.0,0.0,0.0,,,0.0,0.0,0.0,8.8,8.8,1.5,0.15
2021-10-13 02:00:00,2021,10,13,2,0.0,0.0,0.0,,,0.0,0.0,0.0,8.0,8.0,1.5,0.15
2021-10-13 03:00:00,2021,10,13,3,0.0,0.0,0.0,,,0.0,0.0,0.0,8.0,8.0,0.5,0.15
2021-10-13 04:00:00,2021,10,13,4,0.0,0.0,0.0,,,0.0,0.0,0.0,8.0,8.0,1.5,0.15
2021-10-13 05:00:00,2021,10,13,5,0.0,0.0,0.0,,,0.0,0.0,0.0,7.0,7.0,0.0,0.15
2021-10-13 06:00:00,2021,10,13,6,21.0,21.0,0.0,1.0,alta_fd,19.882,14.387,9.914,6.0,6.778,0.5,0.15
2021-10-13 07:00:00,2021,10,13,7,167.14367028387787,128.0,210.0,0.7658082401960181,alta_fd,186.62,156.027,146.534,10.7,15.822,2.1,0.15
2021-10-13 08:00:00,2021,10,13,8,369.24495165399856,154.0,545.0,0.4170673134735391,mixto,443.783,365.797,348.872,15.0,36.105,0.0,0.15
2021-10-13 09:00:00,2021,10,13,9,582.1307122900407,172.0,705.0,0.29546628681275067,baja_fd,694.691,563.19,539.271,17.0,38.832,1.5,0.15
2021-10-13 10:00:00,2021,10,13,10,760.0071818368517,161.0,816.0,0.21184010341965603,baja_fd,889.548,680.726,652.642,19.6,51.046,1.0,0.15
2021-10-13 11:00:00,2021,10,13,11,889.1633585674813,157.0,870.0,0.17657047885209812,baja_fd,1017.967,786.371,754.543,21.8,47.368,2.6,0.15
2021-10-13 12:00:00,2021,10,13,12,951.0653296653051,160.0,882.0,0.16823239688098665,baja_fd,1061.833,814.763,781.929,24.0,48.453,3.1,0.15
2021-10-13 13:00:00,2021,10,13,13,942.239669732153,149.0,885.0,0.15813386422411582,baja_fd,1015.612,791.031,759.038,25.4,45.477,4.1,0.15
2021-10-13 14:00:00,2021,10,13,14,830.3867649794573,224.0,722.0,0.26975381767499806,baja_fd,874.061,682.924,654.762,27.0,45.607,3.6,0.15
2021-10-13 15:00:00,2021,10,13,15,612.3705986062016,243.0,505.0,0.3968185287685023,mixto,618.326,503.449,481.647,26.0,36.722,5.1,0.15
2021-10-13 16:00:00,2021,10,13,16,329.8944810020007,220.0,190.0,0.6668799045433735,mixto,316.956,264.743,251.399,23.6,28.722,5.7,0.15
2021-10-13 17:00:00,2021,10,13,17,133.1694474959952,114.0,49.0,0.8560522112508451,alta_fd,123.37,100.646,93.117,22.0,24.136,5.1,0.15
2021-10-13 18:00:00,2021,10,13,18,12.0,12.0,0.0,1.0,alta_fd,11.341,7.496,3.267,21.0,21.203,4.6,0.15
2021-10-13 19:00:00,2021,10,13,19,0.0,0.0,0.0,,,0.0,0.0,0.0,19.0,19.0,2.6,0.15
2021-10-13 20:00:00,2021,10,13,20,0.0,0.0,0.0,,,0.0,0.0,0.0,18.0,18.0,3.1,0.15
2021-10-13 21:00:00,2021,10,13,21,0.0,0.0,0.0,,,0.0,0.0,0.0,16.0,16.0,3.1,0.15
2021-10-13 22:00:00,2021,10,13,22,0.0,0.0,0.0,,,0.0,0.0,0.0,15.0,15.0,2.1,0.15
2021-10-13 23:00:00,2021,10,13,23,0.0,0.0,0.0,,,0.0,0.0,0.0,14.0,14.0,0.5,0.15
2021-10-14 00:00:00,2021,10,14,0,0.0,0.0,0.0,,,0.0,0.0,0.0,13.0,13.0,1.0,0.15
2021-10-14 01:00:00,2021,10,14,1,0.0,0.0,0.0,,,0.0,0.0,0.0,11.4,11.4,1.0,0.15
2021-10-14 02:00:00,2021,10,14,2,0.0,0.0,0.0,,,0.0,0.0,0.0,10.0,10.0,0.0,0.15
2021-10-14 03:00:00,2021,10,14,3,0.0,0.0,0.0,,,0.0,0.0,0.0,9.0,9.0,0.5,0.15
2021-10-14 04:00:00,2021,10,14,4,0.0,0.0,0.0,,,0.0,0.0,0.0,9.0,9.0,1.0,0.15
2021-10-14 05:00:00,2021,10,14,5,0.0,0.0,0.0,,,0.0,0.0,0.0,8.0,8.0,0.0,0.15
2021-10-14 06:00:00,2021,10,14,6,12.0,12.0,0.0,1.0,alta_fd,11.341,7.976,3.73,8.0,8.444,0.5,0.15
2021-10-14 07:00:00,2021,10,14,7,106.10137656305659,100.0,32.0,0.9424948406825758,alta_fd,105.263,88.392,81.297,12.8,16.522,1.0,0.15
2021-10-14 08:00:00,2021,10,14,8,237.76675101464548,225.0,32.0,0.9463055664420502,alta_fd,233.446,196.165,185.25,16.0,23.327,1.5,0.15
2021-10-14 09:00:00,2021,10,14,9,597.0839488938992,278.0,545.0,0.46559617037938517,mixto,684.511,556.734,533.043,18.0,36.93,2.1,0.15
2021-10-14 10:00:00,2021,10,14,10,761.7681751180503,143.0,839.0,0.18772115280063972,baja_fd,891.8,707.37,678.341,20.0,42.425,2.6,0.15
2021-10-14 11:00:00,2021,10,14,11,892.1649355760757,137.0,894.0,0.15355905005562492,baja_fd,1013.804,800.794,768.455,22.0,42.042,4.1,0.15
2021-10-14 12:00:00,2021,10,14,12,952.5928484912041,141.0,902.0,0.1480170675470927,baja_fd,1054.475,841.055,807.289,23.0,39.051,6.2,0.15
2021-10-14 13:00:00,2021,10,14,13,940.3733510790613,134.0,897.0,0.14249659440714418,baja_fd,1012.012,809.567,776.917,23.5,38.911,6.2,0.15
2021-10-14 14:00:00,2021,10,14,14,853.6978096920872,120.0,871.0,0.14056496179049793,baja_fd,887.555,723.438,693.841,23.0,35.831,6.7,0.15
2021-10-14 15:00:00,2021,10,14,15,696.5175791835368,130.0,772.0,0.18664281259402957,baja_fd,695.128,579.739,555.233,22.0,32.068,6.7,0.15
2021-10-14 16:00:00,2021,10,14,16,475.37562317521895,124.0,605.0,0.2608463580268498,baja_fd,444.463,378.5,361.125,21.0,28.201,5.7,0.15
2021-10-14 17:00:00,2021,10,14,17,214.2924080851247,108.0,270.0,0.5039842566755725,mixto,182.75,146.101,136.96,20.0,23.578,4.1,0.15
2021-10-14 18:00:00,2021,10,14,18,20.0,20.0,0.0,1.0,alta_fd,18.929,13.198,8.766,18.0,18.392,3.6,0.15
2021-10-14 19:00:00,2021,10,14,19,0.0,0.0,0.0,,,0.0,0.0,0.0,15.9,15.9,3.6,0.15
2021-10-14 20:00:00,2021,10,14,20,0.0,0.0,0.0,,,0.0,0.0,0.0,14.0,14.0,3.6,0.15
2021-10-14 21:00:00,2021,10,14,21,0.0,0.0,0.0,,,0.0,0.0,0.0,12.0,12.0,3.1,0.15
2021-10-14 22:00:00,2021,10,14,22,0.0,0.0,0.0,,,0.0,0.0,0.0,10.8,10.8,2.6,0.15
2021-10-14 23:00:00,2021,10,14,23,0.0,0.0,0.0,,,0.0,0.0,0.0,11.0,11.0,3.6,0.15
2021-10-15 00:00:00,2021,10,15,0,0.0,0.0,0.0,,,0.0,0.0,0.0,10.0,10.0,4.1,0.15
2021-10-15 01:00:00,2021,10,15,1,0.0,0.0,0.0,,,0.0,0.0,0.0,9.8,9.8,2.1,0.15
2021-10-15 02:00:00,2021,10,15,2,0.0,0.0,0.0,,,0.0,0.0,0.0,10.0,10.0,1.0,0.15
2021-10-15 03:00:00,2021,10,15,3,0.0,0.0,0.0,,,0.0,0.0,0.0,8.0,8.0,0.5,0.15
2021-10-15 04:00:00,2021,10,15,4,0.0,0.0,0.0,,,0.0,0.0,0.0,9.6,9.6,2.1,0.15
2021-10-15 05:00:00,2021,10,15,5,0.0,0.0,0.0,,,0.0,0.0,0.0,10.0,10.0,2.1,0.15
2021-10-15 06:00:00,2021,10,15,6,7.0,7.0,0.0,,,6.609,4.566,0.441,11.0,11.202,1.5,0.15
2021-10-15 07:00:00,2021,10,15,7,59.0,59.0,0.0,1.0,alta_fd,55.93,46.878,41.253,10.6,13.255,0.0,0.15
2021-10-15 08:00:00,2021,10,15,8,130.0,130.0,0.0,1.0,alta_fd,123.964,104.379,96.717,11.0,16.867,0.0,0.15
2021-10-15 09:00:00,2021,10,15,9,194.58913670652765,194.0,1.0,0.9969724070084335,alta_fd,186.876,156.955,147.43,12.0,17.841,1.5,0.15
2021-10-15 10:00:00,2021,10,15,10,245.74086865367718,245.0,1.0,0.9969851630388705,alta_fd,237.187,198.594,187.593,12.4,18.328,2.6,0.15
2021-10-15 11:00:00,2021,10,15,11,277.6955520509486,276.0,2.0,0.9938942052242972,alta_fd,269.09,224.763,212.835,13.0,18.69,3.6,0.15
2021-10-15 12:00:00,2021,10,15,12,288.8051674102984,287.0,2.0,0.9937495321621658,alta_fd,280.183,231.874,219.694,14.0,20.991,2.6,0.15
2021-10-15 13:00:00,2021,10,15,13,277.80313837754574,276.0,2.0,0.9935092944303056,alta_fd,269.072,223.734,211.843,14.6,19.886,4.1,0.15
2021-10-15 14:00:00,2021,10,15,14,243.8448162366273,243.0,1.0,0.9965354349144437,alta_fd,235.195,195.161,184.282,16.0,20.626,4.1,0.15
2021-10-15 15:00:00,2021,10,15,15,192.73620883742282,192.0,1.0,0.9961802255950576,alta_fd,184.903,152.976,143.592,17.0,21.633,2.6,0.15
2021-10-15 16:00:00,2021,10,15,16,127.0,127.0,0.0,1.0,alta_fd,121.059,100.663,93.133,16.5,19.846,2.1,0.15
2021-10-15 17:00:00,2021,10,15,17,57.0,57.0,0.0,1.0,alta_fd,54.028,44.681,39.134,15.0,16.072,4.1,0.15
2021-10-15 18:00:00,2021,10,15,18,6.0,6.0,0.0,,,5.664,3.785,0.0,14.0,14.117,3.6,0.15
2021-10-15 19:00:00,2021,10,15,19,0.0,0.0,0.0,,,0.0,0.0,0.0,13.0,13.0,3.1,0.15
2021-10-15 20:00:00,2021,10,15,20,0.0,0.0,0.0,,,0.0,0.0,0.0,13.0,13.0,4.1,0.15
2021-10-15 21:00:00,2021,10,15,21,0.0,0.0,0.0,,,0.0,0.0,0.0,12.0,12.0,3.6,0.15
2021-10-15 22:00:00,2021,10,15,22,0.0,0.0,0.0,,,0.0,0.0,0.0,12.1,12.1,2.1,0.15
2021-10-15 23:00:00,2021,10,15,23,0.0,0.0,0.0,,,0.0,0.0,0.0,12.0,12.0,1.5,0.15
2021-10-16 00:00:00,2021,10,16,0,0.0,0.0,0.0,,,0.0,0.0,0.0,11.0,11.0,2.6,0.15
2021-10-16 01:00:00,2021,10,16,1,0.0,0.0,0.0,,,0.0,0.0,0.0,11.0,11.0,4.1,0.15
2021-10-16 02:00:00,2021,10,16,2,0.0,0.0,0.0,,,0.0,0.0,0.0,11.0,11.0,1.5,0.15
2021-10-16 03:00:00,2021,10,16,3,0.0,0.0,0.0,,,0.0,0.0,0.0,11.0,11.0,1.5,0.15
2021-10-16 04:00:00,2021,10,16,4,0.0,0.0,0.0,,,0.0,0.0,0.0,10.5,10.5,2.6,0.15
2021-10-16 05:00:00,2021,10,16,5,0.0,0.0,0.0,,,0.0,0.0,0.0,10.0,10.0,2.6,0.15
2021-10-16 06:00:00,2021,10,16,6,7.0,7.0,0.0,,,6.609,4.604,0.477,10.0,10.149,3.1,0.15
2021-10-16 07:00:00,2021,10,16,7,61.0,61.0,0.0,1.0,alta_fd,57.832,48.887,43.191,10.2,11.538,3.1,0.15
2021-10-16 08:00:00,2021,10,16,8,153.0,153.0,0.0,1.0,alta_fd,146.196,124.694,116.312,11.0,15.039,2.1,0.15
2021-10-16 09:00:00,2021,10,16,9,261.1491027121853,257.0,7.0,0.984112131081078,alta_fd,253.075,214.452,202.89,11.0,17.969,2.1,0.15
2021-10-16 10:00:00,2021,10,16,10,367.162430670478,356.0,15.0,0.9695981131563647,alta_fd,359.744,300.536,285.924,12.0,21.885,2.1,0.15
2021-10-16 11:00:00,2021,10,16,11,453.8664634268722,436.0,21.0,0.9606349777598167,alta_fd,447.875,372.263,355.109,12.0,23.183,2.6,0.15
2021-10-16 12:00:00,2021,10,16,12,510.6213570429826,507.0,4.0,0.9929079405061435,alta_fd,504.092,418.141,399.361,12.0,23.537,3.1,0.15
2021-10-16 13:00:00,2021,10,16,13,528.4669252054846,448.0,89.0,0.8477351725007265,alta_fd,538.217,444.05,424.352,14.3,26.637,3.1,0.15
2021-10-16 14:00:00,2021,10,16,14,468.30624586618995,409.0,70.0,0.8733601219507637,alta_fd,471.07,390.711,372.903,15.0,25.81,3.1,0.15
2021-10-16 15:00:00,2021,10,16,15,374.9018236702565,304.0,96.0,0.810878957653143,alta_fd,369.538,309.771,294.831,16.0,24.503,3.1,0.15
2021-10-16 16:00:00,2021,10,16,16,243.63829400272087,229.0,25.0,0.9399179260278461,alta_fd,233.269,197.665,186.697,15.2,21.067,2.6,0.15
2021-10-16 17:00:00,2021,10,16,17,57.0,57.0,0.0,1.0,alta_fd,54.028,44.681,39.134,15.0,16.072,4.1,0.15
2021-10-16 18:00:00,2021,10,16,18,6.0,6.0,0.0,,,5.664,3.832,0.0,14.0,14.109,4.1,0.15
2021-10-16 19:00:00,2021,10,16,19,0.0,0.0,0.0,,,0.0,0.0,0.0,12.9,12.9,3.6,0.15
2021-10-16 20:00:00,2021,10,16,20,0.0,0.0,0.0,,,0.0,0.0,0.0,12.0,12.0,4.6,0.15
2021-10-16 21:00:00,2021,10,16,21,0.0,0.0,0.0,,,0.0,0.0,0.0,12.0,12.0,4.6,0.15
2021-10-16 22:00:00,2021,10,16,22,0.0,0.0,0.0,,,0.0,0.0,0.0,11.0,11.0,1.5,0.15
2021-10-16 23:00:00,2021,10,16,23,0.0,0.0,0.0,,,0.0,0.0,0.0,11.0,11.0,2.1,0.15
2021-10-17 00:00:00,2021,10,17,0,0.0,0.0,0.0,,,0.0,0.0,0.0,11.0,11.0,1.5,0.15
2021-10-17 01:00:00,2021,10,17,1,0.0,0.0,0.0,,,0.0,0.0,0.0,9.9,9.9,1.5,0.15
2021-10-17 02:00:00,2021,10,17,2,0.0,0.0,0.0,,,0.0,0.0,0.0,10.0,10.0,2.1,0.15
2021-10-17 03:00:00,2021,10,17,3,0.0,0.0,0.0,,,0.0,0.0,0.0,9.0,9.0,3.1,0.15
2021-10-17 04:00:00,2021,10,17,4,0.0,0.0,0.0,,,0.0,0.0,0.0,8.0,8.0,1.0,0.15
2021-10-17 05:00:00,2021,10,17,5,0.0,0.0,0.0,,,0.0,0.0,0.0,7.0,0.0,0.0,0.15
2021-10-17 06:00:00,2021,10,17,6,27.0,27.0,0.0,1.0,alta_fd,25.442,19.246,14.6,8.0,9.009,0.5,0.15
2021-10-17 07:00:00,2021,10,17,7,178.34049323338368,130.0,238.0,0.7289426963167398,alta_fd,197.93,164.919,155.112,10.9,17.065,1.5,0.15
2021-10-17 08:00:00,2021,10,17,8,384.551212627699,162.0,542.0,0.42127028775446707,mixto,453.39,392.299,374.435,12.0,23.448,2.6,0.15
2021-10-17 09:00:00,2021,10,17,9,596.4128358517858,185.0,690.0,0.3101878244048628,mixto,700.203,585.432,560.724,13.0,30.631,2.6,0.15
2021-10-17 10:00:00,2021,10,17,10,772.1718155807386,178.0,795.0,0.23051864417782322,baja_fd,891.182,728.16,698.395,14.0,34.546,3.1,0.15
2021-10-17 11:00:00,2021,10,17,11,878.3456783021315,215.0,777.0,0.24477834332332735,baja_fd,994.405,805.557,773.049,15.1,35.025,4.0,0.15
2021-10-17 12:00:00,2021,10,17,12,900.0855555269266,269.0,695.0,0.298860478704741,baja_fd,993.401,805.587,773.078,16.2,34.034,4.8,0.15
2021-10-17 13:00:00,2021,10,17,13,830.220488717295,376.0,501.0,0.4528917379296752,mixto,887.458,726.018,696.328,17.3,31.562,5.7,0.15
2021-10-17 14:00:00,2021,10,17,14,799.0963960379734,246.0,651.0,0.3078477155193051,mixto,833.644,683.099,654.931,18.0,33.386,4.6,0.15
2021-10-17 15:00:00,2021,10,17,15,680.8071087925558,157.0,707.0,0.23060863785404218,baja_fd,677.569,560.629,536.8,18.0,33.654,3.1,0.15
2021-10-17 16:00:00,2021,10,17,16,479.1485915283957,137.0,582.0,0.2859238291048613,baja_fd,445.319,381.23,363.758,17.7,26.552,4.1,0.15
2021-10-17 17:00:00,2021,10,17,17,226.91291574288033,107.0,299.0,0.4715465386784941,mixto,189.746,153.173,143.782,17.0,20.711,4.1,0.15
2021-10-17 18:00:00,2021,10,17,18,22.0,22.0,0.0,1.0,alta_fd,20.827,15.074,10.576,15.0,15.376,4.6,0.15
2021-10-17 19:00:00,2021,10,17,19,0.0,0.0,0.0,,,0.0,0.0,0.0,13.2,13.2,5.1,0.15
2021-10-17 20:00:00,2021,10,17,20,0.0,0.0,0.0,,,0.0,0.0,0.0,12.0,12.0,3.6,0.15
2021-10-17 21:00:00,2021,10,17,21,0.0,0.0,0.0,,,0.0,0.0,0.0,12.0,12.0,3.6,0.15
2021-10-17 22:00:00,2021,10,17,22,0.0,0.0,0.0,,,0.0,0.0,0.0,11.0,11.0,1.5,0.15
2021-10-17 23:00:00,2021,10,17,23,0.0,0.0,0.0,,,0.0,0.0,0.0,9.5,9.5,1.0,0.15
2021-10-18 00:00:00,2021,10,18,0,0.0,0.0,0.0,,,0.0,0.0,0.0,8.0,8.0,0.0,0.15
2021-10-18 01:00:00,2021,10,18,1,0.0,0.0,0.0,,,0.0,0.0,0.0,6.0,6.0,1.0,0.15
2021-10-18 02:00:00,2021,10,18,2,0.0,0.0,0.0,,,0.0,0.0,0.0,6.0,6.0,0.0,0.15
2021-10-18 03:00:00,2021,10,18,3,0.0,0.0,0.0,,,0.0,0.0,0.0,4.0,4.0,1.0,0.15
2021-10-18 04:00:00,2021,10,18,4,0.0,0.0,0.0,,,0.0,0.0,0.0,3.1,3.1,1.5,0.15
2021-10-18 05:00:00,2021,10,18,5,0.0,0.0,0.0,,,0.0,0.0,0.0,3.0,0.0,1.5,0.15
2021-10-18 06:00:00,2021,10,18,6,29.0,29.0,0.0,1.0,alta_fd,27.272,21.318,16.599,4.0,4.841,1.5,0.15
2021-10-18 07:00:00,2021,10,18,7,185.0609971388757,131.0,261.0,0.707874711718393,alta_fd,206.019,172.0,161.942,8.2,16.478,0.5,0.15
2021-10-18 08:00:00,2021,10,18,8,393.8125068829728,151.0,586.0,0.3834311946950732,mixto,466.268,390.764,372.954,13.0,31.961,0.5,0.15
2021-10-18 09:00:00,2021,10,18,9,610.179749698669,170.0,734.0,0.27860642717814343,baja_fd,717.612,579.943,555.429,14.0,39.408,1.0,0.15
2021-10-18 10:00:00,2021,10,18,10,791.2079167133356,154.0,849.0,0.19463910401669565,baja_fd,914.679,717.994,688.589,16.0,44.69,1.5,0.15
2021-10-18 11:00:00,2021,10,18,11,916.0905704736264,152.0,892.0,0.16592245886933946,baja_fd,1028.945,816.136,783.253,17.0,40.702,3.1,0.15
2021-10-18 12:00:00,2021,10,18,12,976.1248101964686,121.0,939.0,0.12395955797460556,baja_fd,1071.948,855.6,821.319,19.0,38.779,4.6,0.15
2021-10-18 13:00:00,2021,10,18,13,956.9941097525201,157.0,880.0,0.16405534621378223,baja_fd,1026.585,834.844,801.298,18.7,34.327,6.2,0.15
2021-10-18 14:00:00,2021,10,18,14,865.6030584174869,144.0,847.0,0.16635800740268147,baja_fd,896.486,733.343,703.394,19.0,34.533,5.1,0.15
2021-10-18 15:00:00,2021,10,18,15,700.7298103993493,153.0,737.0,0.21834378633442833,baja_fd,694.755,586.27,561.532,18.0,28.608,6.2,0.15
2021-10-18 16:00:00,2021,10,18,16,477.2132626242208,152.0,551.0,0.3185158751962257,mixto,441.807,381.977,364.479,17.6,23.696,7.2,0.15
2021-10-18 17:00:00,2021,10,18,17,226.82188138873204,109.0,292.0,0.4805532840687162,mixto,189.664,155.23,145.766,15.0,17.577,7.2,0.15
2021-10-18 18:00:00,2021,10,18,18,22.0,22.0,0.0,1.0,alta_fd,20.828,15.175,10.673,13.0,13.294,6.7,0.15
2021-10-18 19:00:00,2021,10,18,19,0.0,0.0,0.0,,,0.0,0.0,0.0,11.6,11.6,7.7,0.15
2021-10-18 20:00:00,2021,10,18,20,0.0,0.0,0.0,,,0.0,0.0,0.0,10.8,10.8,5.9,0.15
2021-10-18 21:00:00,2021,10,18,21,0.0,0.0,0.0,,,0.0,0.0,0.0,10.0,10.0,4.1,0.15
2021-10-18 22:00:00,2021,10,18,22,0.0,0.0,0.0,,,0.0,0.0,0.0,9.8,9.8,3.6,0.15
2021-10-18 23:00:00,2021,10,18,23,0.0,0.0,0.0,,,0.0,0.0,0.0,8.4,8.4,2.8,0.15
2021-10-19 00:00:00,2021,10,19,0,0.0,0.0,0.0,,,0.0,0.0,0.0,7.0,7.0,2.1,0.15
2021-10-19 01:00:00,2021,10,19,1,0.0,0.0,0.0,,,0.0,0.0,0.0,7.1,7.1,0.5,0.15
2021-10-19 02:00:00,2021,10,19,2,0.0,0.0,0.0,,,0.0,0.0,0.0,6.0,6.0,1.0,0.15
2021-10-19 03:00:00,2021,10,19,3,0.0,0.0,0.0,,,0.0,0.0,0.0,5.0,5.0,0.0,0.15
2021-10-19 04:00:00,2021,10,19,4,0.0,0.0,0.0,,,0.0,0.0,0.0,3.4,3.4,1.0,0.15
2021-10-19 05:00:00,2021,10,19,5,0.0,0.0,0.0,,,0.0,0.0,0.0,3.0,0.0,0.5,0.15
2021-10-19 06:00:00,2021,10,19,6,31.0,31.0,0.0,1.0,alta_fd,29.099,23.195,18.41,2.0,3.013,1.0,0.15
2021-10-19 07:00:00,2021,10,19,7,186.13709900629192,134.0,247.0,0.719899475791607,alta_fd,205.095,173.469,163.359,7.3,13.69,1.5,0.15
2021-10-19 08:00:00,2021,10,19,8,394.3499616537426,159.0,563.0,0.4031951704349583,mixto,462.86,394.478,376.536,11.0,27.431,1.0,0.15
2021-10-19 09:00:00,2021,10,19,9,611.0239397240916,175.0,723.0,0.2864044902709072,baja_fd,715.381,560.458,536.635,13.0,46.914,0.0,0.15
2021-10-19 10:00:00,2021,10,19,10,793.3028665306947,158.0,843.0,0.1991673125939557,baja_fd,914.076,732.022,702.12,14.4,39.657,2.1,0.15
2021-10-19 11:00:00,2021,10,19,11,917.0036616787761,159.0,882.0,0.17339080163422213,baja_fd,1034.206,825.99,792.759,15.0,38.82,3.1,0.15
2021-10-19 12:00:00,2021,10,19,12,970.8036039675012,137.0,913.0,0.14112020128489988,baja_fd,1062.464,866.515,831.847,17.0,33.17,6.2,0.15
2021-10-19 13:00:00,2021,10,19,13,947.211080345033,177.0,845.0,0.1868643681147877,baja_fd,1013.289,830.086,796.709,16.9,32.322,6.2,0.15
2021-10-19 14:00:00,2021,10,19,14,867.8464420556555,146.0,845.0,0.16823252700578212,baja_fd,896.702,729.929,700.101,18.0,35.742,4.1,0.15
2021-10-19 15:00:00,2021,10,19,15,709.335308933448,148.0,753.0,0.20864603543073565,baja_fd,700.894,589.894,565.028,18.0,29.322,5.7,0.15
2021-10-19 16:00:00,2021,10,19,16,490.82737188468394,143.0,587.0,0.29134479491416126,baja_fd,453.649,392.496,374.625,16.8,23.745,6.2,0.15
2021-10-19 17:00:00,2021,10,19,17,232.00328747028692,109.0,303.0,0.46982092878300197,mixto,192.741,156.943,147.418,16.0,18.754,6.7,0.15
2021-10-19 18:00:00,2021,10,19,18,24.0,24.0,0.0,1.0,alta_fd,22.728,16.7,12.144,14.0,14.359,5.7,0.15
2021-10-19 19:00:00,2021,10,19,19,0.0,0.0,0.0,,,0.0,0.0,0.0,12.3,12.3,6.2,0.15
2021-10-19 20:00:00,2021,10,19,20,0.0,0.0,0.0,,,0.0,0.0,0.0,11.0,11.0,3.6,0.15
2021-10-19 21:00:00,2021,10,19,21,0.0,0.0,0.0,,,0.0,0.0,0.0,10.0,10.0,1.5,0.15
2021-10-19 22:00:00,2021,10,19,22,0.0,0.0,0.0,,,0.0,0.0,0.0,9.8,9.8,1.0,0.15
2021-10-19 23:00:00,2021,10,19,23,0.0,0.0,0.0,,,0.0,0.0,0.0,8.0,8.0,1.5,0.15
2021-10-20 00:00:00,2021,10,20,0,0.0,0.0,0.0,,,0.0,0.0,0.0,7.0,7.0,1.5,0.15
2021-10-20 01:00:00,2021,10,20,1,0.0,0.0,0.0,,,0.0,0.0,0.0,6.1,6.1,1.0,0.15
2021-10-20 02:00:00,2021,10,20,2,0.0,0.0,0.0,,,0.0,0.0,0.0,5.0,5.0,1.0,0.15
2021-10-20 03:00:00,2021,10,20,3,0.0,0.0,0.0,,,0.0,0.0,0.0,4.0,4.0,0.0,0.15
2021-10-20 04:00:00,2021,10,20,4,0.0,0.0,0.0,,,0.0,0.0,0.0,5.0,5.0,0.5,0.15
2021-10-20 05:00:00,2021,10,20,5,0.0,0.0,0.0,,,0.0,0.0,0.0,4.0,0.0,0.5,0.15
2021-10-20 06:00:00,2021,10,20,6,24.0,24.0,0.0,1.0,alta_fd,22.721,17.761,13.168,6.0,6.793,1.0,0.15
2021-10-20 07:00:00,2021,10,20,7,123.14962686912449,121.0,10.0,0.9825445929169645,alta_fd,117.784,102.24,94.654,7.3,11.003,1.5,0.15
2021-10-20 08:00:00,2021,10,20,8,220.9623039020342,210.0,26.0,0.9503883526355046,alta_fd,215.152,185.269,174.74,10.0,15.946,2.1,0.15
2021-10-20 09:00:00,2021,10,20,9,269.24464188729627,265.0,7.0,0.9842349995990893,alta_fd,260.596,216.087,204.466,13.0,23.51,0.5,0.15
2021-10-20 10:00:00,2021,10,20,10,254.26989390919715,252.0,3.0,0.9910728955194053,alta_fd,245.536,201.618,190.51,13.5,23.38,0.5,0.15
2021-10-20 11:00:00,2021,10,20,11,379.4837457453261,370.0,11.0,0.9750088222442848,alta_fd,370.986,301.753,287.097,16.0,27.554,1.5,0.15
2021-10-20 12:00:00,2021,10,20,12,482.2207204349853,452.0,33.0,0.9373301080722437,alta_fd,488.737,393.529,375.621,18.0,31.408,2.1,0.15
2021-10-20 13:00:00,2021,10,20,13,542.8159857881277,456.0,95.0,0.8400636899775944,alta_fd,551.046,445.026,425.294,19.5,32.13,3.1,0.15
2021-10-20 14:00:00,2021,10,20,14,482.38279768714693,419.0,74.0,0.8686047719963382,alta_fd,483.559,395.33,377.358,20.0,29.519,4.1,0.15
2021-10-20 15:00:00,2021,10,20,15,385.0240958201958,311.0,99.0,0.8077416540320514,alta_fd,377.848,312.373,297.34,20.0,28.029,3.6,0.15
2021-10-20 16:00:00,2021,10,20,16,253.06138888383498,237.0,27.0,0.9365316496733218,alta_fd,241.592,202.144,191.018,19.9,24.364,4.6,0.15
2021-10-20 17:00:00,2021,10,20,17,160.17977429317833,132.0,69.0,0.8240740791555826,alta_fd,145.62,120.638,112.4,19.0,21.345,5.7,0.15
2021-10-20 18:00:00,2021,10,20,18,22.0,22.0,0.0,1.0,alta_fd,20.827,14.991,10.496,17.0,17.329,5.7,0.15
2021-10-20 19:00:00,2021,10,20,19,0.0,0.0,0.0,,,0.0,0.0,0.0,16.2,0.0,5.1,0.15
2021-10-20 20:00:00,2021,10,20,20,0.0,0.0,0.0,,,0.0,0.0,0.0,15.0,15.0,3.6,0.15
2021-10-20 21:00:00,2021,10,20,21,0.0,0.0,0.0,,,0.0,0.0,0.0,15.0,15.0,4.1,0.15
2021-10-20 22:00:00,2021,10,20,22,0.0,0.0,0.0,,,0.0,0.0,0.0,14.0,14.0,3.6,0.15
2021-10-20 23:00:00,2021,10,20,23,0.0,0.0,0.0,,,0.0,0.0,0.0,13.0,13.0,5.1,0.15
2021-10-21 00:00:00,2021,10,21,0,0.0,0.0,0.0,,,0.0,0.0,0.0,11.0,11.0,3.1,0.15
2021-10-21 01:00:00,2021,10,21,1,0.0,0.0,0.0,,,0.0,0.0,0.0,10.3,10.3,3.1,0.15
2021-10-21 02:00:00,2021,10,21,2,0.0,0.0,0.0,,,0.0,0.0,0.0,7.0,7.0,0.0,0.15
2021-10-21 03:00:00,2021,10,21,3,0.0,0.0,0.0,,,0.0,0.0,0.0,7.0,7.0,1.0,0.15
2021-10-21 04:00:00,2021,10,21,4,0.0,0.0,0.0,,,0.0,0.0,0.0,4.3,4.3,0.0,0.15
2021-10-21 05:00:00,2021,10,21,5,0.0,0.0,0.0,,,0.0,0.0,0.0,5.0,0.0,0.5,0.15
2021-10-21 06:00:00,2021,10,21,6,36.0,36.0,0.0,1.0,alta_fd,33.617,26.787,21.874,6.0,7.573,0.0,0.15
2021-10-21 07:00:00,2021,10,21,7,196.16237774898784,136.0,275.0,0.6933031785229864,mixto,216.053,179.297,168.98,10.0,18.684,0.5,0.15
2021-10-21 08:00:00,2021,10,21,8,409.76088386726735,167.0,571.0,0.40755476321672474,mixto,476.359,396.551,378.536,14.0,33.363,0.5,0.15
2021-10-21 09:00:00,2021,10,21,9,624.9830586705639,169.0,748.0,0.2704073296954469,baja_fd,728.698,582.97,558.349,16.0,41.797,1.0,0.15
2021-10-21 10:00:00,2021,10,21,10,805.7095084622418,154.0,858.0,0.19113588505852533,baja_fd,924.112,707.598,678.561,17.9,50.559,1.0,0.15
2021-10-21 11:00:00,2021,10,21,11,932.163155826322,159.0,894.0,0.1705709982272936,baja_fd,1046.348,810.606,777.92,20.0,46.273,2.6,0.15
2021-10-21 12:00:00,2021,10,21,12,995.0669800916374,131.0,941.0,0.13164942925544165,baja_fd,1084.602,853.905,819.684,22.0,42.009,4.6,0.15
2021-10-21 13:00:00,2021,10,21,13,979.4643736695494,154.0,901.0,0.15722879171504847,baja_fd,1036.239,824.614,791.431,23.1,39.787,5.7,0.15
2021-10-21 14:00:00,2021,10,21,14,889.2707173398907,137.0,876.0,0.15405882295305226,baja_fd,914.068,732.016,702.115,24.0,39.837,5.1,0.15
2021-10-21 15:00:00,2021,10,21,15,722.9614525908886,171.0,736.0,0.2365271334829603,baja_fd,711.937,585.818,561.097,24.0,34.868,6.2,0.15
2021-10-21 16:00:00,2021,10,21,16,490.9596891229585,187.0,509.0,0.3808866677711431,mixto,454.453,383.421,365.871,23.0,29.592,6.7,0.15
2021-10-21 17:00:00,2021,10,21,17,232.41098852780158,126.0,259.0,0.5421430406459786,mixto,196.545,158.254,148.682,21.0,23.969,6.2,0.15
2021-10-21 18:00:00,2021,10,21,18,26.0,26.0,0.0,1.0,alta_fd,24.555,17.788,13.194,19.0,19.417,5.1,0.15
2021-10-21 19:00:00,2021,10,21,19,0.0,0.0,0.0,,,0.0,0.0,0.0,18.2,0.0,4.6,0.15
2021-10-21 20:00:00,2021,10,21,20,0.0,0.0,0.0,,,0.0,0.0,0.0,16.0,16.0,2.1,0.15
2021-10-21 21:00:00,2021,10,21,21,0.0,0.0,0.0,,,0.0,0.0,0.0,16.0,16.0,5.7,0.15
2021-10-21 22:00:00,2021,10,21,22,0.0,0.0,0.0,,,0.0,0.0,0.0,14.8,14.8,5.7,0.15
2021-10-21 23:00:00,2021,10,21,23,0.0,0.0,0.0,,,0.0,0.0,0.0,13.0,13.0,3.6,0.15
2021-10-22 00:00:00,2021,10,22,0,0.0,0.0,0.0,,,0.0,0.0,0.0,12.0,12.0,0.5,0.15
2021-10-22 01:00:00,2021,10,22,1,0.0,0.0,0.0,,,0.0,0.0,0.0,7.6,7.6,0.5,0.15
2021-10-22 02:00:00,2021,10,22,2,0.0,0.0,0.0,,,0.0,0.0,0.0,6.0,6.0,1.0,0.15
2021-10-22 03:00:00,2021,10,22,3,0.0,0.0,0.0,,,0.0,0.0,0.0,6.0,6.0,1.5,0.15
2021-10-22 04:00:00,2021,10,22,4,0.0,0.0,0.0,,,0.0,0.0,0.0,5.7,5.7,1.0,0.15
2021-10-22 05:00:00,2021,10,22,5,0.0,0.0,0.0,,,0.0,0.0,0.0,5.0,0.0,1.0,0.15
2021-10-22 06:00:00,2021,10,22,6,37.04261682205496,37.0,5.0,0.9988495191292861,alta_fd,34.838,27.771,22.824,6.0,7.63,0.0,0.15
2021-10-22 07:00:00,2021,10,22,7,200.07981633515607,138.0,279.0,0.6897247434935394,mixto,219.51,181.383,170.993,9.7,20.017,0.0,0.15
2021-10-22 08:00:00,2021,10,22,8,414.5859972301556,169.0,573.0,0.4076355717006534,mixto,480.002,400.868,382.7,13.0,32.51,0.5,0.15
2021-10-22 09:00:00,2021,10,22,9,625.9852435843486,175.0,736.0,0.2795593055803712,baja_fd,726.578,578.85,554.375,17.0,42.719,1.0,0.15
2021-10-22 10:00:00,2021,10,22,10,795.1550577805218,157.0,837.0,0.1974457666637078,baja_fd,909.116,714.523,685.241,19.1,44.216,2.1,0.15
2021-10-22 11:00:00,2021,10,22,11,902.2818298446972,217.0,790.0,0.24050135204135778,baja_fd,1009.776,787.866,755.985,21.0,44.243,3.1,0.15
2021-10-22 12:00:00,2021,10,22,12,920.0573544112746,271.0,705.0,0.29454685482450954,baja_fd,1004.835,786.423,754.593,23.0,42.829,4.1,0.15
2021-10-22 13:00:00,2021,10,22,13,855.4744137789264,478.0,411.0,0.558754291538082,mixto,896.492,708.61,679.538,23.0,39.494,4.6,0.15
2021-10-22 14:00:00,2021,10,22,14,736.2746150683001,416.0,372.0,0.5650065770112284,mixto,753.591,614.698,588.953,22.0,32.858,6.7,0.15
2021-10-22 15:00:00,2021,10,22,15,561.4931910173924,302.0,345.0,0.5378515800927058,mixto,555.342,463.941,443.539,21.0,28.625,7.2,0.15
2021-10-22 16:00:00,2021,10,22,16,355.8900254201725,233.0,205.0,0.6546966291761465,mixto,335.768,283.479,269.47,20.2,26.029,5.1,0.15
2021-10-22 17:00:00,2021,10,22,17,226.00536490388163,114.0,271.0,0.5044128047512648,mixto,188.418,151.663,142.325,20.0,22.695,6.7,0.15
2021-10-22 18:00:00,2021,10,22,18,26.0,26.0,0.0,1.0,alta_fd,24.588,17.938,13.338,19.0,19.478,4.1,0.15
2021-10-22 19:00:00,2021,10,22,19,0.0,0.0,0.0,,,0.0,0.0,0.0,17.4,0.0,5.1,0.15
2021-10-22 20:00:00,2021,10,22,20,0.0,0.0,0.0,,,0.0,0.0,0.0,16.0,16.0,3.6,0.15
2021-10-22 21:00:00,2021,10,22,21,0.0,0.0,0.0,,,0.0,0.0,0.0,15.0,15.0,2.6,0.15
2021-10-22 22:00:00,2021,10,22,22,0.0,0.0,0.0,,,0.0,0.0,0.0,12.8,12.8,2.6,0.15
2021-10-22 23:00:00,2021,10,22,23,0.0,0.0,0.0,,,0.0,0.0,0.0,12.0,12.0,2.1,0.15
2021-10-23 00:00:00,2021,10,23,0,0.0,0.0,0.0,,,0.0,0.0,0.0,11.0,11.0,3.1,0.15
2021-10-23 01:00:00,2021,10,23,1,0.0,0.0,0.0,,,0.0,0.0,0.0,9.4,9.4,1.0,0.15
2021-10-23 02:00:00,2021,10,23,2,0.0,0.0,0.0,,,0.0,0.0,0.0,9.0,9.0,2.1,0.15
2021-10-23 03:00:00,2021,10,23,3,0.0,0.0,0.0,,,0.0,0.0,0.0,7.0,7.0,0.5,0.15
2021-10-23 04:00:00,2021,10,23,4,0.0,0.0,0.0,,,0.0,0.0,0.0,7.8,7.8,1.5,0.15
2021-10-23 05:00:00,2021,10,23,5,0.0,0.0,0.0,,,0.0,0.0,0.0,5.0,0.0,1.0,0.15
2021-10-23 06:00:00,2021,10,23,6,39.13696687665945,39.0,11.0,0.996500319580434,alta_fd,36.836,29.384,24.38,6.0,7.473,0.5,0.15
2021-10-23 07:00:00,2021,10,23,7,202.10113680858046,139.0,279.0,0.6877744588426213,mixto,220.782,182.958,172.511,10.6,19.477,0.5,0.15
2021-10-23 08:00:00,2021,10,23,8,416.49216963792855,172.0,566.0,0.41297295012659113,mixto,479.787,402.87,384.631,14.0,31.025,1.0,0.15
2021-10-23 09:00:00,2021,10,23,9,631.7876625046616,173.0,745.0,0.27382617652607855,baja_fd,731.618,594.037,569.025,15.0,37.981,1.5,0.15
2021-10-23 10:00:00,2021,10,23,10,810.2023679823363,159.0,851.0,0.19624726646499563,baja_fd,923.83,727.89,698.135,18.0,43.522,2.1,0.15
2021-10-23 11:00:00,2021,10,23,11,938.5984687802221,153.0,903.0,0.16300900234669546,baja_fd,1041.862,820.833,787.784,20.0,42.161,3.6,0.15
2021-10-23 12:00:00,2021,10,23,12,1000.3837936495468,118.0,956.0,0.117954729723798,baja_fd,1086.397,848.156,814.139,21.0,44.106,3.6,0.15
2021-10-23 13:00:00,2021,10,23,13,980.6611187168351,153.0,899.0,0.15601719807163947,baja_fd,1033.078,813.061,780.288,22.1,42.515,4.1,0.15
2021-10-23 14:00:00,2021,10,23,14,892.0886818954642,136.0,876.0,0.15245121114084104,baja_fd,912.744,730.738,700.881,23.0,39.861,4.6,0.15
2021-10-23 15:00:00,2021,10,23,15,727.3491489573146,145.0,772.0,0.19935405191284483,baja_fd,710.843,588.93,564.098,23.0,33.29,6.7,0.15
2021-10-23 16:00:00,2021,10,23,16,502.43734684288484,145.0,594.0,0.28859319656693905,baja_fd,458.99,390.341,372.546,21.8,28.133,7.2,0.15
2021-10-23 17:00:00,2021,10,23,17,240.38949070322275,114.0,304.0,0.4742303819793054,mixto,197.815,159.057,149.457,20.0,22.562,7.7,0.15
2021-10-23 18:00:00,2021,10,23,18,28.0,28.0,0.0,1.0,alta_fd,26.393,19.537,14.881,18.0,18.419,5.7,0.15
2021-10-23 19:00:00,2021,10,23,19,0.0,0.0,0.0,,,0.0,0.0,0.0,17.0,0.0,4.6,0.15
2021-10-23 20:00:00,2021,10,23,20,0.0,0.0,0.0,,,0.0,0.0,0.0,16.0,16.0,2.1,0.15
2021-10-23 21:00:00,2021,10,23,21,0.0,0.0,0.0,,,0.0,0.0,0.0,19.0,19.0,2.6,0.15
2021-10-23 22:00:00,2021,10,23,22,0.0,0.0,0.0,,,0.0,0.0,0.0,12.3,12.3,2.6,0.15
2021-10-23 23:00:00,2021,10,23,23,0.0,0.0,0.0,,,0.0,0.0,0.0,12.0,12.0,1.5,0.15
2021-10-24 00:00:00,2021,10,24,0,0.0,0.0,0.0,,,0.0,0.0,0.0,10.0,10.0,0.5,0.15
2021-10-24 01:00:00,2021,10,24,1,0.0,0.0,0.0,,,0.0,0.0,0.0,9.7,9.7,1.0,0.15
2021-10-24 02:00:00,2021,10,24,2,0.0,0.0,0.0,,,0.0,0.0,0.0,8.0,8.0,0.5,0.15
2021-10-24 03:00:00,2021,10,24,3,0.0,0.0,0.0,,,0.0,0.0,0.0,7.0,7.0,1.0,0.15
2021-10-24 04:00:00,2021,10,24,4,0.0,0.0,0.0,,,0.0,0.0,0.0,7.0,7.0,1.0,0.15
2021-10-24 05:00:00,2021,10,24,5,0.0,0.0,0.0,,,0.0,0.0,0.0,6.0,0.0,1.0,0.15
2021-10-24 06:00:00,2021,10,24,6,40.2609335774503,40.0,16.0,0.9935189387263377,alta_fd,38.084,30.148,25.116,8.0,9.179,1.5,0.15
2021-10-24 07:00:00,2021,10,24,7,205.7902015146829,141.0,282.0,0.6851638171409236,mixto,223.909,185.432,174.898,12.0,19.861,1.0,0.15
2021-10-24 08:00:00,2021,10,24,8,420.5296699558484,172.0,571.0,0.40900800178512575,mixto,482.968,403.739,385.469,15.0,32.137,1.0,0.15
2021-10-24 09:00:00,2021,10,24,9,635.3976560297667,175.0,744.0,0.27541807612806446,baja_fd,733.355,562.511,538.615,17.0,51.759,0.0,0.15
2021-10-24 10:00:00,2021,10,24,10,813.975955870909,162.0,849.0,0.1990230778090601,baja_fd,925.422,671.661,643.897,19.0,62.788,0.0,0.15
2021-10-24 11:00:00,2021,10,24,11,938.9802381949504,159.0,894.0,0.16933263718696978,baja_fd,1046.725,803.929,771.479,22.0,48.279,2.6,0.15
2021-10-24 12:00:00,2021,10,24,12,1003.4967842311776,118.0,957.0,0.11758881727797954,baja_fd,1087.392,818.109,785.157,23.0,53.008,2.1,0.15
2021-10-24 13:00:00,2021,10,24,13,990.9945480832343,154.0,907.0,0.15539944220466634,baja_fd,1041.68,810.127,777.457,24.8,45.384,4.1,0.15
2021-10-24 14:00:00,2021,10,24,14,896.3562222360713,141.0,873.0,0.15730353234817523,baja_fd,915.168,708.617,679.545,25.0,48.007,2.6,0.15
2021-10-24 15:00:00,2021,10,24,15,717.0892737298119,183.0,706.0,0.25519835075507147,baja_fd,702.059,569.61,545.463,26.0,38.18,5.1,0.15
2021-10-24 16:00:00,2021,10,24,16,472.51315324125636,185.0,476.0,0.3915234924805204,mixto,435.152,363.061,346.233,25.0,32.041,5.7,0.15
2021-10-24 17:00:00,2021,10,24,17,234.969809449335,130.0,251.0,0.553262567240712,mixto,197.977,157.545,147.999,24.0,27.401,5.1,0.15
2021-10-24 18:00:00,2021,10,24,18,30.0,30.0,0.0,1.0,alta_fd,28.189,20.744,16.045,21.0,21.514,4.6,0.15
2021-10-24 19:00:00,2021,10,24,19,0.0,0.0,0.0,,,0.0,0.0,0.0,19.0,0.0,3.1,0.15
2021-10-24 20:00:00,2021,10,24,20,0.0,0.0,0.0,,,0.0,0.0,0.0,17.0,17.0,2.6,0.15
2021-10-24 21:00:00,2021,10,24,21,0.0,0.0,0.0,,,0.0,0.0,0.0,16.0,16.0,2.6,0.15
2021-10-24 22:00:00,2021,10,24,22,0.0,0.0,0.0,,,0.0,0.0,0.0,12.6,12.6,1.5,0.15
2021-10-24 23:00:00,2021,10,24,23,0.0,0.0,0.0,,,0.0,0.0,0.0,12.0,12.0,2.1,0.15
2021-10-25 00:00:00,2021,10,25,0,0.0,0.0,0.0,,,0.0,0.0,0.0,11.0,11.0,1.0,0.15
2021-10-25 01:00:00,2021,10,25,1,0.0,0.0,0.0,,,0.0,0.0,0.0,9.5,9.5,0.0,0.15
2021-10-25 02:00:00,2021,10,25,2,0.0,0.0,0.0,,,0.0,0.0,0.0,9.0,9.0,1.0,0.15
2021-10-25 03:00:00,2021,10,25,3,0.0,0.0,0.0,,,0.0,0.0,0.0,8.0,8.0,0.0,0.15
2021-10-25 04:00:00,2021,10,25,4,0.0,0.0,0.0,,,0.0,0.0,0.0,6.4,6.4,2.1,0.15
2021-10-25 05:00:00,2021,10,25,5,0.0,0.0,0.0,,,0.0,0.0,0.0,7.0,0.0,1.0,0.15
2021-10-25 06:00:00,2021,10,25,6,41.20091816391775,41.0,10.0,0.9951234542123941,alta_fd,38.856,30.866,25.809,9.0,10.821,0.0,0.15
2021-10-25 07:00:00,2021,10,25,7,201.28196624343576,146.0,237.0,0.7253506249209813,alta_fd,215.102,176.049,165.847,13.6,23.726,0.0,0.15
2021-10-25 08:00:00,2021,10,25,8,413.9072464996,171.0,554.0,0.4131360381973048,mixto,473.323,389.0,371.252,17.0,36.233,0.5,0.15
2021-10-25 09:00:00,2021,10,25,9,634.1294941082549,184.0,724.0,0.2901615548709813,baja_fd,728.16,585.67,560.954,20.0,40.146,2.1,0.15
2021-10-25 10:00:00,2021,10,25,10,817.2158467245354,163.0,849.0,0.19945770833166865,baja_fd,926.682,723.709,694.102,22.3,45.588,2.6,0.15
2021-10-25 11:00:00,2021,10,25,11,928.6325202566521,157.0,882.0,0.16906580006115757,baja_fd,1032.997,816.022,783.144,21.0,41.409,4.1,0.15
2021-10-25 12:00:00,2021,10,25,12,992.4578497834351,141.0,918.0,0.14207152478139773,baja_fd,1071.587,851.93,817.779,24.0,39.46,6.7,0.15
2021-10-25 13:00:00,2021,10,25,13,968.9736076522389,180.0,853.0,0.18576357351582412,baja_fd,1023.113,814.375,781.555,24.7,39.461,6.7,0.15
2021-10-25 14:00:00,2021,10,25,14,890.1732028200195,146.0,858.0,0.16401302526011802,baja_fd,907.109,699.927,671.163,26.0,48.802,2.6,0.15
2021-10-25 15:00:00,2021,10,25,15,731.1189748136779,150.0,766.0,0.2051649665339718,baja_fd,711.448,593.195,568.212,23.0,31.529,8.7,0.15
2021-10-25 16:00:00,2021,10,25,16,510.58833214312466,145.0,603.0,0.2839861212483692,baja_fd,463.602,394.293,376.358,22.0,28.096,7.7,0.15
2021-10-25 17:00:00,2021,10,25,17,249.87274676565752,114.0,323.0,0.45623222810655134,mixto,203.31,162.679,152.951,21.0,23.632,7.7,0.15
2021-10-25 18:00:00,2021,10,25,18,32.0,32.0,0.0,1.0,alta_fd,29.978,22.442,17.683,19.0,19.477,5.7,0.15
2021-10-25 19:00:00,2021,10,25,19,0.0,0.0,0.0,,,0.0,0.0,0.0,15.9,0.0,3.6,0.15
2021-10-25 20:00:00,2021,10,25,20,0.0,0.0,0.0,,,0.0,0.0,0.0,15.0,15.0,3.6,0.15
2021-10-25 21:00:00,2021,10,25,21,0.0,0.0,0.0,,,0.0,0.0,0.0,13.0,13.0,3.1,0.15
2021-10-25 22:00:00,2021,10,25,22,0.0,0.0,0.0,,,0.0,0.0,0.0,12.0,12.0,3.1,0.15
2021-10-25 23:00:00,2021,10,25,23,0.0,0.0,0.0,,,0.0,0.0,0.0,11.0,11.0,2.1,0.15
2021-10-26 00:00:00,2021,10,26,0,0.0,0.0,0.0,,,0.0,0.0,0.0,11.0,11.0,1.0,0.15
2021-10-26 01:00:00,2021,10,26,1,0.0,0.0,0.0,,,0.0,0.0,0.0,10.3,10.3,1.0,0.15
2021-10-26 02:00:00,2021,10,26,2,0.0,0.0,0.0,,,0.0,0.0,0.0,8.0,8.0,0.0,0.15
2021-10-26 03:00:00,2021,10,26,3,0.0,0.0,0.0,,,0.0,0.0,0.0,6.0,6.0,1.0,0.15
2021-10-26 04:00:00,2021,10,26,4,0.0,0.0,0.0,,,0.0,0.0,0.0,6.2,6.2,1.0,0.15
2021-10-26 05:00:00,2021,10,26,5,0.0,0.0,0.0,,,0.0,0.0,0.0,5.0,0.0,1.0,0.15
2021-10-26 06:00:00,2021,10,26,6,44.45219995425953,44.0,19.0,0.9898272761590016,alta_fd,41.891,33.449,28.3,7.0,8.96,0.0,0.15
2021-10-26 07:00:00,2021,10,26,7,212.63766193288924,144.0,290.0,0.6772083491279544,mixto,229.788,187.973,177.349,12.5,23.305,0.0,0.15
2021-10-26 08:00:00,2021,10,26,8,428.35343464677607,174.0,576.0,0.4062066180080519,mixto,488.532,406.348,387.985,16.0,33.333,1.0,0.15
2021-10-26 09:00:00,2021,10,26,9,642.5439243066303,176.0,747.0,0.27391123523566385,baja_fd,737.3,594.909,569.866,19.0,39.4,2.1,0.15
2021-10-26 10:00:00,2021,10,26,10,822.0299807425506,161.0,855.0,0.19585660349585615,baja_fd,930.137,731.122,701.252,20.6,43.975,2.6,0.15
2021-10-26 11:00:00,2021,10,26,11,948.7123045777672,118.0,947.0,0.12437911833821629,baja_fd,1049.566,813.849,781.048,22.0,46.176,3.1,0.15
2021-10-26 12:00:00,2021,10,26,12,1008.9201726199185,122.0,954.0,0.12092136059010089,baja_fd,1088.352,835.38,801.816,25.0,48.145,3.6,0.15
2021-10-26 13:00:00,2021,10,26,13,991.1689073902106,155.0,902.0,0.15638101522789039,baja_fd,1037.486,792.861,760.803,25.7,49.593,3.1,0.15
2021-10-26 14:00:00,2021,10,26,14,896.7643452953122,143.0,867.0,0.15946218284683125,baja_fd,911.68,723.87,694.257,26.0,41.792,5.1,0.15
2021-10-26 15:00:00,2021,10,26,15,733.220959904401,152.0,764.0,0.20730449388656064,baja_fd,711.95,584.815,560.13,25.0,35.304,6.7,0.15
2021-10-26 16:00:00,2021,10,26,16,510.0791867450506,148.0,595.0,0.2901510272246686,baja_fd,462.408,389.02,371.272,24.4,30.779,7.2,0.15
2021-10-26 17:00:00,2021,10,26,17,251.81888717435993,116.0,321.0,0.46064852919344906,mixto,204.705,163.315,153.564,21.7,24.625,6.7,0.15
2021-10-26 18:00:00,2021,10,26,18,34.0,34.0,0.0,1.0,alta_fd,31.76,23.94,19.128,19.0,19.478,6.2,0.15
2021-10-26 19:00:00,2021,10,26,19,0.0,0.0,0.0,,,0.0,0.0,0.0,18.6,0.0,1.5,0.15
2021-10-26 20:00:00,2021,10,26,20,0.0,0.0,0.0,,,0.0,0.0,0.0,16.0,16.0,3.6,0.15
2021-10-26 21:00:00,2021,10,26,21,0.0,0.0,0.0,,,0.0,0.0,0.0,14.0,14.0,3.1,0.15
2021-10-26 22:00:00,2021,10,26,22,0.0,0.0,0.0,,,0.0,0.0,0.0,13.3,13.3,3.6,0.15
2021-10-26 23:00:00,2021,10,26,23,0.0,0.0,0.0,,,0.0,0.0,0.0,12.0,12.0,3.6,0.15
2021-10-27 00:00:00,2021,10,27,0,0.0,0.0,0.0,,,0.0,0.0,0.0,11.0,11.0,2.1,0.15
2021-10-27 01:00:00,2021,10,27,1,0.0,0.0,0.0,,,0.0,0.0,0.0,10.2,10.2,0.5,0.15
2021-10-27 02:00:00,2021,10,27,2,0.0,0.0,0.0,,,0.0,0.0,0.0,8.0,8.0,1.0,0.15
2021-10-27 03:00:00,2021,10,27,3,0.0,0.0,0.0,,,0.0,0.0,0.0,8.0,8.0,0.0,0.15
2021-10-27 04:00:00,2021,10,27,4,0.0,0.0,0.0,,,0.0,0.0,0.0,7.4,7.4,0.0,0.15
2021-10-27 05:00:00,2021,10,27,5,0.0,0.0,0.0,,,0.0,0.0,0.0,8.0,0.0,0.5,0.15
2021-10-27 06:00:00,2021,10,27,6,41.0,41.0,0.0,1.0,alta_fd,38.339,30.931,25.871,9.0,10.804,0.0,0.15
2021-10-27 07:00:00,2021,10,27,7,137.3603357627039,134.0,14.0,0.975536345743148,alta_fd,131.125,112.317,104.373,10.9,15.021,1.5,0.15
2021-10-27 08:00:00,2021,10,27,8,269.0115288155467,241.0,63.0,0.8958723853253391,alta_fd,267.888,223.339,211.461,15.0,25.845,0.5,0.15
2021-10-27 09:00:00,2021,10,27,9,391.4760034804566,330.0,98.0,0.8429635458268245,alta_fd,396.657,322.451,307.062,18.0,31.98,1.0,0.15
2021-10-27 10:00:00,2021,10,27,10,490.06903480168285,435.0,71.0,0.8876300461954962,alta_fd,496.206,394.606,376.66,20.7,36.18,1.5,0.15
2021-10-27 11:00:00,2021,10,27,11,549.6930652175615,438.0,127.0,0.7968083057890591,alta_fd,570.84,455.97,435.849,23.0,35.085,3.6,0.15
2021-10-27 12:00:00,2021,10,27,12,572.2703092828431,453.0,128.0,0.7915839641719137,alta_fd,592.277,476.208,455.371,23.0,33.196,5.1,0.15
2021-10-27 13:00:00,2021,10,27,13,551.8913936302629,485.0,72.0,0.8787960921255524,alta_fd,556.503,445.265,425.524,23.1,34.038,4.1,0.15
2021-10-27 14:00:00,2021,10,27,14,609.369144280767,395.0,246.0,0.6482113571178846,mixto,620.488,501.408,479.677,23.0,34.42,4.6,0.15
2021-10-27 15:00:00,2021,10,27,15,568.3206823975158,312.0,336.0,0.5489858273040457,mixto,557.554,457.465,437.292,24.0,32.982,5.7,0.15
2021-10-27 16:00:00,2021,10,27,16,431.001004984582,227.0,334.0,0.5266809064821563,mixto,399.148,335.445,319.595,22.3,28.752,5.7,0.15
2021-10-27 17:00:00,2021,10,27,17,221.6439450083399,151.0,166.0,0.6812728405204945,mixto,191.989,156.675,147.16,21.0,24.311,5.1,0.15
2021-10-27 18:00:00,2021,10,27,18,34.0,34.0,0.0,1.0,alta_fd,31.807,24.165,19.346,18.0,18.581,4.6,0.15
2021-10-27 19:00:00,2021,10,27,19,0.0,0.0,0.0,,,0.0,0.0,0.0,15.3,0.0,3.6,0.15
2021-10-27 20:00:00,2021,10,27,20,0.0,0.0,0.0,,,0.0,0.0,0.0,14.0,14.0,4.1,0.15
2021-10-27 21:00:00,2021,10,27,21,0.0,0.0,0.0,,,0.0,0.0,0.0,12.0,12.0,3.1,0.15
2021-10-27 22:00:00,2021,10,27,22,0.0,0.0,0.0,,,0.0,0.0,0.0,11.5,11.5,3.1,0.15
2021-10-27 23:00:00,2021,10,27,23,0.0,0.0,0.0,,,0.0,0.0,0.0,11.0,11.0,2.6,0.15
2021-10-28 00:00:00,2021,10,28,0,0.0,0.0,0.0,,,0.0,0.0,0.0,10.0,10.0,2.1,0.15
2021-10-28 01:00:00,2021,10,28,1,0.0,0.0,0.0,,,0.0,0.0,0.0,8.9,8.9,2.1,0.15
2021-10-28 02:00:00,2021,10,28,2,0.0,0.0,0.0,,,0.0,0.0,0.0,8.0,8.0,0.0,0.15
2021-10-28 03:00:00,2021,10,28,3,0.0,0.0,0.0,,,0.0,0.0,0.0,7.0,7.0,0.0,0.15
2021-10-28 04:00:00,2021,10,28,4,0.0,0.0,0.0,,,0.0,0.0,0.0,6.3,6.3,1.0,0.15
2021-10-28 05:00:00,2021,10,28,5,0.0,0.0,0.0,,,0.0,0.0,0.0,5.0,0.0,0.0,0.15
2021-10-28 06:00:00,2021,10,28,6,47.712609107590374,47.0,23.0,0.9850645537748006,alta_fd,44.91,36.295,31.045,5.0,7.102,0.0,0.15
2021-10-28 07:00:00,2021,10,28,7,208.8207291614031,148.0,250.0,0.7087418983467243,alta_fd,221.593,184.187,173.697,9.6,20.031,0.0,0.15
2021-10-28 08:00:00,2021,10,28,8,418.19150367977994,185.0,521.0,0.4423810583719063,mixto,470.396,384.256,366.677,15.0,37.34,0.0,0.15
2021-10-28 09:00:00,2021,10,28,9,631.0820213525033,209.0,670.0,0.331177236759307,mixto,714.14,568.619,544.507,17.0,42.262,1.0,0.15
2021-10-28 10:00:00,2021,10,28,10,810.642949615811,196.0,790.0,0.2417833894600459,baja_fd,911.803,702.457,673.603,20.0,48.578,1.5,0.15
2021-10-28 11:00:00,2021,10,28,11,863.4816295133758,420.0,503.0,0.48640293625782804,mixto,932.877,717.655,688.262,23.0,46.366,2.6,0.15
2021-10-28 12:00:00,2021,10,28,12,706.0085318182032,452.0,272.0,0.6402188920238002,mixto,744.238,590.732,565.836,24.0,37.676,4.6,0.15
2021-10-28 13:00:00,2021,10,28,13,291.8965105478959,277.0,16.0,0.9489664658205923,alta_fd,282.818,226.205,214.226,24.8,29.987,4.6,0.15
2021-10-28 14:00:00,2021,10,28,14,258.7468237543341,257.0,2.0,0.9932489074494201,alta_fd,249.042,200.462,189.396,24.0,28.288,5.1,0.15
2021-10-28 15:00:00,2021,10,28,15,205.76493760834222,205.0,1.0,0.9962824686400255,alta_fd,196.975,159.552,149.935,23.0,26.882,4.1,0.15
2021-10-28 16:00:00,2021,10,28,16,139.0,139.0,0.0,1.0,alta_fd,132.292,107.823,100.039,22.3,24.916,4.1,0.15
2021-10-28 17:00:00,2021,10,28,17,67.0,67.0,0.0,1.0,alta_fd,63.524,51.478,45.69,21.0,22.26,4.1,0.15
2021-10-28 18:00:00,2021,10,28,18,11.0,11.0,0.0,1.0,alta_fd,10.391,7.44,3.213,20.0,20.284,2.1,0.15
2021-10-28 19:00:00,2021,10,28,19,0.0,0.0,0.0,,,0.0,0.0,0.0,18.0,0.0,2.1,0.15
2021-10-28 20:00:00,2021,10,28,20,0.0,0.0,0.0,,,0.0,0.0,0.0,15.0,15.0,3.6,0.15
2021-10-28 21:00:00,2021,10,28,21,0.0,0.0,0.0,,,0.0,0.0,0.0,14.0,14.0,4.1,0.15
2021-10-28 22:00:00,2021,10,28,22,0.0,0.0,0.0,,,0.0,0.0,0.0,12.4,12.4,4.1,0.15
2021-10-28 23:00:00,2021,10,28,23,0.0,0.0,0.0,,,0.0,0.0,0.0,12.0,12.0,1.5,0.15
2021-10-29 00:00:00,2021,10,29,0,0.0,0.0,0.0,,,0.0,0.0,0.0,12.0,12.0,0.0,0.15
2021-10-29 01:00:00,2021,10,29,1,0.0,0.0,0.0,,,0.0,0.0,0.0,10.3,10.3,1.5,0.15
2021-10-29 02:00:00,2021,10,29,2,0.0,0.0,0.0,,,0.0,0.0,0.0,10.0,10.0,2.6,0.15
2021-10-29 03:00:00,2021,10,29,3,0.0,0.0,0.0,,,0.0,0.0,0.0,10.0,10.0,3.1,0.15
2021-10-29 04:00:00,2021,10,29,4,0.0,0.0,0.0,,,0.0,0.0,0.0,9.4,9.4,3.6,0.15
2021-10-29 05:00:00,2021,10,29,5,0.0,0.0,0.0,,,0.0,0.0,0.0,10.0,0.0,3.1,0.15
2021-10-29 06:00:00,2021,10,29,6,16.0,16.0,0.0,1.0,alta_fd,15.123,11.779,7.398,10.0,10.416,2.1,0.15
2021-10-29 07:00:00,2021,10,29,7,75.0,75.0,0.0,1.0,alta_fd,71.105,60.249,54.151,10.4,12.636,1.5,0.15
2021-10-29 08:00:00,2021,10,29,8,194.6036465978337,191.0,8.0,0.9814821219394673,alta_fd,186.613,159.334,149.724,11.0,16.152,2.1,0.15
2021-10-29 09:00:00,2021,10,29,9,343.38602844730076,332.0,18.0,0.966841899483257,alta_fd,333.698,282.968,268.978,12.0,19.078,3.6,0.15
2021-10-29 10:00:00,2021,10,29,10,490.4985920312394,407.0,107.0,0.8297679271912742,alta_fd,498.783,415.881,397.181,13.9,24.469,3.6,0.15
2021-10-29 11:00:00,2021,10,29,11,552.3594158861014,441.0,126.0,0.7983931971043576,alta_fd,572.275,475.501,454.688,15.0,24.854,5.1,0.15
2021-10-29 12:00:00,2021,10,29,12,573.9174442959875,456.0,126.0,0.7945393619449321,alta_fd,592.639,489.423,468.117,16.0,26.201,5.1,0.15
2021-10-29 13:00:00,2021,10,29,13,554.5543715188842,437.0,126.0,0.7880201156887263,alta_fd,567.02,467.069,446.555,18.1,27.187,5.7,0.15
2021-10-29 14:00:00,2021,10,29,14,419.25223130463917,414.0,6.0,0.9874723831801797,alta_fd,407.595,338.12,322.175,18.0,23.853,6.7,0.15
2021-10-29 15:00:00,2021,10,29,15,275.13596861422195,269.0,8.0,0.9776984134603447,alta_fd,264.261,222.429,210.584,16.0,19.616,7.2,0.15
2021-10-29 16:00:00,2021,10,29,16,139.0,139.0,0.0,1.0,alta_fd,132.27,110.835,102.944,16.1,18.114,6.2,0.15
2021-10-29 17:00:00,2021,10,29,17,68.0,68.0,0.0,1.0,alta_fd,64.469,53.926,48.051,14.0,14.985,6.2,0.15
2021-10-29 18:00:00,2021,10,29,18,12.0,12.0,0.0,1.0,alta_fd,11.337,8.428,4.166,14.0,14.208,4.6,0.15
2021-10-29 19:00:00,2021,10,29,19,0.0,0.0,0.0,,,0.0,0.0,0.0,13.5,0.0,3.1,0.15
2021-10-29 20:00:00,2021,10,29,20,0.0,0.0,0.0,,,0.0,0.0,0.0,13.0,13.0,2.1,0.15
2021-10-29 21:00:00,2021,10,29,21,0.0,0.0,0.0,,,0.0,0.0,0.0,13.0,13.0,3.1,0.15
2021-10-29 22:00:00,2021,10,29,22,0.0,0.0,0.0,,,0.0,0.0,0.0,12.6,12.6,3.1,0.15
2021-10-29 23:00:00,2021,10,29,23,0.0,0.0,0.0,,,0.0,0.0,0.0,12.0,12.0,2.6,0.15
2021-10-30 00:00:00,2021,10,30,0,0.0,0.0,0.0,,,0.0,0.0,0.0,11.0,11.0,3.1,0.15
2021-10-30 01:00:00,2021,10,30,1,0.0,0.0,0.0,,,0.0,0.0,0.0,10.8,10.8,2.6,0.15
2021-10-30 02:00:00,2021,10,30,2,0.0,0.0,0.0,,,0.0,0.0,0.0,10.0,10.0,3.1,0.15
2021-10-30 03:00:00,2021,10,30,3,0.0,0.0,0.0,,,0.0,0.0,0.0,15.0,15.0,3.1,0.15
2021-10-30 04:00:00,2021,10,30,4,0.0,0.0,0.0,,,0.0,0.0,0.0,10.2,10.2,4.1,0.15
2021-10-30 05:00:00,2021,10,30,5,0.0,0.0,0.0,,,0.0,0.0,0.0,10.0,0.0,3.1,0.15
2021-10-30 06:00:00,2021,10,30,6,17.0,17.0,0.0,1.0,alta_fd,16.07,12.574,8.165,10.0,10.402,2.6,0.15
2021-10-30 07:00:00,2021,10,30,7,76.0,76.0,0.0,1.0,alta_fd,72.05,61.217,55.084,10.4,12.066,3.1,0.15
2021-10-30 08:00:00,2021,10,30,8,148.0,148.0,0.0,1.0,alta_fd,140.916,119.848,111.638,11.0,14.539,2.6,0.15
2021-10-30 09:00:00,2021,10,30,9,213.63505745915722,213.0,1.0,0.9970273724420037,alta_fd,204.719,172.723,162.64,11.0,16.633,2.1,0.15
2021-10-30 10:00:00,2021,10,30,10,263.56522961768104,262.0,2.0,0.9940613197729021,alta_fd,253.904,212.239,200.755,11.7,18.671,2.1,0.15
2021-10-30 11:00:00,2021,10,30,11,392.17388763224176,378.0,16.0,0.9638581555803807,alta_fd,382.64,306.983,292.142,13.0,30.978,0.0,0.15
2021-10-30 12:00:00,2021,10,30,12,495.8180675901083,478.0,19.0,0.9640632950777452,alta_fd,486.43,387.614,369.915,14.0,33.54,0.5,0.15
2021-10-30 13:00:00,2021,10,30,13,553.4137883404165,545.0,9.0,0.9847965690091534,alta_fd,543.367,435.998,416.585,15.5,32.416,1.5,0.15
2021-10-30 14:00:00,2021,10,30,14,423.4232935697554,405.0,21.0,0.9564896550342469,alta_fd,411.506,337.148,321.238,16.0,27.303,2.1,0.15
2021-10-30 15:00:00,2021,10,30,15,277.1522791817557,271.0,8.0,0.9778018091717692,alta_fd,266.129,216.247,204.621,16.0,28.547,0.0,0.15
2021-10-30 16:00:00,2021,10,30,16,141.0,141.0,0.0,1.0,alta_fd,134.164,110.401,102.526,16.3,22.646,0.0,0.15
2021-10-30 17:00:00,2021,10,30,17,112.0,112.0,0.0,1.0,alta_fd,105.807,88.13,81.044,17.0,20.751,1.0,0.15
2021-10-30 18:00:00,2021,10,30,18,26.0,26.0,0.0,1.0,alta_fd,24.614,18.724,14.097,17.0,17.675,2.1,0.15
2021-10-30 19:00:00,2021,10,30,19,0.0,0.0,0.0,,,0.0,0.0,0.0,15.4,0.0,2.1,0.15
2021-10-30 20:00:00,2021,10,30,20,0.0,0.0,0.0,,,0.0,0.0,0.0,14.0,14.0,1.0,0.15
2021-10-30 21:00:00,2021,10,30,21,0.0,0.0,0.0,,,0.0,0.0,0.0,13.0,13.0,0.5,0.15
2021-10-30 22:00:00,2021,10,30,22,0.0,0.0,0.0,,,0.0,0.0,0.0,12.4,12.4,0.0,0.15
2021-10-30 23:00:00,2021,10,30,23,0.0,0.0,0.0,,,0.0,0.0,0.0,12.0,12.0,1.5,0.15
2021-10-31 00:00:00,2021,10,31,0,0.0,0.0,0.0,,,0.0,0.0,0.0,8.9,8.9,1.0,0.15
2021-10-31 01:00:00,2021,10,31,1,0.0,0.0,0.0,,,0.0,0.0,0.0,11.1,11.1,0.0,0.15
2021-10-31 02:00:00,2021,10,31,2,0.0,0.0,0.0,,,0.0,0.0,0.0,10.0,10.0,1.0,0.15
2021-10-31 03:00:00,2021,10,31,3,0.0,0.0,0.0,,,0.0,0.0,0.0,10.0,10.0,1.0,0.15
2021-10-31 04:00:00,2021,10,31,4,0.0,0.0,0.0,,,0.0,0.0,0.0,8.9,8.9,1.0,0.15
2021-10-31 05:00:00,2021,10,31,5,1.0,1.0,0.0,,,0.97,0.0,0.0,9.0,9.027,1.5,0.15
2021-10-31 06:00:00,2021,10,31,6,53.31672435459013,52.0,32.0,0.97530372747896,alta_fd,50.083,39.815,34.441,10.0,11.75,1.0,0.15
2021-10-31 07:00:00,2021,10,31,7,225.03643961710543,147.0,309.0,0.6532275406157211,mixto,239.7,198.37,187.377,13.3,20.77,1.5,0.15
2021-10-31 08:00:00,2021,10,31,8,442.34046777452016,182.0,571.0,0.41144777215539136,mixto,495.237,412.716,394.128,15.0,32.564,1.0,0.15
2021-10-31 09:00:00,2021,10,31,9,657.0929961713522,186.0,739.0,0.2830649559251978,baja_fd,742.422,600.451,575.211,18.0,38.535,2.1,0.15
2021-10-31 10:00:00,2021,10,31,10,835.1486118054132,172.0,845.0,0.20595136909606146,baja_fd,932.638,731.566,701.68,18.5,44.255,2.1,0.15
2021-10-31 11:00:00,2021,10,31,11,953.2821010823675,140.0,916.0,0.14686103918351387,baja_fd,1041.271,794.922,762.791,21.0,49.734,2.1,0.15
2021-10-31 12:00:00,2021,10,31,12,1007.105208937268,152.0,910.0,0.1509276276709914,baja_fd,1073.382,820.471,787.435,22.0,48.937,2.6,0.15
2021-10-31 13:00:00,2021,10,31,13,983.3090059367217,159.0,880.0,0.1616989156410025,baja_fd,1026.231,793.814,761.722,22.9,46.529,3.1,0.15
2021-10-31 14:00:00,2021,10,31,14,884.3766488376237,203.0,775.0,0.22954020808533568,baja_fd,894.66,708.077,679.023,23.0,42.038,3.6,0.15
2021-10-31 15:00:00,2021,10,31,15,715.0037939526916,193.0,677.0,0.26992863762729896,baja_fd,690.316,568.254,544.155,23.0,34.14,5.7,0.15
2021-10-31 16:00:00,2021,10,31,16,490.5003677209598,185.0,493.0,0.377165874226713,mixto,443.709,374.292,357.066,22.3,29.085,6.2,0.15
2021-10-31 17:00:00,2021,10,31,17,228.72455385612366,146.0,190.0,0.6383223730839125,mixto,194.276,158.93,149.335,20.0,22.944,6.2,0.15
2021-10-31 18:00:00,2021,10,31,18,35.0,35.0,0.0,1.0,alta_fd,32.858,25.203,20.346,18.7,19.345,4.1,0.15
2021-10-31 19:00:00,2021,10,31,19,0.0,0.0,0.0,,,0.0,0.0,0.0,17.2,0.0,2.6,0.15
2021-10-31 20:00:00,2021,10,31,20,0.0,0.0,0.0,,,0.0,0.0,0.0,15.7,15.7,2.1,0.15
2021-10-31 21:00:00,2021,10,31,21,0.0,0.0,0.0,,,0.0,0.0,0.0,14.3,14.3,0.5,0.15
2021-10-31 22:00:00,2021,10,31,22,0.0,0.0,0.0,,,0.0,0.0,0.0,13.0,13.0,1.5,0.15
2021-10-31 23:00:00,2021,10,31,23,0.0,0.0,0.0,,,0.0,0.0,0.0,11.8,11.8,1.5,0.15
2021-11-01 00:00:00,2021,11,1,0,0.0,0.0,0.0,,,0.0,0.0,0.0,10.8,10.8,1.0,0.15
2021-11-01 01:00:00,2021,11,1,1,0.0,0.0,0.0,,,0.0,0.0,0.0,9.7,9.7,2.1,0.15
2021-11-01 02:00:00,2021,11,1,2,0.0,0.0,0.0,,,0.0,0.0,0.0,8.5,8.5,1.5,0.15
2021-11-01 03:00:00,2021,11,1,3,0.0,0.0,0.0,,,0.0,0.0,0.0,7.1,7.1,1.5,0.15
2021-11-01 04:00:00,2021,11,1,4,0.0,0.0,0.0,,,0.0,0.0,0.0,5.7,5.7,0.0,0.15
2021-11-01 05:00:00,2021,11,1,5,1.0,1.0,0.0,,,0.97,0.0,0.0,4.2,4.227,1.5,0.15
2021-11-01 06:00:00,2021,11,1,6,55.86340006478516,54.0,42.0,0.9666436331726289,alta_fd,52.628,42.31,36.847,6.0,8.102,0.5,0.15
2021-11-01 07:00:00,2021,11,1,7,231.04527894374343,147.0,329.0,0.6362389254263561,mixto,246.243,203.565,192.388,9.4,20.976,0.0,0.15
2021-11-01 08:00:00,2021,11,1,8,451.1280010445253,176.0,600.0,0.3901331763767623,mixto,505.324,413.972,395.34,13.0,37.001,0.0,0.15
2021-11-01 09:00:00,2021,11,1,9,665.5315179947826,178.0,762.0,0.26745540246734856,baja_fd,751.399,599.444,574.24,15.4,41.986,1.0,0.15
2021-11-01 10:00:00,2021,11,1,10,844.446644785647,163.0,866.0,0.19302581282844183,baja_fd,942.015,718.391,688.972,17.8,51.077,1.0,0.15
2021-11-01 11:00:00,2021,11,1,11,964.1810010620851,126.0,942.0,0.13068085749584965,baja_fd,1052.309,811.116,778.412,21.0,47.421,2.6,0.15
2021-11-01 12:00:00,2021,11,1,12,1025.2514962731811,128.0,953.0,0.12484741594163354,baja_fd,1092.21,837.685,804.039,23.0,48.145,3.1,0.15
2021-11-01 13:00:00,2021,11,1,13,1008.9626900757492,123.0,944.0,0.12190738191792366,baja_fd,1044.667,822.671,789.557,24.2,42.276,5.1,0.15
2021-11-01 14:00:00,2021,11,1,14,920.6193204820897,140.0,886.0,0.15207154236855236,baja_fd,919.157,725.342,695.677,25.0,43.181,4.1,0.15
2021-11-01 15:00:00,2021,11,1,15,758.7131835358226,148.0,790.0,0.19506712577508833,baja_fd,724.899,582.368,557.769,24.0,40.742,3.1,0.15
2021-11-01 16:00:00,2021,11,1,16,531.9681844824412,152.0,611.0,0.2857313734803197,baja_fd,474.998,398.556,380.47,23.6,31.289,5.7,0.15
2021-11-01 17:00:00,2021,11,1,17,274.43704411832607,119.0,355.0,0.4336149311850628,mixto,219.413,174.788,164.631,21.7,25.413,5.2,0.15
2021-11-01 18:00:00,2021,11,1,18,47.13752677594499,42.0,22.0,0.8910098359558662,alta_fd,39.643,29.998,24.972,19.7,20.424,4.6,0.15
2021-11-01 19:00:00,2021,11,1,19,0.0,0.0,0.0,,,0.0,0.0,0.0,17.8,0.0,4.1,0.15
2021-11-01 20:00:00,2021,11,1,20,0.0,0.0,0.0,,,0.0,0.0,0.0,16.0,16.0,1.5,0.15
2021-11-01 21:00:00,2021,11,1,21,0.0,0.0,0.0,,,0.0,0.0,0.0,14.3,14.3,2.1,0.15
2021-11-01 22:00:00,2021,11,1,22,0.0,0.0,0.0,,,0.0,0.0,0.0,12.6,12.6,1.5,0.15
2021-11-01 23:00:00,2021,11,1,23,0.0,0.0,0.0,,,0.0,0.0,0.0,11.0,11.0,2.1,0.15
2021-11-02 00:00:00,2021,11,2,0,0.0,0.0,0.0,,,0.0,0.0,0.0,11.0,11.0,1.5,0.15
2021-11-02 01:00:00,2021,11,2,1,0.0,0.0,0.0,,,0.0,0.0,0.0,10.5,10.5,0.5,0.15
2021-11-02 02:00:00,2021,11,2,2,0.0,0.0,0.0,,,0.0,0.0,0.0,7.0,7.0,0.5,0.15
2021-11-02 03:00:00,2021,11,2,3,0.0,0.0,0.0,,,0.0,0.0,0.0,7.0,7.0,0.5,0.15
2021-11-02 04:00:00,2021,11,2,4,0.0,0.0,0.0,,,0.0,0.0,0.0,7.4,7.4,1.5,0.15
2021-11-02 05:00:00,2021,11,2,5,1.0,1.0,0.0,,,0.97,0.0,0.0,7.0,7.035,0.5,0.15
2021-11-02 06:00:00,2021,11,2,6,56.70995132961585,55.0,36.0,0.9698474202582704,alta_fd,53.132,42.661,37.186,8.0,10.126,0.5,0.15
2021-11-02 07:00:00,2021,11,2,7,227.15910617779042,152.0,291.0,0.6691345223071722,mixto,239.051,200.728,189.652,11.6,17.574,2.6,0.15
2021-11-02 08:00:00,2021,11,2,8,435.35914091435984,185.0,543.0,0.424936523927016,mixto,483.295,410.835,392.314,14.3,27.187,2.3,0.15
2021-11-02 09:00:00,2021,11,2,9,637.6690122471829,203.0,677.0,0.3183469732747654,mixto,713.631,580.645,556.107,17.0,36.733,2.1,0.15
2021-11-02 10:00:00,2021,11,2,10,800.0711245242757,236.0,715.0,0.29497377516320966,baja_fd,885.256,708.558,679.488,18.4,38.786,3.1,0.15
2021-11-02 11:00:00,2021,11,2,11,876.8639404135764,382.0,555.0,0.435643413298337,mixto,943.769,762.713,731.723,19.0,34.162,5.7,0.15
2021-11-02 12:00:00,2021,11,2,12,857.6278512412681,469.0,412.0,0.5468572403767014,mixto,899.852,717.98,688.576,20.0,36.545,4.6,0.15
2021-11-02 13:00:00,2021,11,2,13,745.8758185538325,492.0,270.0,0.6596272298436106,mixto,768.783,622.567,596.543,20.3,32.63,5.7,0.15
2021-11-02 14:00:00,2021,11,2,14,620.470792173019,428.0,218.0,0.6897987873064163,mixto,620.527,510.415,488.365,20.0,29.417,6.2,0.15
2021-11-02 15:00:00,2021,11,2,15,454.004323641176,361.0,120.0,0.795146612491994,alta_fd,440.169,366.252,349.311,20.0,26.69,6.2,0.15
2021-11-02 16:00:00,2021,11,2,16,276.45184376938244,244.0,52.0,0.882613031886834,alta_fd,262.546,220.764,208.978,19.2,23.432,5.7,0.15
2021-11-02 17:00:00,2021,11,2,17,188.6650658322962,153.0,81.0,0.8109609445979853,alta_fd,168.065,141.044,132.082,17.0,19.306,7.2,0.15
2021-11-02 18:00:00,2021,11,2,18,40.0,40.0,0.0,1.0,alta_fd,37.307,29.545,24.534,14.0,14.536,6.7,0.15
2021-11-02 19:00:00,2021,11,2,19,0.0,0.0,0.0,,,0.0,0.0,0.0,13.1,0.0,3.6,0.15
2021-11-02 20:00:00,2021,11,2,20,0.0,0.0,0.0,,,0.0,0.0,0.0,12.0,12.0,2.6,0.15
2021-11-02 21:00:00,2021,11,2,21,0.0,0.0,0.0,,,0.0,0.0,0.0,10.0,10.0,2.1,0.15
2021-11-02 22:00:00,2021,11,2,22,0.0,0.0,0.0,,,0.0,0.0,0.0,9.9,9.9,1.5,0.15
2021-11-02 23:00:00,2021,11,2,23,0.0,0.0,0.0,,,0.0,0.0,0.0,9.0,9.0,1.5,0.15
2021-11-03 00:00:00,2021,11,3,0,0.0,0.0,0.0,,,0.0,0.0,0.0,10.0,10.0,1.0,0.15
2021-11-03 01:00:00,2021,11,3,1,0.0,0.0,0.0,,,0.0,0.0,0.0,9.2,9.2,1.5,0.15
2021-11-03 02:00:00,2021,11,3,2,0.0,0.0,0.0,,,0.0,0.0,0.0,8.1,8.1,0.7,0.15
2021-11-03 03:00:00,2021,11,3,3,0.0,0.0,0.0,,,0.0,0.0,0.0,7.0,7.0,0.0,0.15
2021-11-03 04:00:00,2021,11,3,4,0.0,0.0,0.0,,,0.0,0.0,0.0,8.3,8.3,0.0,0.15
2021-11-03 05:00:00,2021,11,3,5,1.0,1.0,0.0,,,0.97,0.0,0.0,8.0,8.041,0.0,0.15
2021-11-03 06:00:00,2021,11,3,6,59.32494392473239,57.0,46.0,0.9608100105803365,alta_fd,55.671,44.421,38.884,8.0,10.6,0.0,0.15
2021-11-03 07:00:00,2021,11,3,7,235.87228635141585,150.0,329.0,0.6359373639026059,mixto,249.387,206.501,195.22,10.8,20.829,0.5,0.15
2021-11-03 08:00:00,2021,11,3,8,455.31713624595255,180.0,594.0,0.3953288503131757,mixto,506.257,427.955,408.828,13.0,28.933,1.5,0.15
2021-11-03 09:00:00,2021,11,3,9,668.4482444257319,184.0,752.0,0.27526439262036745,baja_fd,749.988,617.636,591.787,15.0,33.871,2.6,0.15
2021-11-03 10:00:00,2021,11,3,10,845.5981356390395,171.0,853.0,0.20222371927389723,baja_fd,938.232,731.641,701.752,16.2,45.608,1.5,0.15
2021-11-03 11:00:00,2021,11,3,11,956.9865360142117,152.0,901.0,0.15883191066937094,baja_fd,1037.775,802.071,769.687,18.0,46.633,2.1,0.15
2021-11-03 12:00:00,2021,11,3,12,946.0457684806952,380.0,599.0,0.4016718986125397,mixto,1003.377,787.11,755.256,20.0,41.29,3.6,0.15
2021-11-03 13:00:00,2021,11,3,13,753.1333224660643,398.0,377.0,0.5284588905146121,mixto,776.135,617.042,591.215,21.7,38.16,3.6,0.15
2021-11-03 14:00:00,2021,11,3,14,623.9014797401519,439.0,209.0,0.7036367347338857,alta_fd,623.459,506.566,484.653,21.0,32.468,4.6,0.15
2021-11-03 15:00:00,2021,11,3,15,456.5778404204839,368.0,114.0,0.8059961904000675,alta_fd,442.634,365.268,348.361,20.0,28.732,4.1,0.15
2021-11-03 16:00:00,2021,11,3,16,279.1917954142177,246.0,53.0,0.8811147176980135,alta_fd,264.879,221.104,209.306,19.2,25.307,3.1,0.15
2021-11-03 17:00:00,2021,11,3,17,138.75598210361736,133.0,13.0,0.9585172327970767,alta_fd,129.095,106.948,99.195,19.0,23.057,1.5,0.15
2021-11-03 18:00:00,2021,11,3,18,27.0,27.0,0.0,1.0,alta_fd,25.558,19.569,14.912,18.0,18.639,2.6,0.15
2021-11-03 19:00:00,2021,11,3,19,0.0,0.0,0.0,,,0.0,0.0,0.0,16.1,0.0,2.1,0.15
2021-11-03 20:00:00,2021,11,3,20,0.0,0.0,0.0,,,0.0,0.0,0.0,15.0,15.0,2.6,0.15
2021-11-03 21:00:00,2021,11,3,21,0.0,0.0,0.0,,,0.0,0.0,0.0,14.0,14.0,2.1,0.15
2021-11-03 22:00:00,2021,11,3,22,0.0,0.0,0.0,,,0.0,0.0,0.0,12.0,12.0,3.6,0.15
2021-11-03 23:00:00,2021,11,3,23,0.0,0.0,0.0,,,0.0,0.0,0.0,11.0,11.0,2.5,0.15
2021-11-04 00:00:00,2021,11,4,0,0.0,0.0,0.0,,,0.0,0.0,0.0,10.0,10.0,1.5,0.15
2021-11-04 01:00:00,2021,11,4,1,0.0,0.0,0.0,,,0.0,0.0,0.0,10.1,10.1,1.0,0.15
2021-11-04 02:00:00,2021,11,4,2,0.0,0.0,0.0,,,0.0,0.0,0.0,8.0,8.0,0.0,0.15
2021-11-04 03:00:00,2021,11,4,3,0.0,0.0,0.0,,,0.0,0.0,0.0,7.0,7.0,0.0,0.15
2021-11-04 04:00:00,2021,11,4,4,0.0,0.0,0.0,,,0.0,0.0,0.0,6.0,6.0,0.0,0.15
2021-11-04 05:00:00,2021,11,4,5,2.0,2.0,0.0,,,1.94,1.027,0.0,6.0,6.062,1.0,0.15
2021-11-04 06:00:00,2021,11,4,6,60.728311318426734,58.0,51.0,0.9550734861682398,alta_fd,57.005,45.784,40.198,6.0,8.661,0.0,0.15
2021-11-04 07:00:00,2021,11,4,7,238.26807342068045,151.0,331.0,0.6337399628585487,mixto,251.087,208.959,197.591,10.8,19.617,1.0,0.15
2021-11-04 08:00:00,2021,11,4,8,457.2414106372242,181.0,593.0,0.3958521599077245,mixto,506.76,421.583,402.681,15.0,32.971,1.0,0.15
2021-11-04 09:00:00,2021,11,4,9,671.302000070433,184.0,754.0,0.2740942228396381,baja_fd,751.362,592.758,567.79,18.0,44.58,1.0,0.15
2021-11-04 10:00:00,2021,11,4,10,849.7382336724282,168.0,860.0,0.19770794503847586,baja_fd,941.169,722.192,692.638,20.0,49.5,1.5,0.15
2021-11-04 11:00:00,2021,11,4,11,970.7641443457042,132.0,937.0,0.13597535587696033,baja_fd,1052.652,811.659,778.935,23.0,47.239,3.1,0.15
2021-11-04 12:00:00,2021,11,4,12,1021.8037538036227,149.0,922.0,0.14582056431614543,baja_fd,1081.054,818.485,785.519,24.0,51.128,2.6,0.15
2021-11-04 13:00:00,2021,11,4,13,953.2890290671294,288.0,705.0,0.30211194214815557,mixto,990.132,751.143,720.563,25.6,50.427,2.6,0.15
2021-11-04 14:00:00,2021,11,4,14,843.6801684201496,279.0,637.0,0.3306940360142009,mixto,848.663,668.029,640.394,26.0,42.762,4.1,0.15
2021-11-04 15:00:00,2021,11,4,15,682.2077896612798,246.0,560.0,0.3605939476623984,mixto,656.165,528.226,505.545,26.0,38.985,4.1,0.15
2021-11-04 16:00:00,2021,11,4,16,459.5771240849059,217.0,386.0,0.4721731971148105,mixto,416.009,348.458,332.148,24.3,29.76,7.7,0.15
2021-11-04 17:00:00,2021,11,4,17,233.5858223950775,153.0,181.0,0.6550055068891213,mixto,198.349,160.184,150.545,24.3,26.884,7.7,0.15
2021-11-04 18:00:00,2021,11,4,18,38.0,38.0,0.0,1.0,alta_fd,35.664,27.406,22.472,21.0,21.615,5.1,0.15
2021-11-04 19:00:00,2021,11,4,19,0.0,0.0,0.0,,,0.0,0.0,0.0,19.6,0.0,5.7,0.15
2021-11-04 20:00:00,2021,11,4,20,0.0,0.0,0.0,,,0.0,0.0,0.0,18.3,18.3,3.6,0.15
2021-11-04 21:00:00,2021,11,4,21,0.0,0.0,0.0,,,0.0,0.0,0.0,17.0,17.0,1.5,0.15
2021-11-04 22:00:00,2021,11,4,22,0.0,0.0,0.0,,,0.0,0.0,0.0,15.8,15.8,2.6,0.15
2021-11-04 23:00:00,2021,11,4,23,0.0,0.0,0.0,,,0.0,0.0,0.0,15.0,15.0,1.0,0.15
2021-11-05 00:00:00,2021,11,5,0,0.0,0.0,0.0,,,0.0,0.0,0.0,14.0,14.0,0.5,0.15
2021-11-05 01:00:00,2021,11,5,1,0.0,0.0,0.0,,,0.0,0.0,0.0,11.3,11.3,0.5,0.15
2021-11-05 02:00:00,2021,11,5,2,0.0,0.0,0.0,,,0.0,0.0,0.0,11.0,11.0,0.5,0.15
2021-11-05 03:00:00,2021,11,5,3,0.0,0.0,0.0,,,0.0,0.0,0.0,10.0,10.0,0.5,0.15
2021-11-05 04:00:00,2021,11,5,4,0.0,0.0,0.0,,,0.0,0.0,0.0,8.8,8.8,1.0,0.15
2021-11-05 05:00:00,2021,11,5,5,2.0,2.0,0.0,,,1.94,1.005,0.0,9.9,9.962,1.0,0.15
2021-11-05 06:00:00,2021,11,5,6,62.93070315868779,60.0,52.0,0.9534296772229344,alta_fd,58.856,46.535,40.922,11.0,13.052,1.0,0.15
2021-11-05 07:00:00,2021,11,5,7,240.11131820883116,152.0,331.0,0.6330397131375606,mixto,252.12,206.428,195.149,15.0,23.853,1.0,0.15
2021-11-05 08:00:00,2021,11,5,8,461.4053076591959,196.0,567.0,0.4247892183866465,mixto,507.212,410.518,392.009,19.0,39.595,0.5,0.15
2021-11-05 09:00:00,2021,11,5,9,669.0306982240766,153.0,796.0,0.22868905777587525,baja_fd,749.666,592.102,567.158,21.0,44.541,1.5,0.15
2021-11-05 10:00:00,2021,11,5,10,846.9878191403618,151.0,876.0,0.1782788330453858,baja_fd,937.841,722.037,692.488,22.9,48.8,2.1,0.15
2021-11-05 11:00:00,2021,11,5,11,973.3149929931423,133.0,937.0,0.13664641041950648,baja_fd,1053.304,798.002,765.762,25.0,51.442,2.6,0.15
2021-11-05 12:00:00,2021,11,5,12,1029.7630391236764,146.0,932.0,0.14178019063904773,baja_fd,1087.729,820.293,787.263,27.0,52.036,3.1,0.15
2021-11-05 13:00:00,2021,11,5,13,1022.9291774374749,123.0,952.0,0.12024292855554822,baja_fd,1051.345,807.147,774.583,29.0,48.396,4.6,0.15
2021-11-05 14:00:00,2021,11,5,14,925.9600379975294,147.0,877.0,0.15875415133238419,baja_fd,922.728,691.203,662.747,30.0,55.487,2.1,0.15
2021-11-05 15:00:00,2021,11,5,15,765.6941972782887,141.0,800.0,0.1841466221125796,baja_fd,725.222,560.483,536.66,30.0,50.07,2.1,0.15
2021-11-05 16:00:00,2021,11,5,16,546.4804719585775,141.0,643.0,0.2580147090977619,baja_fd,481.569,394.146,376.216,29.2,37.577,5.1,0.15
2021-11-05 17:00:00,2021,11,5,17,285.24099987378895,129.0,349.0,0.45224915091827206,mixto,226.599,176.905,166.673,28.0,31.418,6.2,0.15
2021-11-05 18:00:00,2021,11,5,18,57.027353989594666,47.0,41.0,0.8241658907859503,alta_fd,45.166,33.142,28.004,26.0,26.823,4.6,0.15
2021-11-05 19:00:00,2021,11,5,19,1.0,1.0,0.0,,,0.97,0.0,0.0,24.0,24.02,3.1,0.15
2021-11-05 20:00:00,2021,11,5,20,0.0,0.0,0.0,,,0.0,0.0,0.0,21.8,21.8,2.8,0.15
2021-11-05 21:00:00,2021,11,5,21,0.0,0.0,0.0,,,0.0,0.0,0.0,19.6,19.6,2.4,0.15
2021-11-05 22:00:00,2021,11,5,22,0.0,0.0,0.0,,,0.0,0.0,0.0,17.4,17.4,2.1,0.15
2021-11-05 23:00:00,2021,11,5,23,0.0,0.0,0.0,,,0.0,0.0,0.0,16.7,16.7,1.7,0.15
2021-11-06 00:00:00,2021,11,6,0,0.0,0.0,0.0,,,0.0,0.0,0.0,16.1,16.1,1.4,0.15
2021-11-06 01:00:00,2021,11,6,1,0.0,0.0,0.0,,,0.0,0.0,0.0,15.4,15.4,1.0,0.15
2021-11-06 02:00:00,2021,11,6,2,0.0,0.0,0.0,,,0.0,0.0,0.0,13.4,13.4,1.2,0.15
2021-11-06 03:00:00,2021,11,6,3,0.0,0.0,0.0,,,0.0,0.0,0.0,11.4,11.4,1.3,0.15
2021-11-06 04:00:00,2021,11,6,4,0.0,0.0,0.0,,,0.0,0.0,0.0,9.4,9.4,1.5,0.15
2021-11-06 05:00:00,2021,11,6,5,2.0,2.0,0.0,,,1.94,0.994,0.0,11.7,11.759,1.2,0.15
2021-11-06 06:00:00,2021,11,6,6,64.25222570834626,61.0,55.0,0.9493834544641494,alta_fd,59.431,46.345,40.739,13.9,16.082,0.8,0.15
2021-11-06 07:00:00,2021,11,6,7,242.46113587790254,153.0,333.0,0.6310289665435166,mixto,253.771,205.73,194.476,16.2,26.406,0.5,0.15
2021-11-06 08:00:00,2021,11,6,8,462.79644165927823,183.0,595.0,0.3954222278457555,mixto,509.816,419.247,400.428,19.4,35.812,1.4,0.15
2021-11-06 09:00:00,2021,11,6,9,677.8402759106535,185.0,758.0,0.2729256530994109,baja_fd,754.967,599.14,573.946,22.6,43.073,2.2,0.15
2021-11-06 10:00:00,2021,11,6,10,855.9316447971445,168.0,864.0,0.19627735581597283,baja_fd,944.093,730.162,700.326,25.8,47.553,3.1,0.15
2021-11-06 11:00:00,2021,11,6,11,978.8888167024298,129.0,946.0,0.13178207555231924,baja_fd,1057.688,790.8,758.816,28.0,54.552,2.6,0.15
2021-11-06 12:00:00,2021,11,6,12,1035.501738432828,137.0,946.0,0.1323030130372756,baja_fd,1092.433,813.081,780.307,30.0,55.146,3.1,0.15
2021-11-06 13:00:00,2021,11,6,13,1022.7074338381993,126.0,947.0,0.1232023898830232,baja_fd,1049.238,795.644,763.488,30.6,51.331,4.1,0.15
2021-11-06 14:00:00,2021,11,6,14,932.5806601070943,145.0,885.0,0.15548252950404173,baja_fd,927.504,713.621,684.371,30.8,49.142,4.1,0.15
2021-11-06 15:00:00,2021,11,6,15,772.7401274880586,152.0,793.0,0.19670261009235462,baja_fd,731.202,575.742,551.378,31.0,45.486,4.1,0.15
2021-11-06 16:00:00,2021,11,6,16,550.1123854738735,154.0,626.0,0.2799427972655852,baja_fd,485.611,398.606,380.518,30.0,36.696,7.2,0.15
2021-11-06 17:00:00,2021,11,6,17,288.7984454546536,129.0,355.0,0.4466783046457058,mixto,229.751,179.426,169.105,28.0,31.465,6.2,0.15
2021-11-06 18:00:00,2021,11,6,18,59.37759683196648,48.0,46.0,0.8083856969798878,alta_fd,45.603,33.397,28.25,26.0,26.685,6.2,0.15
2021-11-06 19:00:00,2021,11,6,19,1.0,1.0,0.0,,,0.97,0.0,0.0,23.8,23.82,3.1,0.15
2021-11-06 20:00:00,2021,11,6,20,0.0,0.0,0.0,,,0.0,0.0,0.0,22.0,22.0,1.5,0.15
2021-11-06 21:00:00,2021,11,6,21,0.0,0.0,0.0,,,0.0,0.0,0.0,20.1,20.1,1.8,0.15
2021-11-06 22:00:00,2021,11,6,22,0.0,0.0,0.0,,,0.0,0.0,0.0,18.3,18.3,2.1,0.15
2021-11-06 23:00:00,2021,11,6,23,0.0,0.0,0.0,,,0.0,0.0,0.0,17.0,17.0,2.6,0.15
2021-11-07 00:00:00,2021,11,7,0,0.0,0.0,0.0,,,0.0,0.0,0.0,16.0,16.0,1.0,0.15
2021-11-07 01:00:00,2021,11,7,1,0.0,0.0,0.0,,,0.0,0.0,0.0,14.6,14.6,1.0,0.15
2021-11-07 02:00:00,2021,11,7,2,0.0,0.0,0.0,,,0.0,0.0,0.0,13.0,13.0,0.0,0.15
2021-11-07 03:00:00,2021,11,7,3,0.0,0.0,0.0,,,0.0,0.0,0.0,11.0,11.0,1.0,0.15
2021-11-07 04:00:00,2021,11,7,4,0.0,0.0,0.0,,,0.0,0.0,0.0,11.6,11.6,1.5,0.15
2021-11-07 05:00:00,2021,11,7,5,2.0,2.0,0.0,,,1.94,0.998,0.0,11.0,11.083,0.0,0.15
2021-11-07 06:00:00,2021,11,7,6,65.58500605919004,62.0,58.0,0.9453380235117369,alta_fd,60.585,47.636,41.985,12.0,14.111,1.0,0.15
2021-11-07 07:00:00,2021,11,7,7,244.97643844234653,155.0,332.0,0.6327139090826408,mixto,255.373,205.807,194.551,16.0,28.01,0.0,0.15
2021-11-07 08:00:00,2021,11,7,8,466.21919295134046,197.0,570.0,0.4225480267187563,mixto,509.717,418.434,399.644,20.0,36.036,1.5,0.15
2021-11-07 09:00:00,2021,11,7,9,673.3440336699525,155.0,795.0,0.23019436164778592,baja_fd,750.58,599.095,573.903,23.0,41.889,2.6,0.15
2021-11-07 10:00:00,2021,11,7,10,852.5130036622852,152.0,878.0,0.17829640057926124,baja_fd,939.949,743.15,712.853,24.9,42.252,4.6,0.15
2021-11-07 11:00:00,2021,11,7,11,975.4300726353671,143.0,925.0,0.14660200050389047,baja_fd,1050.755,816.022,783.143,26.0,45.38,4.6,0.15
2021-11-07 12:00:00,2021,11,7,12,1033.7416773509503,150.0,929.0,0.1451039493584002,baja_fd,1087.824,849.553,815.486,26.0,43.504,5.7,0.15
2021-11-07 13:00:00,2021,11,7,13,1021.6880751599151,133.0,937.0,0.1301767175653712,baja_fd,1046.274,809.968,777.304,27.0,46.3,4.6,0.15
2021-11-07 14:00:00,2021,11,7,14,931.5517700021995,130.0,899.0,0.13955209381405936,baja_fd,919.792,734.902,704.898,26.0,40.012,6.2,0.15
2021-11-07 15:00:00,2021,11,7,15,771.2993799400276,142.0,802.0,0.18410490620521594,baja_fd,727.834,596.656,571.55,25.0,35.531,6.7,0.15
2021-11-07 16:00:00,2021,11,7,16,550.9825784951863,144.0,641.0,0.2613512761025675,baja_fd,483.949,406.976,388.592,24.0,30.674,7.2,0.15
2021-11-07 17:00:00,2021,11,7,17,289.0481865507737,132.0,347.0,0.4566712615469501,mixto,229.31,183.591,173.122,22.0,25.66,5.7,0.15
2021-11-07 18:00:00,2021,11,7,18,60.003949923024265,51.0,36.0,0.8499440464406938,alta_fd,48.446,36.943,31.671,20.0,20.947,4.1,0.15
2021-11-07 19:00:00,2021,11,7,19,1.0,1.0,0.0,,,0.97,0.0,0.0,18.0,18.02,3.1,0.15
2021-11-07 20:00:00,2021,11,7,20,0.0,0.0,0.0,,,0.0,0.0,0.0,16.0,16.0,4.1,0.15
2021-11-07 21:00:00,2021,11,7,21,0.0,0.0,0.0,,,0.0,0.0,0.0,14.0,14.0,3.6,0.15
2021-11-07 22:00:00,2021,11,7,22,0.0,0.0,0.0,,,0.0,0.0,0.0,13.5,13.5,2.1,0.15
2021-11-07 23:00:00,2021,11,7,23,0.0,0.0,0.0,,,0.0,0.0,0.0,13.0,13.0,2.6,0.15
2021-11-08 00:00:00,2021,11,8,0,0.0,0.0,0.0,,,0.0,0.0,0.0,12.0,12.0,1.5,0.15
2021-11-08 01:00:00,2021,11,8,1,0.0,0.0,0.0,,,0.0,0.0,0.0,11.4,11.4,2.1,0.15
2021-11-08 02:00:00,2021,11,8,2,0.0,0.0,0.0,,,0.0,0.0,0.0,11.0,11.0,2.1,0.15
2021-11-08 03:00:00,2021,11,8,3,0.0,0.0,0.0,,,0.0,0.0,0.0,11.1,11.1,1.8,0.15
2021-11-08 04:00:00,2021,11,8,4,0.0,0.0,0.0,,,0.0,0.0,0.0,11.3,11.3,1.5,0.15
2021-11-08 05:00:00,2021,11,8,5,1.0,1.0,0.0,,,0.97,0.0,0.0,11.6,11.633,0.7,0.15
2021-11-08 06:00:00,2021,11,8,6,22.0,22.0,0.0,1.0,alta_fd,20.805,16.455,11.908,12.0,12.984,0.0,0.15
2021-11-08 07:00:00,2021,11,8,7,84.0,84.0,0.0,1.0,alta_fd,79.587,66.872,60.539,12.6,15.42,1.0,0.15
2021-11-08 08:00:00,2021,11,8,8,251.80587154443026,239.0,27.0,0.949143872357358,alta_fd,242.501,206.175,194.906,13.0,19.09,2.6,0.15
2021-11-08 09:00:00,2021,11,8,9,457.56236992947254,368.0,137.0,0.8042619415069525,alta_fd,465.538,388.779,371.04,14.0,25.668,2.6,0.15
2021-11-08 10:00:00,2021,11,8,10,662.0259052539037,427.0,294.0,0.6449898661234936,mixto,694.317,562.974,539.062,16.0,33.386,2.6,0.15
2021-11-08 11:00:00,2021,11,8,11,916.5599324594089,355.0,623.0,0.3873178255211605,mixto,980.043,765.601,734.509,18.2,42.757,2.6,0.15
2021-11-08 12:00:00,2021,11,8,12,1022.8387868866822,274.0,786.0,0.26788190232206727,baja_fd,1082.308,828.827,795.495,20.4,47.532,2.6,0.15
2021-11-08 13:00:00,2021,11,8,13,1020.6993915724217,142.0,925.0,0.13912029454749084,baja_fd,1043.302,822.198,789.101,22.6,41.844,4.6,0.15
2021-11-08 14:00:00,2021,11,8,14,934.0375167123832,131.0,899.0,0.1402513257294981,baja_fd,920.7,744.833,714.477,22.0,36.837,5.7,0.15
2021-11-08 15:00:00,2021,11,8,15,774.9449224594218,141.0,806.0,0.18194841454346472,baja_fd,729.832,606.221,580.777,21.0,32.137,6.2,0.15
2021-11-08 16:00:00,2021,11,8,16,555.1774659107111,143.0,647.0,0.2575752957937933,baja_fd,486.393,413.033,394.434,20.3,28.172,5.7,0.15
2021-11-08 17:00:00,2021,11,8,17,293.1730874126012,133.0,352.0,0.45365692046903544,mixto,232.004,186.67,176.092,20.0,24.545,4.1,0.15
2021-11-08 18:00:00,2021,11,8,18,62.11522098949545,52.0,40.0,0.837153908037998,alta_fd,49.626,37.942,32.634,19.0,20.232,2.6,0.15
2021-11-08 19:00:00,2021,11,8,19,1.0,1.0,0.0,,,0.97,0.0,0.0,16.2,16.227,1.5,0.15
2021-11-08 20:00:00,2021,11,8,20,0.0,0.0,0.0,,,0.0,0.0,0.0,15.0,15.0,2.1,0.15
2021-11-08 21:00:00,2021,11,8,21,0.0,0.0,0.0,,,0.0,0.0,0.0,14.0,14.0,1.5,0.15
2021-11-08 22:00:00,2021,11,8,22,0.0,0.0,0.0,,,0.0,0.0,0.0,13.3,13.3,2.6,0.15
2021-11-08 23:00:00,2021,11,8,23,0.0,0.0,0.0,,,0.0,0.0,0.0,12.0,12.0,3.6,0.15
2021-11-09 00:00:00,2021,11,9,0,0.0,0.0,0.0,,,0.0,0.0,0.0,12.0,12.0,0.5,0.15
2021-11-09 01:00:00,2021,11,9,1,0.0,0.0,0.0,,,0.0,0.0,0.0,10.4,10.4,1.5,0.15
2021-11-09 02:00:00,2021,11,9,2,0.0,0.0,0.0,,,0.0,0.0,0.0,11.0,11.0,2.1,0.15
2021-11-09 03:00:00,2021,11,9,3,0.0,0.0,0.0,,,0.0,0.0,0.0,12.0,12.0,2.6,0.15
2021-11-09 04:00:00,2021,11,9,4,0.0,0.0,0.0,,,0.0,0.0,0.0,12.1,12.1,1.5,0.15
2021-11-09 05:00:00,2021,11,9,5,2.0,2.0,0.0,,,1.94,0.993,0.0,12.0,12.062,1.0,0.15
2021-11-09 06:00:00,2021,11,9,6,67.87944874214489,64.0,58.0,0.9428479633521799,alta_fd,62.391,49.28,43.57,12.0,13.931,1.5,0.15
2021-11-09 07:00:00,2021,11,9,7,249.3787755548644,156.0,339.0,0.6255544388366737,mixto,258.587,209.976,198.572,14.0,26.16,0.0,0.15
2021-11-09 08:00:00,2021,11,9,8,469.2779381647301,185.0,597.0,0.39422266625937075,mixto,512.575,424.116,405.125,16.0,34.173,1.0,0.15
2021-11-09 09:00:00,2021,11,9,9,678.6564124468572,155.0,799.0,0.22839244889937207,baja_fd,753.013,608.361,582.841,18.0,38.829,2.1,0.15
2021-11-09 10:00:00,2021,11,9,10,859.7598021755888,175.0,855.0,0.20354522223203422,baja_fd,941.903,677.999,650.011,19.6,64.143,0.0,0.15
2021-11-09 11:00:00,2021,11,9,11,978.3546431515286,146.0,922.0,0.14923013962472437,baja_fd,1049.855,772.862,741.513,21.0,58.048,1.0,0.15
2021-11-09 12:00:00,2021,11,9,12,1035.5480443285924,153.0,925.0,0.1477478527799249,baja_fd,1085.841,826.78,793.521,22.4,49.645,2.6,0.15
2021-11-09 13:00:00,2021,11,9,13,1017.6856673395775,150.0,912.0,0.14739325197742867,baja_fd,1038.299,810.008,777.342,23.8,44.31,4.1,0.15
2021-11-09 14:00:00,2021,11,9,14,911.5373865061838,184.0,813.0,0.20185677814625957,baja_fd,903.482,680.511,652.434,22.0,53.907,1.0,0.15
2021-11-09 15:00:00,2021,11,9,15,724.6607291499968,213.0,649.0,0.2939306511749878,baja_fd,689.425,558.635,534.876,24.0,37.647,4.1,0.15
2021-11-09 16:00:00,2021,11,9,16,468.2222154192413,233.0,368.0,0.49762696499006187,mixto,422.387,357.37,340.743,20.4,26.851,6.2,0.15
2021-11-09 17:00:00,2021,11,9,17,236.9215896139872,150.0,190.0,0.6331208575984686,mixto,198.78,164.431,154.641,18.0,20.717,7.2,0.15
2021-11-09 18:00:00,2021,11,9,18,48.0,48.0,0.0,1.0,alta_fd,44.581,35.495,30.273,17.0,17.642,6.7,0.15
2021-11-09 19:00:00,2021,11,9,19,1.0,1.0,0.0,,,0.97,0.0,0.0,16.0,16.013,6.2,0.15
2021-11-09 20:00:00,2021,11,9,20,0.0,0.0,0.0,,,0.0,0.0,0.0,15.0,15.0,4.1,0.15
2021-11-09 21:00:00,2021,11,9,21,0.0,0.0,0.0,,,0.0,0.0,0.0,14.0,14.0,4.6,0.15
2021-11-09 22:00:00,2021,11,9,22,0.0,0.0,0.0,,,0.0,0.0,0.0,13.4,13.4,4.1,0.15
2021-11-09 23:00:00,2021,11,9,23,0.0,0.0,0.0,,,0.0,0.0,0.0,13.2,13.2,3.4,0.15
2021-11-10 00:00:00,2021,11,10,0,0.0,0.0,0.0,,,0.0,0.0,0.0,13.0,13.0,2.6,0.15
2021-11-10 01:00:00,2021,11,10,1,0.0,0.0,0.0,,,0.0,0.0,0.0,12.0,12.0,2.6,0.15
2021-11-10 02:00:00,2021,11,10,2,0.0,0.0,0.0,,,0.0,0.0,0.0,12.0,12.0,1.5,0.15
2021-11-10 03:00:00,2021,11,10,3,0.0,0.0,0.0,,,0.0,0.0,0.0,12.0,12.0,2.1,0.15
2021-11-10 04:00:00,2021,11,10,4,0.0,0.0,0.0,,,0.0,0.0,0.0,11.4,11.4,2.6,0.15
2021-11-10 05:00:00,2021,11,10,5,2.0,2.0,0.0,,,1.94,0.998,0.0,11.0,11.048,2.1,0.15
2021-11-10 06:00:00,2021,11,10,6,54.0,54.0,0.0,1.0,alta_fd,50.315,41.392,35.961,12.0,13.159,3.1,0.15
2021-11-10 07:00:00,2021,11,10,7,201.24207101518462,161.0,145.0,0.8000315201877038,alta_fd,199.565,168.47,158.537,13.0,18.004,2.6,0.15
2021-11-10 08:00:00,2021,11,10,8,418.0258481707657,245.0,362.0,0.5860881595530337,mixto,439.005,373.644,356.44,14.0,25.055,2.6,0.15
2021-11-10 09:00:00,2021,11,10,9,639.4641786312219,265.0,570.0,0.4144094522499049,mixto,691.953,562.49,538.596,17.0,36.116,2.1,0.15
2021-11-10 10:00:00,2021,11,10,10,838.8605833742221,258.0,724.0,0.30756004646472257,mixto,911.682,723.77,694.16,17.6,40.482,2.6,0.15
2021-11-10 11:00:00,2021,11,10,11,974.8784522322046,163.0,898.0,0.16720033110463633,baja_fd,1042.612,817.123,784.206,19.0,43.0,3.1,0.15
2021-11-10 12:00:00,2021,11,10,12,1041.2008158023846,145.0,938.0,0.1392622804355547,baja_fd,1090.529,834.8,801.256,21.0,48.363,2.6,0.15
2021-11-10 13:00:00,2021,11,10,13,1033.0975535646899,126.0,952.0,0.12196331272418429,baja_fd,1052.882,800.385,768.061,21.6,50.653,2.1,0.15
2021-11-10 14:00:00,2021,11,10,14,942.2765169686047,148.0,886.0,0.15706642088049738,baja_fd,930.928,717.192,687.815,23.0,48.71,2.1,0.15
2021-11-10 15:00:00,2021,11,10,15,785.5433684782189,151.0,803.0,0.19222363278621052,baja_fd,737.894,592.834,567.864,23.4,40.436,3.1,0.15
2021-11-10 16:00:00,2021,11,10,16,565.4396933276205,155.0,640.0,0.27412295569103545,baja_fd,495.036,411.075,392.545,23.9,33.73,4.1,0.15
2021-11-10 17:00:00,2021,11,10,17,303.17130002077477,133.0,370.0,0.4386958791643081,mixto,239.037,190.455,179.743,23.0,27.1,5.1,0.15
2021-11-10 18:00:00,2021,11,10,18,69.79719877739964,53.0,65.0,0.7593427949598662,alta_fd,51.373,38.366,33.043,21.0,21.814,5.7,0.15
2021-11-10 19:00:00,2021,11,10,19,1.0,1.0,0.0,,,0.97,0.0,0.0,18.4,18.416,4.6,0.15
2021-11-10 20:00:00,2021,11,10,20,0.0,0.0,0.0,,,0.0,0.0,0.0,18.0,18.0,4.1,0.15
2021-11-10 21:00:00,2021,11,10,21,0.0,0.0,0.0,,,0.0,0.0,0.0,16.0,16.0,1.0,0.15
2021-11-10 22:00:00,2021,11,10,22,0.0,0.0,0.0,,,0.0,0.0,0.0,13.2,13.2,1.0,0.15
2021-11-10 23:00:00,2021,11,10,23,0.0,0.0,0.0,,,0.0,0.0,0.0,13.0,13.0,1.5,0.15
2021-11-11 00:00:00,2021,11,11,0,0.0,0.0,0.0,,,0.0,0.0,0.0,12.0,12.0,1.0,0.15
2021-11-11 01:00:00,2021,11,11,1,0.0,0.0,0.0,,,0.0,0.0,0.0,11.0,11.0,1.5,0.15
2021-11-11 02:00:00,2021,11,11,2,0.0,0.0,0.0,,,0.0,0.0,0.0,10.0,10.0,1.0,0.15
2021-11-11 03:00:00,2021,11,11,3,0.0,0.0,0.0,,,0.0,0.0,0.0,9.0,9.0,0.0,0.15
2021-11-11 04:00:00,2021,11,11,4,0.0,0.0,0.0,,,0.0,0.0,0.0,9.2,9.2,0.0,0.15
2021-11-11 05:00:00,2021,11,11,5,3.0,3.0,0.0,,,2.91,1.541,0.0,9.6,9.724,0.0,0.15
2021-11-11 06:00:00,2021,11,11,6,59.0,59.0,0.0,1.0,alta_fd,54.684,45.281,39.713,10.0,12.587,0.0,0.15
2021-11-11 07:00:00,2021,11,11,7,160.82639076505427,153.0,28.0,0.9513364023912744,alta_fd,153.418,129.585,121.03,12.8,19.017,0.5,0.15
2021-11-11 08:00:00,2021,11,11,8,441.79679164876717,260.0,379.0,0.5885058581563956,mixto,462.547,382.854,365.325,16.0,32.376,1.0,0.15
2021-11-11 09:00:00,2021,11,11,9,686.4394066617531,215.0,716.0,0.31321045661637326,mixto,751.906,599.395,574.192,18.0,41.594,1.5,0.15
2021-11-11 10:00:00,2021,11,11,10,866.3303813622005,172.0,864.0,0.198538575698512,baja_fd,945.841,716.481,687.129,19.0,52.402,1.0,0.15
2021-11-11 11:00:00,2021,11,11,11,987.0359225400595,136.0,940.0,0.13778627190185203,baja_fd,1056.434,791.062,759.068,21.0,54.085,1.5,0.15
2021-11-11 12:00:00,2021,11,11,12,1047.7951552844945,137.0,952.0,0.13075074770965336,baja_fd,1096.167,836.118,802.527,24.0,49.23,3.1,0.15
2021-11-11 13:00:00,2021,11,11,13,1033.643804850567,130.0,947.0,0.1257686636246942,baja_fd,1051.735,809.714,777.059,25.2,47.566,3.6,0.15
2021-11-11 14:00:00,2021,11,11,14,944.5622233727878,148.0,887.0,0.15668634245347038,baja_fd,931.701,743.588,713.276,25.0,40.011,5.7,0.15
2021-11-11 15:00:00,2021,11,11,15,786.2480910933909,155.0,797.0,0.19713879341118684,baja_fd,737.685,602.464,577.153,25.0,36.255,6.2,0.15
2021-11-11 16:00:00,2021,11,11,16,566.5038152227114,156.0,638.0,0.27537325576293115,baja_fd,495.292,415.681,396.989,23.8,30.982,6.7,0.15
2021-11-11 17:00:00,2021,11,11,17,306.4594473956793,134.0,373.0,0.4372519794665962,mixto,241.192,193.566,182.743,22.0,25.45,6.7,0.15
2021-11-11 18:00:00,2021,11,11,18,71.76048590730491,54.0,68.0,0.7525032657910561,alta_fd,52.546,39.602,34.235,19.0,19.787,6.2,0.15
2021-11-11 19:00:00,2021,11,11,19,2.0,2.0,0.0,,,1.94,0.963,0.0,17.2,17.23,5.1,0.15
2021-11-11 20:00:00,2021,11,11,20,0.0,0.0,0.0,,,0.0,0.0,0.0,17.0,17.0,3.1,0.15
2021-11-11 21:00:00,2021,11,11,21,0.0,0.0,0.0,,,0.0,0.0,0.0,14.0,14.0,2.1,0.15
2021-11-11 22:00:00,2021,11,11,22,0.0,0.0,0.0,,,0.0,0.0,0.0,13.3,13.3,1.5,0.15
2021-11-11 23:00:00,2021,11,11,23,0.0,0.0,0.0,,,0.0,0.0,0.0,13.0,13.0,1.0,0.15
2021-11-12 00:00:00,2021,11,12,0,0.0,0.0,0.0,,,0.0,0.0,0.0,12.0,12.0,1.5,0.15
2021-11-12 01:00:00,2021,11,12,1,0.0,0.0,0.0,,,0.0,0.0,0.0,10.8,10.8,1.0,0.15
2021-11-12 02:00:00,2021,11,12,2,0.0,0.0,0.0,,,0.0,0.0,0.0,9.0,9.0,1.0,0.15
2021-11-12 03:00:00,2021,11,12,3,0.0,0.0,0.0,,,0.0,0.0,0.0,8.0,8.0,0.0,0.15
2021-11-12 04:00:00,2021,11,12,4,0.0,0.0,0.0,,,0.0,0.0,0.0,7.0,7.0,0.0,0.15
2021-11-12 05:00:00,2021,11,12,5,3.0,3.0,0.0,,,2.91,1.562,0.0,7.0,7.124,0.0,0.15
2021-11-12 06:00:00,2021,11,12,6,69.76301818048744,66.0,51.0,0.9460599859548516,alta_fd,64.339,51.728,45.932,9.0,12.012,0.0,0.15
2021-11-12 07:00:00,2021,11,12,7,205.73785442961412,170.0,127.0,0.8262942202411246,alta_fd,201.884,168.631,158.692,13.2,21.357,0.5,0.15
2021-11-12 08:00:00,2021,11,12,8,444.40746617566225,262.0,379.0,0.5895490511323643,mixto,464.211,383.951,366.383,16.1,32.534,1.0,0.15
2021-11-12 09:00:00,2021,11,12,9,677.0659978149621,233.0,673.0,0.3441318878099642,mixto,737.206,585.927,561.202,19.0,42.127,1.5,0.15
2021-11-12 10:00:00,2021,11,12,10,868.1703436692019,213.0,814.0,0.2453435567722631,baja_fd,945.312,739.824,709.645,20.5,44.235,2.6,0.15
2021-11-12 11:00:00,2021,11,12,11,988.254758207439,137.0,939.0,0.13862822198650432,baja_fd,1055.887,822.897,789.775,22.0,44.451,3.6,0.15
2021-11-12 12:00:00,2021,11,12,12,1044.510804325805,145.0,939.0,0.13882096709721675,baja_fd,1090.534,852.824,818.642,23.0,43.106,4.6,0.15
2021-11-12 13:00:00,2021,11,12,13,1030.5389151729694,139.0,933.0,0.1348808841213626,baja_fd,1046.818,843.107,809.269,22.6,36.283,7.7,0.15
2021-11-12 14:00:00,2021,11,12,14,944.5290695997063,152.0,881.0,0.16092675693339747,baja_fd,930.438,756.74,725.962,23.0,35.173,7.7,0.15
2021-11-12 15:00:00,2021,11,12,15,787.2981486716332,157.0,794.0,0.19941619355373547,baja_fd,738.766,615.107,589.348,22.0,31.247,8.2,0.15
2021-11-12 16:00:00,2021,11,12,16,568.5528278050247,158.0,636.0,0.27789853866347025,baja_fd,496.539,421.338,402.445,20.9,28.1,6.7,0.15
2021-11-12 17:00:00,2021,11,12,17,305.71788188454684,137.0,363.0,0.448125569742556,mixto,241.305,196.138,185.224,19.0,22.642,6.2,0.15
2021-11-12 18:00:00,2021,11,12,18,69.51697894464695,55.0,55.0,0.791173621681602,alta_fd,52.732,40.549,35.148,17.0,17.838,5.7,0.15
2021-11-12 19:00:00,2021,11,12,19,2.0,2.0,0.0,,,1.94,0.976,0.0,15.0,15.03,5.1,0.15
2021-11-12 20:00:00,2021,11,12,20,0.0,0.0,0.0,,,0.0,0.0,0.0,14.0,14.0,4.1,0.15
2021-11-12 21:00:00,2021,11,12,21,0.0,0.0,0.0,,,0.0,0.0,0.0,12.0,12.0,3.6,0.15
2021-11-12 22:00:00,2021,11,12,22,0.0,0.0,0.0,,,0.0,0.0,0.0,11.6,11.6,3.6,0.15
2021-11-12 23:00:00,2021,11,12,23,0.0,0.0,0.0,,,0.0,0.0,0.0,11.0,11.0,2.6,0.15
2021-11-13 00:00:00,2021,11,13,0,0.0,0.0,0.0,,,0.0,0.0,0.0,10.0,10.0,2.6,0.15
2021-11-13 01:00:00,2021,11,13,1,0.0,0.0,0.0,,,0.0,0.0,0.0,9.1,9.1,2.1,0.15
2021-11-13 02:00:00,2021,11,13,2,0.0,0.0,0.0,,,0.0,0.0,0.0,10.0,10.0,2.6,0.15
2021-11-13 03:00:00,2021,11,13,3,0.0,0.0,0.0,,,0.0,0.0,0.0,10.0,10.0,1.5,0.15
2021-11-13 04:00:00,2021,11,13,4,0.0,0.0,0.0,,,0.0,0.0,0.0,9.9,9.9,1.5,0.15
2021-11-13 05:00:00,2021,11,13,5,2.0,2.0,0.0,,,1.94,1.004,0.0,10.0,10.055,1.5,0.15
2021-11-13 06:00:00,2021,11,13,6,40.0,40.0,0.0,1.0,alta_fd,37.896,30.943,25.883,11.0,12.534,0.5,0.15
2021-11-13 07:00:00,2021,11,13,7,88.0,88.0,0.0,1.0,alta_fd,83.338,70.545,64.082,11.3,13.92,1.5,0.15
2021-11-13 08:00:00,2021,11,13,8,274.0040946307101,232.0,87.0,0.8467026754205216,alta_fd,270.303,229.852,217.744,12.0,20.475,1.5,0.15
2021-11-13 09:00:00,2021,11,13,9,507.8563806575819,371.0,207.0,0.7305214901890615,alta_fd,518.521,426.786,407.699,14.0,30.222,1.5,0.15
2021-11-13 10:00:00,2021,11,13,10,724.5924545080436,353.0,461.0,0.4871704056588149,mixto,770.634,624.8,598.697,15.0,34.317,2.6,0.15
2021-11-13 11:00:00,2021,11,13,11,901.1363702441167,401.0,551.0,0.4449936915667599,mixto,952.545,744.744,714.391,16.0,42.222,2.1,0.15
2021-11-13 12:00:00,2021,11,13,12,999.2001004178247,300.0,729.0,0.30024016198012016,mixto,1047.959,791.501,759.491,18.0,50.767,1.5,0.15
2021-11-13 13:00:00,2021,11,13,13,1014.3446967556151,179.0,873.0,0.17646861128424302,baja_fd,1035.23,783.419,751.696,19.0,51.41,1.5,0.15
2021-11-13 14:00:00,2021,11,13,14,939.7390895317914,163.0,862.0,0.17345239951784056,baja_fd,924.865,700.356,671.576,20.0,52.665,1.0,0.15
2021-11-13 15:00:00,2021,11,13,15,786.3451847573776,161.0,786.0,0.20474468861874653,baja_fd,737.199,573.563,549.276,22.0,48.084,1.0,0.15
2021-11-13 16:00:00,2021,11,13,16,573.4152424746629,157.0,643.0,0.27379809319759624,baja_fd,499.651,414.522,395.871,22.3,33.862,3.1,0.15
2021-11-13 17:00:00,2021,11,13,17,310.73703764309,136.0,374.0,0.4376691012810918,mixto,244.055,193.585,182.762,22.0,28.679,2.1,0.15
2021-11-13 18:00:00,2021,11,13,18,76.80275419852634,56.0,78.0,0.7291405182585822,alta_fd,55.189,41.29,35.864,19.6,20.849,3.1,0.15
2021-11-13 19:00:00,2021,11,13,19,2.0,2.0,0.0,,,1.94,0.963,0.0,17.2,17.235,4.1,0.15
2021-11-13 20:00:00,2021,11,13,20,0.0,0.0,0.0,,,0.0,0.0,0.0,15.0,15.0,1.5,0.15
2021-11-13 21:00:00,2021,11,13,21,0.0,0.0,0.0,,,0.0,0.0,0.0,14.0,14.0,2.6,0.15
2021-11-13 22:00:00,2021,11,13,22,0.0,0.0,0.0,,,0.0,0.0,0.0,13.0,13.0,1.0,0.15
2021-11-13 23:00:00,2021,11,13,23,0.0,0.0,0.0,,,0.0,0.0,0.0,12.0,12.0,2.1,0.15
2021-11-14 00:00:00,2021,11,14,0,0.0,0.0,0.0,,,0.0,0.0,0.0,11.0,11.0,0.5,0.15
2021-11-14 01:00:00,2021,11,14,1,0.0,0.0,0.0,,,0.0,0.0,0.0,10.3,10.3,0.5,0.15
2021-11-14 02:00:00,2021,11,14,2,0.0,0.0,0.0,,,0.0,0.0,0.0,8.0,8.0,0.5,0.15
2021-11-14 03:00:00,2021,11,14,3,0.0,0.0,0.0,,,0.0,0.0,0.0,8.0,8.0,0.0,0.15
2021-11-14 04:00:00,2021,11,14,4,0.0,0.0,0.0,,,0.0,0.0,0.0,8.0,8.0,1.0,0.15
2021-11-14 05:00:00,2021,11,14,5,4.0,4.0,0.0,,,3.879,2.113,0.0,7.0,7.123,1.0,0.15
2021-11-14 06:00:00,2021,11,14,6,74.68632687005807,69.0,73.0,0.9238638836804581,alta_fd,68.016,53.978,48.102,9.9,12.464,0.7,0.15
2021-11-14 07:00:00,2021,11,14,7,259.1395272949528,160.0,348.0,0.6174279997736041,mixto,264.858,217.469,205.8,12.8,23.452,0.5,0.15
2021-11-14 08:00:00,2021,11,14,8,477.6142910833632,174.0,627.0,0.3643107068788063,mixto,518.968,429.099,409.931,16.0,34.4,1.0,0.15
2021-11-14 09:00:00,2021,11,14,9,693.4005420051351,190.0,760.0,0.27401190003481846,baja_fd,758.268,596.977,571.86,18.0,44.817,1.0,0.15
2021-11-14 10:00:00,2021,11,14,10,870.160191423732,176.0,860.0,0.2022616085344397,baja_fd,944.489,709.967,680.846,20.8,54.151,1.0,0.15
2021-11-14 11:00:00,2021,11,14,11,996.1392601885558,131.0,952.0,0.1315077170788384,baja_fd,1061.374,797.365,765.147,24.0,53.283,2.1,0.15
2021-11-14 12:00:00,2021,11,14,12,1053.156544038754,139.0,952.0,0.13198417726860281,baja_fd,1096.605,815.337,782.483,25.0,55.244,2.1,0.15
2021-11-14 13:00:00,2021,11,14,13,1042.1432138105565,130.0,952.0,0.12474293194757753,baja_fd,1055.66,771.167,739.878,26.8,59.862,1.5,0.15
2021-11-14 14:00:00,2021,11,14,14,951.4845340977869,150.0,888.0,0.15764838483920546,baja_fd,934.39,717.085,687.712,28.0,49.532,3.1,0.15
2021-11-14 15:00:00,2021,11,14,15,792.7025172787113,158.0,796.0,0.19931815095327593,baja_fd,741.609,599.467,574.262,28.0,38.726,6.7,0.15
2021-11-14 16:00:00,2021,11,14,16,573.2042838804387,160.0,636.0,0.27913259635263554,baja_fd,499.26,416.069,397.363,25.4,32.639,6.7,0.15
2021-11-14 17:00:00,2021,11,14,17,314.11075089269946,138.0,375.0,0.43933548790611415,mixto,246.595,197.635,186.668,23.0,26.355,7.2,0.15
2021-11-14 18:00:00,2021,11,14,18,79.09518957574511,57.0,82.0,0.7206506527860868,alta_fd,56.473,42.435,36.968,19.0,19.725,7.7,0.15
2021-11-14 19:00:00,2021,11,14,19,2.0,2.0,0.0,,,1.94,0.956,0.0,18.5,18.535,4.1,0.15
2021-11-14 20:00:00,2021,11,14,20,0.0,0.0,0.0,,,0.0,0.0,0.0,16.0,16.0,4.1,0.15
2021-11-14 21:00:00,2021,11,14,21,0.0,0.0,0.0,,,0.0,0.0,0.0,14.0,14.0,3.1,0.15
2021-11-14 22:00:00,2021,11,14,22,0.0,0.0,0.0,,,0.0,0.0,0.0,14.0,14.0,4.6,0.15
2021-11-14 23:00:00,2021,11,14,23,0.0,0.0,0.0,,,0.0,0.0,0.0,12.0,12.0,3.1,0.15
2021-11-15 00:00:00,2021,11,15,0,0.0,0.0,0.0,,,0.0,0.0,0.0,11.0,11.0,3.6,0.15
2021-11-15 01:00:00,2021,11,15,1,0.0,0.0,0.0,,,0.0,0.0,0.0,11.1,11.1,1.5,0.15
2021-11-15 02:00:00,2021,11,15,2,0.0,0.0,0.0,,,0.0,0.0,0.0,11.0,11.0,2.6,0.15
2021-11-15 03:00:00,2021,11,15,3,0.0,0.0,0.0,,,0.0,0.0,0.0,12.0,12.0,1.5,0.15
2021-11-15 04:00:00,2021,11,15,4,0.0,0.0,0.0,,,0.0,0.0,0.0,11.8,11.8,1.5,0.15
2021-11-15 05:00:00,2021,11,15,5,3.0,3.0,0.0,,,2.91,1.538,0.0,10.0,10.066,2.6,0.15
2021-11-15 06:00:00,2021,11,15,6,75.58608058495808,70.0,70.0,0.9260964381043759,alta_fd,68.611,54.546,48.65,11.0,12.87,2.1,0.15
2021-11-15 07:00:00,2021,11,15,7,261.2678903373467,161.0,350.0,0.6162257435925947,mixto,266.287,221.021,209.226,12.4,20.697,1.5,0.15
2021-11-15 08:00:00,2021,11,15,8,479.4517940703634,175.0,627.0,0.36500019848568416,mixto,519.558,435.935,416.525,14.3,30.646,1.5,0.15
2021-11-15 09:00:00,2021,11,15,9,694.6059516565977,191.0,759.0,0.27497604871434705,baja_fd,757.944,608.229,582.714,16.3,40.087,1.5,0.15
2021-11-15 10:00:00,2021,11,15,10,872.2394451130112,178.0,859.0,0.2040724035094945,baja_fd,944.923,729.39,699.582,18.2,47.809,1.5,0.15
2021-11-15 11:00:00,2021,11,15,11,992.9045623311881,145.0,932.0,0.14603619068842041,baja_fd,1055.12,789.914,757.961,21.0,54.04,1.5,0.15
2021-11-15 12:00:00,2021,11,15,12,1053.4133328971434,144.0,946.0,0.13669847865316542,baja_fd,1094.981,830.603,797.208,23.0,50.473,2.6,0.15
2021-11-15 13:00:00,2021,11,15,13,1042.4351924842572,132.0,949.0,0.12662657683824644,baja_fd,1054.447,809.985,777.321,25.6,48.021,3.6,0.15
2021-11-15 14:00:00,2021,11,15,14,953.8738531283659,152.0,887.0,0.15935021124805365,baja_fd,935.498,732.886,702.953,26.0,44.495,4.1,0.15
2021-11-15 15:00:00,2021,11,15,15,793.8934073809817,161.0,792.0,0.20279800600830242,baja_fd,741.963,604.392,579.012,26.0,36.731,6.7,0.15
2021-11-15 16:00:00,2021,11,15,16,573.9127366820453,162.0,632.0,0.2822728781671036,baja_fd,499.503,420.058,401.21,24.0,30.267,8.2,0.15
2021-11-15 17:00:00,2021,11,15,17,317.4307979309692,139.0,378.0,0.4378907179328829,mixto,248.837,200.19,189.133,22.0,25.562,6.7,0.15
2021-11-15 18:00:00,2021,11,15,18,82.6813083737343,59.0,87.0,0.7135832893851831,alta_fd,58.664,43.644,38.134,21.0,22.062,4.6,0.15
2021-11-15 19:00:00,2021,11,15,19,2.0,2.0,0.0,,,1.94,0.953,0.0,19.0,19.038,3.4,0.15
2021-11-15 20:00:00,2021,11,15,20,0.0,0.0,0.0,,,0.0,0.0,0.0,17.0,17.0,2.1,0.15
2021-11-15 21:00:00,2021,11,15,21,0.0,0.0,0.0,,,0.0,0.0,0.0,17.0,17.0,1.0,0.15
2021-11-15 22:00:00,2021,11,15,22,0.0,0.0,0.0,,,0.0,0.0,0.0,17.0,17.0,1.5,0.15
2021-11-15 23:00:00,2021,11,15,23,0.0,0.0,0.0,,,0.0,0.0,0.0,16.0,16.0,2.6,0.15
2021-11-16 00:00:00,2021,11,16,0,0.0,0.0,0.0,,,0.0,0.0,0.0,15.0,15.0,2.0,0.15
2021-11-16 01:00:00,2021,11,16,1,0.0,0.0,0.0,,,0.0,0.0,0.0,14.0,14.0,1.5,0.15
2021-11-16 02:00:00,2021,11,16,2,0.0,0.0,0.0,,,0.0,0.0,0.0,13.0,13.0,0.5,0.15
2021-11-16 03:00:00,2021,11,16,3,0.0,0.0,0.0,,,0.0,0.0,0.0,10.0,10.0,0.0,0.15
2021-11-16 04:00:00,2021,11,16,4,0.0,0.0,0.0,,,0.0,0.0,0.0,10.4,10.4,0.0,0.15
2021-11-16 05:00:00,2021,11,16,5,4.0,4.0,0.0,,,3.879,2.091,0.0,9.0,9.123,1.0,0.15
2021-11-16 06:00:00,2021,11,16,6,77.20214945232577,71.0,76.0,0.9196635133046943,alta_fd,69.956,55.049,49.135,12.0,14.79,0.5,0.15
2021-11-16 07:00:00,2021,11,16,7,262.50436092423615,162.0,349.0,0.6171326046913039,mixto,266.716,217.884,206.2,15.4,24.765,1.0,0.15
2021-11-16 08:00:00,2021,11,16,8,478.04705490047456,166.0,641.0,0.34724615139520065,mixto,518.106,426.813,407.726,17.0,35.37,1.0,0.15
2021-11-16 09:00:00,2021,11,16,9,695.7457114112498,192.0,758.0,0.2759628939868669,baja_fd,757.579,581.927,557.343,20.0,50.684,0.5,0.15
2021-11-16 10:00:00,2021,11,16,10,873.062975549683,178.0,859.0,0.20387990899273983,baja_fd,944.224,697.435,668.758,20.0,58.185,0.5,0.15
2021-11-16 11:00:00,2021,11,16,11,993.0556230763855,147.0,929.0,0.14802796196310627,baja_fd,1053.507,810.889,778.193,25.0,47.398,3.6,0.15
2021-11-16 12:00:00,2021,11,16,12,1058.9333183199878,137.0,958.0,0.12937547400751576,baja_fd,1099.566,840.229,806.493,27.0,48.712,4.1,0.15
2021-11-16 13:00:00,2021,11,16,13,1044.5662853998174,133.0,949.0,0.1273255722101858,baja_fd,1055.144,806.686,774.138,28.3,49.142,4.1,0.15
2021-11-16 14:00:00,2021,11,16,14,957.7642385194702,151.0,891.0,0.1576588412127588,baja_fd,937.953,725.619,695.944,29.0,47.543,4.1,0.15
2021-11-16 15:00:00,2021,11,16,15,799.2683672974237,157.0,802.0,0.1964296429381612,baja_fd,744.436,587.184,562.414,30.0,44.743,4.1,0.15
2021-11-16 16:00:00,2021,11,16,16,579.520020322906,148.0,660.0,0.2553837569192779,baja_fd,501.24,406.107,387.754,29.8,39.752,4.1,0.15
2021-11-16 17:00:00,2021,11,16,17,320.71141525955636,139.0,383.0,0.43341145149917815,mixto,250.78,196.126,185.213,28.0,32.589,4.6,0.15
2021-11-16 18:00:00,2021,11,16,18,85.01930585982038,60.0,91.0,0.7057220638677979,alta_fd,59.98,43.572,38.065,26.1,27.263,4.1,0.15
2021-11-16 19:00:00,2021,11,16,19,3.0,3.0,0.0,,,2.91,1.418,0.0,24.3,24.356,3.6,0.15
2021-11-16 20:00:00,2021,11,16,20,0.0,0.0,0.0,,,0.0,0.0,0.0,21.0,21.0,0.5,0.15
2021-11-16 21:00:00,2021,11,16,21,0.0,0.0,0.0,,,0.0,0.0,0.0,20.0,20.0,2.6,0.15
2021-11-16 22:00:00,2021,11,16,22,0.0,0.0,0.0,,,0.0,0.0,0.0,19.0,19.0,2.6,0.15
2021-11-16 23:00:00,2021,11,16,23,0.0,0.0,0.0,,,0.0,0.0,0.0,17.0,17.0,1.5,0.15
2021-11-17 00:00:00,2021,11,17,0,0.0,0.0,0.0,,,0.0,0.0,0.0,15.0,15.0,0.5,0.15
2021-11-17 01:00:00,2021,11,17,1,0.0,0.0,0.0,,,0.0,0.0,0.0,14.0,14.0,0.5,0.15
2021-11-17 02:00:00,2021,11,17,2,0.0,0.0,0.0,,,0.0,0.0,0.0,13.0,13.0,0.5,0.15
2021-11-17 03:00:00,2021,11,17,3,0.0,0.0,0.0,,,0.0,0.0,0.0,12.0,12.0,0.5,0.15
2021-11-17 04:00:00,2021,11,17,4,0.0,0.0,0.0,,,0.0,0.0,0.0,11.4,11.4,1.0,0.15
2021-11-17 05:00:00,2021,11,17,5,4.0,4.0,0.0,,,3.879,2.079,0.0,10.0,10.165,0.0,0.15
2021-11-17 06:00:00,2021,11,17,6,78.49837367965219,72.0,78.0,0.9172164546214459,alta_fd,70.952,55.371,49.445,14.0,16.83,0.5,0.15
2021-11-17 07:00:00,2021,11,17,7,263.70378570371935,163.0,348.0,0.6181177853212025,mixto,267.119,212.505,201.012,18.8,31.36,0.0,0.15
2021-11-17 08:00:00,2021,11,17,8,478.85768407204097,169.0,635.0,0.35292322880335164,mixto,517.276,408.627,390.184,21.0,45.559,0.0,0.15
2021-11-17 09:00:00,2021,11,17,9,684.7867806956543,161.0,787.0,0.23510967871845442,baja_fd,747.38,550.953,527.467,25.0,60.402,0.0,0.15
2021-11-17 10:00:00,2021,11,17,10,850.3329284345376,178.0,830.0,0.20932977431286576,baja_fd,917.989,707.138,678.118,27.2,48.345,3.1,0.15
2021-11-17 11:00:00,2021,11,17,11,985.9733785373351,171.0,894.0,0.17343267447410587,baja_fd,1049.629,799.584,767.288,29.0,49.726,4.1,0.15
2021-11-17 12:00:00,2021,11,17,12,1041.9977556934177,175.0,900.0,0.16794661892869706,baja_fd,1086.398,829.325,795.975,29.5,48.757,4.9,0.15
2021-11-17 13:00:00,2021,11,17,13,1033.155980994807,158.0,910.0,0.1529294732900493,baja_fd,1041.637,803.894,771.445,30.0,46.762,5.7,0.15
2021-11-17 14:00:00,2021,11,17,14,947.6674070672536,146.0,884.0,0.15406248955192645,baja_fd,922.091,726.048,696.358,30.0,43.314,6.7,0.15
2021-11-17 15:00:00,2021,11,17,15,794.6385110454761,151.0,802.0,0.19002351119546793,baja_fd,738.837,594.882,569.84,29.0,39.686,6.7,0.15
2021-11-17 16:00:00,2021,11,17,16,581.5266477976327,148.0,661.0,0.25450252462291806,baja_fd,502.275,412.748,394.159,28.1,36.226,5.7,0.15
2021-11-17 17:00:00,2021,11,17,17,321.7678438883443,142.0,377.0,0.441311966677674,mixto,252.148,198.0,187.02,27.0,31.944,4.1,0.15
2021-11-17 18:00:00,2021,11,17,18,87.10080617689547,61.0,94.0,0.7003379495261317,alta_fd,61.249,44.926,39.37,24.1,25.14,5.1,0.15
2021-11-17 19:00:00,2021,11,17,19,3.0,3.0,0.0,,,2.91,1.444,0.0,21.2,21.26,3.1,0.15
2021-11-17 20:00:00,2021,11,17,20,0.0,0.0,0.0,,,0.0,0.0,0.0,20.0,20.0,2.6,0.15
2021-11-17 21:00:00,2021,11,17,21,0.0,0.0,0.0,,,0.0,0.0,0.0,18.0,18.0,3.1,0.15
2021-11-17 22:00:00,2021,11,17,22,0.0,0.0,0.0,,,0.0,0.0,0.0,16.4,16.4,2.6,0.15
2021-11-17 23:00:00,2021,11,17,23,0.0,0.0,0.0,,,0.0,0.0,0.0,15.0,15.0,2.6,0.15
2021-11-18 00:00:00,2021,11,18,0,0.0,0.0,0.0,,,0.0,0.0,0.0,14.0,14.0,2.6,0.15
2021-11-18 01:00:00,2021,11,18,1,0.0,0.0,0.0,,,0.0,0.0,0.0,14.0,14.0,2.1,0.15
2021-11-18 02:00:00,2021,11,18,2,0.0,0.0,0.0,,,0.0,0.0,0.0,13.0,13.0,1.5,0.15
2021-11-18 03:00:00,2021,11,18,3,0.0,0.0,0.0,,,0.0,0.0,0.0,12.0,12.0,0.0,0.15
2021-11-18 04:00:00,2021,11,18,4,0.0,0.0,0.0,,,0.0,0.0,0.0,10.9,10.9,1.0,0.15
2021-11-18 05:00:00,2021,11,18,5,4.0,4.0,0.0,,,3.879,2.058,0.0,12.0,12.109,1.5,0.15
2021-11-18 06:00:00,2021,11,18,6,77.89721937809749,70.0,93.0,0.8986200092744522,alta_fd,70.59,54.796,48.891,13.0,15.451,1.0,0.15
2021-11-18 07:00:00,2021,11,18,7,264.28502070808526,164.0,345.0,0.6205421690590077,mixto,266.858,219.28,207.547,15.0,23.316,1.5,0.15
2021-11-18 08:00:00,2021,11,18,8,480.4650847352441,167.0,641.0,0.3475798872919639,mixto,518.129,426.867,407.778,19.0,35.302,1.5,0.15
2021-11-18 09:00:00,2021,11,18,9,694.1530996655069,159.0,803.0,0.22905609738920374,baja_fd,755.378,613.103,587.415,20.6,37.474,3.3,0.15
2021-11-18 10:00:00,2021,11,18,10,875.7123903290069,180.0,858.0,0.20554693754232897,baja_fd,943.837,756.285,725.523,22.2,38.534,5.1,0.15
2021-11-18 11:00:00,2021,11,18,11,994.9102083004343,150.0,926.0,0.15076737453145553,baja_fd,1052.152,834.579,801.043,23.0,39.932,5.7,0.15
2021-11-18 12:00:00,2021,11,18,12,1053.7634361983935,157.0,930.0,0.14898979657749425,baja_fd,1089.992,852.824,818.641,24.0,42.843,5.1,0.15
2021-11-18 13:00:00,2021,11,18,13,1041.5054895441913,148.0,928.0,0.14210198744585717,baja_fd,1049.011,824.831,791.64,25.3,42.182,5.7,0.15
2021-11-18 14:00:00,2021,11,18,14,955.5099275830697,139.0,899.0,0.1454720625997009,baja_fd,928.372,740.954,710.735,25.0,39.957,5.7,0.15
2021-11-18 15:00:00,2021,11,18,15,800.8416197039683,147.0,813.0,0.1835568936269055,baja_fd,743.191,605.996,580.559,24.8,36.522,5.9,0.15
2021-11-18 16:00:00,2021,11,18,16,586.1616313854628,148.0,666.0,0.2524900847743725,baja_fd,505.47,421.847,402.936,24.6,32.33,6.2,0.15
2021-11-18 17:00:00,2021,11,18,17,326.06394555006926,143.0,382.0,0.43856428149012083,mixto,255.075,204.432,193.225,23.0,27.075,5.7,0.15
2021-11-18 18:00:00,2021,11,18,18,89.07629405521662,63.0,93.0,0.7072588803587581,alta_fd,63.063,46.828,41.205,22.0,23.317,3.6,0.15
2021-11-18 19:00:00,2021,11,18,19,3.0,3.0,0.0,,,2.91,1.461,0.0,19.1,19.172,2.1,0.15
2021-11-18 20:00:00,2021,11,18,20,0.0,0.0,0.0,,,0.0,0.0,0.0,16.0,16.0,3.1,0.15
2021-11-18 21:00:00,2021,11,18,21,0.0,0.0,0.0,,,0.0,0.0,0.0,14.0,14.0,3.1,0.15
2021-11-18 22:00:00,2021,11,18,22,0.0,0.0,0.0,,,0.0,0.0,0.0,13.4,13.4,2.6,0.15
2021-11-18 23:00:00,2021,11,18,23,0.0,0.0,0.0,,,0.0,0.0,0.0,12.0,12.0,3.1,0.15
2021-11-19 00:00:00,2021,11,19,0,0.0,0.0,0.0,,,0.0,0.0,0.0,12.0,12.0,1.5,0.15
2021-11-19 01:00:00,2021,11,19,1,0.0,0.0,0.0,,,0.0,0.0,0.0,11.3,11.3,1.5,0.15
2021-11-19 02:00:00,2021,11,19,2,0.0,0.0,0.0,,,0.0,0.0,0.0,10.6,10.6,1.8,0.15
2021-11-19 03:00:00,2021,11,19,3,0.0,0.0,0.0,,,0.0,0.0,0.0,10.0,10.0,2.1,0.15
2021-11-19 04:00:00,2021,11,19,4,0.0,0.0,0.0,,,0.0,0.0,0.0,10.0,10.0,1.5,0.15
2021-11-19 05:00:00,2021,11,19,5,4.0,4.0,0.0,,,3.879,2.091,0.0,9.0,9.123,1.0,0.15
2021-11-19 06:00:00,2021,11,19,6,74.88882299128424,71.0,45.0,0.9480720508621582,alta_fd,68.175,55.391,49.465,10.2,12.32,1.5,0.15
2021-11-19 07:00:00,2021,11,19,7,169.33508428936122,167.0,8.0,0.9862102747392205,alta_fd,159.117,136.636,127.831,11.4,15.805,2.1,0.15
2021-11-19 08:00:00,2021,11,19,8,448.8774265361511,247.0,412.0,0.5502615756511147,mixto,465.336,399.619,381.495,13.0,22.927,3.6,0.15
2021-11-19 09:00:00,2021,11,19,9,695.429435497146,207.0,732.0,0.29765780600302116,baja_fd,751.168,613.81,588.096,18.0,35.327,3.1,0.15
2021-11-19 10:00:00,2021,11,19,10,873.6392938502738,157.0,883.0,0.1797080340881588,baja_fd,942.141,751.752,721.151,19.7,39.746,3.6,0.15
2021-11-19 11:00:00,2021,11,19,11,996.6206861666955,151.0,926.0,0.1515120066198823,baja_fd,1052.414,825.255,792.05,22.0,42.784,4.1,0.15
2021-11-19 12:00:00,2021,11,19,12,1056.4459488193188,155.0,934.0,0.1467183438710022,baja_fd,1091.491,858.253,823.878,25.0,41.599,6.2,0.15
2021-11-19 13:00:00,2021,11,19,13,1044.4392053481588,148.0,930.0,0.14170283846312043,baja_fd,1050.661,823.978,790.817,25.9,42.808,5.7,0.15
2021-11-19 14:00:00,2021,11,19,14,959.4557621251695,139.0,902.0,0.14487379771644565,baja_fd,931.051,735.415,705.393,26.4,42.519,5.1,0.15
2021-11-19 15:00:00,2021,11,19,15,802.5912770799265,149.0,811.0,0.1856486660833242,baja_fd,744.077,596.444,571.346,27.0,40.758,4.6,0.15
2021-11-19 16:00:00,2021,11,19,16,587.5300116330561,150.0,663.0,0.2553061069732775,baja_fd,506.369,418.215,399.433,26.1,34.902,5.1,0.15
2021-11-19 17:00:00,2021,11,19,17,328.9357117894499,144.0,384.0,0.4377755130831574,mixto,257.091,204.725,193.507,24.0,28.835,4.4,0.15
2021-11-19 18:00:00,2021,11,19,18,91.46097593383995,64.0,97.0,0.6997519909069813,mixto,64.427,47.806,42.149,22.0,23.345,3.6,0.15
2021-11-19 19:00:00,2021,11,19,19,4.0,4.0,0.0,,,3.879,1.975,0.0,19.5,19.574,3.6,0.15
2021-11-19 20:00:00,2021,11,19,20,0.0,0.0,0.0,,,0.0,0.0,0.0,17.0,17.0,3.6,0.15
2021-11-19 21:00:00,2021,11,19,21,0.0,0.0,0.0,,,0.0,0.0,0.0,15.0,15.0,3.1,0.15
2021-11-19 22:00:00,2021,11,19,22,0.0,0.0,0.0,,,0.0,0.0,0.0,14.2,14.2,2.6,0.15
2021-11-19 23:00:00,2021,11,19,23,0.0,0.0,0.0,,,0.0,0.0,0.0,13.0,13.0,1.5,0.15
2021-11-20 00:00:00,2021,11,20,0,0.0,0.0,0.0,,,0.0,0.0,0.0,13.0,13.0,1.5,0.15
2021-11-20 01:00:00,2021,11,20,1,0.0,0.0,0.0,,,0.0,0.0,0.0,12.2,12.2,1.5,0.15
2021-11-20 02:00:00,2021,11,20,2,0.0,0.0,0.0,,,0.0,0.0,0.0,12.0,12.0,0.5,0.15
2021-11-20 03:00:00,2021,11,20,3,0.0,0.0,0.0,,,0.0,0.0,0.0,12.0,12.0,0.5,0.15
2021-11-20 04:00:00,2021,11,20,4,0.0,0.0,0.0,,,0.0,0.0,0.0,10.0,10.0,0.0,0.15
2021-11-20 05:00:00,2021,11,20,5,5.0,5.0,0.0,,,4.849,2.628,0.0,10.0,10.154,1.0,0.15
2021-11-20 06:00:00,2021,11,20,6,81.2010681146926,74.0,82.0,0.9113180616722746,alta_fd,72.897,57.396,51.399,12.0,14.907,0.5,0.15
2021-11-20 07:00:00,2021,11,20,7,267.25405494631093,165.0,349.0,0.6173900711558786,mixto,268.562,218.945,207.224,15.8,25.229,1.0,0.15
2021-11-20 08:00:00,2021,11,20,8,483.13922290346665,168.0,642.0,0.3477258563078145,mixto,518.549,427.129,408.031,19.0,35.315,1.5,0.15
2021-11-20 09:00:00,2021,11,20,9,695.0499913782911,162.0,798.0,0.2330767599590245,baja_fd,753.217,605.223,579.814,21.0,39.95,2.6,0.15
2021-11-20 10:00:00,2021,11,20,10,873.1709467199724,160.0,878.0,0.18324017834197626,baja_fd,939.946,742.065,711.808,23.8,42.379,4.1,0.15
2021-11-20 11:00:00,2021,11,20,11,996.5350617922362,153.0,923.0,0.15353197881952535,baja_fd,1050.725,818.605,785.635,25.0,44.375,4.6,0.15
2021-11-20 12:00:00,2021,11,20,12,1055.5001844087233,161.0,926.0,0.15253431726323194,baja_fd,1088.731,849.649,815.579,25.3,43.444,5.4,0.15
2021-11-20 13:00:00,2021,11,20,13,1041.7652647473242,154.0,920.0,0.1478260076537991,baja_fd,1046.562,824.921,791.727,25.6,41.52,6.2,0.15
2021-11-20 14:00:00,2021,11,20,14,958.189059622738,142.0,896.0,0.14819622346336203,baja_fd,928.828,745.701,715.314,25.0,38.411,6.7,0.15
2021-11-20 15:00:00,2021,11,20,15,804.5131419837523,152.0,808.0,0.18893414174093098,baja_fd,745.24,609.213,583.663,25.0,35.778,6.7,0.15
2021-11-20 16:00:00,2021,11,20,16,590.7935295665155,142.0,678.0,0.24035469735795859,baja_fd,507.181,423.67,404.694,23.9,32.105,5.7,0.15
2021-11-20 17:00:00,2021,11,20,17,331.8133757709518,145.0,386.0,0.4369926307614928,mixto,259.131,208.484,197.133,22.0,26.45,5.1,0.15
2021-11-20 18:00:00,2021,11,20,18,94.86630029234017,66.0,101.0,0.6957159686486589,mixto,66.629,49.693,43.968,21.0,22.391,3.6,0.15
2021-11-20 19:00:00,2021,11,20,19,4.0,4.0,0.0,,,3.879,1.988,0.0,18.3,18.38,3.1,0.15
2021-11-20 20:00:00,2021,11,20,20,0.0,0.0,0.0,,,0.0,0.0,0.0,16.0,16.0,4.6,0.15
2021-11-20 21:00:00,2021,11,20,21,0.0,0.0,0.0,,,0.0,0.0,0.0,15.0,15.0,3.6,0.15
2021-11-20 22:00:00,2021,11,20,22,0.0,0.0,0.0,,,0.0,0.0,0.0,13.6,13.6,3.1,0.15
2021-11-20 23:00:00,2021,11,20,23,0.0,0.0,0.0,,,0.0,0.0,0.0,13.0,13.0,2.6,0.15
2021-11-21 00:00:00,2021,11,21,0,0.0,0.0,0.0,,,0.0,0.0,0.0,12.0,12.0,2.1,0.15
2021-11-21 01:00:00,2021,11,21,1,0.0,0.0,0.0,,,0.0,0.0,0.0,11.8,11.8,3.1,0.15
2021-11-21 02:00:00,2021,11,21,2,0.0,0.0,0.0,,,0.0,0.0,0.0,12.0,12.0,2.6,0.15
2021-11-21 03:00:00,2021,11,21,3,0.0,0.0,0.0,,,0.0,0.0,0.0,13.0,13.0,1.5,0.15
2021-11-21 04:00:00,2021,11,21,4,0.0,0.0,0.0,,,0.0,0.0,0.0,12.8,12.8,1.0,0.15
2021-11-21 05:00:00,2021,11,21,5,1.0,1.0,0.0,,,0.97,0.0,0.0,16.0,16.041,0.0,0.15
2021-11-21 06:00:00,2021,11,21,6,27.0,27.0,0.0,1.0,alta_fd,25.544,20.437,15.75,13.0,13.903,1.0,0.15
2021-11-21 07:00:00,2021,11,21,7,91.0,91.0,0.0,1.0,alta_fd,86.131,72.244,65.721,13.6,16.307,1.5,0.15
2021-11-21 08:00:00,2021,11,21,8,162.0,162.0,0.0,1.0,alta_fd,153.823,128.645,120.123,14.0,18.816,1.5,0.15
2021-11-21 09:00:00,2021,11,21,9,226.0058902622782,224.0,3.0,0.9911246106906755,alta_fd,215.994,176.134,165.93,15.0,25.174,0.0,0.15
2021-11-21 10:00:00,2021,11,21,10,277.064344813395,273.0,5.0,0.985330682603233,alta_fd,266.184,216.57,204.933,16.2,25.544,1.0,0.15
2021-11-21 11:00:00,2021,11,21,11,308.487337990455,303.0,6.0,0.9822121127362939,alta_fd,297.422,242.486,229.93,18.0,24.804,3.1,0.15
2021-11-21 12:00:00,2021,11,21,12,318.8006472866206,313.0,6.0,0.9818047819664386,alta_fd,307.697,249.951,237.13,20.0,25.637,4.6,0.15
2021-11-21 13:00:00,2021,11,21,13,307.7958626884498,302.0,6.0,0.9811697836422306,alta_fd,296.414,240.77,228.275,21.0,25.741,5.7,0.15
2021-11-21 14:00:00,2021,11,21,14,449.7179815962677,426.0,26.0,0.9472603218753205,alta_fd,433.61,351.258,334.848,22.0,29.958,4.6,0.15
2021-11-21 15:00:00,2021,11,21,15,487.86136105641,377.0,137.0,0.7727605219311652,alta_fd,469.253,388.797,371.057,20.0,27.54,5.7,0.15
2021-11-21 16:00:00,2021,11,21,16,419.79585319675914,289.0,197.0,0.6884298589403768,mixto,383.866,322.379,306.992,20.3,26.49,5.7,0.15
2021-11-21 17:00:00,2021,11,21,17,306.94839906463466,145.0,333.0,0.4723921038254612,mixto,242.123,197.176,186.226,19.0,23.753,4.1,0.15
2021-11-21 18:00:00,2021,11,21,18,93.65663750740335,70.0,82.0,0.7474109882971899,alta_fd,68.681,52.852,47.016,18.0,19.171,5.1,0.15
2021-11-21 19:00:00,2021,11,21,19,4.0,4.0,0.0,,,3.879,2.016,0.0,15.8,15.88,3.1,0.15
2021-11-21 20:00:00,2021,11,21,20,0.0,0.0,0.0,,,0.0,0.0,0.0,15.0,15.0,2.1,0.15
2021-11-21 21:00:00,2021,11,21,21,0.0,0.0,0.0,,,0.0,0.0,0.0,15.0,15.0,3.1,0.15
2021-11-21 22:00:00,2021,11,21,22,0.0,0.0,0.0,,,0.0,0.0,0.0,15.2,15.2,2.6,0.15
2021-11-21 23:00:00,2021,11,21,23,0.0,0.0,0.0,,,0.0,0.0,0.0,15.0,15.0,2.1,0.15
2021-11-22 00:00:00,2021,11,22,0,0.0,0.0,0.0,,,0.0,0.0,0.0,15.0,15.0,2.6,0.15
2021-11-22 01:00:00,2021,11,22,1,0.0,0.0,0.0,,,0.0,0.0,0.0,14.6,14.6,2.1,0.15
2021-11-22 02:00:00,2021,11,22,2,0.0,0.0,0.0,,,0.0,0.0,0.0,14.0,14.0,3.1,0.15
2021-11-22 03:00:00,2021,11,22,3,0.0,0.0,0.0,,,0.0,0.0,0.0,14.0,14.0,3.6,0.15
2021-11-22 04:00:00,2021,11,22,4,0.0,0.0,0.0,,,0.0,0.0,0.0,13.6,13.6,2.6,0.15
2021-11-22 05:00:00,2021,11,22,5,1.0,1.0,0.0,,,0.97,0.0,0.0,16.0,16.031,1.0,0.15
2021-11-22 06:00:00,2021,11,22,6,27.0,27.0,0.0,1.0,alta_fd,25.544,20.584,15.891,12.0,12.369,6.7,0.15
2021-11-22 07:00:00,2021,11,22,7,91.0,91.0,0.0,1.0,alta_fd,86.128,72.275,65.75,13.8,16.185,2.1,0.15
2021-11-22 08:00:00,2021,11,22,8,163.0,163.0,0.0,1.0,alta_fd,154.753,128.851,120.321,16.4,19.962,3.1,0.15
2021-11-22 09:00:00,2021,11,22,9,226.00759043693228,224.0,3.0,0.9911171548130261,alta_fd,215.962,177.464,167.212,19.0,23.252,4.1,0.15
2021-11-22 10:00:00,2021,11,22,10,277.06700418155333,273.0,5.0,0.9853212251182087,alta_fd,266.141,217.079,205.423,17.6,24.904,2.1,0.15
2021-11-22 11:00:00,2021,11,22,11,852.0539814884298,583.0,294.0,0.6842289487123494,mixto,868.646,690.023,661.609,19.3,36.888,3.9,0.15
2021-11-22 12:00:00,2021,11,22,12,1044.6271569498372,259.0,812.0,0.24793535021264734,baja_fd,1084.878,861.517,827.027,21.0,38.438,5.7,0.15
2021-11-22 13:00:00,2021,11,22,13,1046.5024945264693,154.0,923.0,0.14715683985988326,baja_fd,1048.941,814.81,781.975,22.8,45.098,3.6,0.15
2021-11-22 14:00:00,2021,11,22,14,962.3327179059129,142.0,898.0,0.14755811307028982,baja_fd,930.789,733.234,703.289,23.3,43.108,3.6,0.15
2021-11-22 15:00:00,2021,11,22,15,809.3952760239328,151.0,812.0,0.18655903298790086,baja_fd,748.002,602.047,576.751,23.7,39.644,3.6,0.15
2021-11-22 16:00:00,2021,11,22,16,598.4942229022556,143.0,684.0,0.23893296631428698,baja_fd,512.644,421.494,402.595,24.2,36.061,3.1,0.15
2021-11-22 17:00:00,2021,11,22,17,338.0511947752819,146.0,393.0,0.4318872474243225,mixto,263.292,208.859,197.494,23.0,30.214,2.1,0.15
2021-11-22 18:00:00,2021,11,22,18,100.32027715795338,68.0,111.0,0.6778290683241894,mixto,69.611,51.797,45.999,20.5,22.383,2.1,0.15
2021-11-22 19:00:00,2021,11,22,19,5.0,5.0,0.0,,,4.849,2.519,0.0,18.0,18.12,2.1,0.15
2021-11-22 20:00:00,2021,11,22,20,0.0,0.0,0.0,,,0.0,0.0,0.0,16.0,16.0,4.1,0.15
2021-11-22 21:00:00,2021,11,22,21,0.0,0.0,0.0,,,0.0,0.0,0.0,16.0,16.0,3.1,0.15
2021-11-22 22:00:00,2021,11,22,22,0.0,0.0,0.0,,,0.0,0.0,0.0,14.4,14.4,2.6,0.15
2021-11-22 23:00:00,2021,11,22,23,0.0,0.0,0.0,,,0.0,0.0,0.0,14.0,14.0,2.1,0.15
2021-11-23 00:00:00,2021,11,23,0,0.0,0.0,0.0,,,0.0,0.0,0.0,13.0,13.0,1.5,0.15
2021-11-23 01:00:00,2021,11,23,1,0.0,0.0,0.0,,,0.0,0.0,0.0,12.0,12.0,1.0,0.15
2021-11-23 02:00:00,2021,11,23,2,0.0,0.0,0.0,,,0.0,0.0,0.0,11.5,11.5,2.1,0.15
2021-11-23 03:00:00,2021,11,23,3,0.0,0.0,0.0,,,0.0,0.0,0.0,11.1,11.1,0.0,0.15
2021-11-23 04:00:00,2021,11,23,4,0.0,0.0,0.0,,,0.0,0.0,0.0,10.6,10.6,0.0,0.15
2021-11-23 05:00:00,2021,11,23,5,1.0,1.0,0.0,,,0.97,0.0,0.0,10.0,10.041,0.0,0.15
2021-11-23 06:00:00,2021,11,23,6,28.0,28.0,0.0,1.0,alta_fd,26.493,21.389,16.667,11.1,12.355,0.0,0.15
2021-11-23 07:00:00,2021,11,23,7,91.0,91.0,0.0,1.0,alta_fd,86.125,72.62,66.083,12.3,15.007,1.5,0.15
2021-11-23 08:00:00,2021,11,23,8,428.9155600211466,283.0,296.0,0.6598035286620224,mixto,435.002,362.817,345.998,14.0,29.388,1.0,0.15
2021-11-23 09:00:00,2021,11,23,9,695.1628675352384,215.0,717.0,0.3092800407511718,mixto,744.854,584.387,559.716,19.0,45.332,1.0,0.15
2021-11-23 10:00:00,2021,11,23,10,876.2002658941815,160.0,880.0,0.18260665538227897,baja_fd,939.129,716.037,686.701,21.4,50.829,1.5,0.15
2021-11-23 11:00:00,2021,11,23,11,1002.4196876066961,149.0,932.0,0.14864033681914357,baja_fd,1053.297,819.151,786.162,24.0,44.801,4.1,0.15
2021-11-23 12:00:00,2021,11,23,12,1061.3841660059861,159.0,932.0,0.14980438289212547,baja_fd,1091.102,828.435,795.117,25.0,50.105,3.1,0.15
2021-11-23 13:00:00,2021,11,23,13,1053.7356189572488,141.0,943.0,0.1338096553474487,baja_fd,1055.376,830.742,797.342,25.8,41.855,6.2,0.15
2021-11-23 14:00:00,2021,11,23,14,969.4387521695513,137.0,910.0,0.14131888135625012,baja_fd,936.529,746.236,715.831,26.0,40.262,6.2,0.15
2021-11-23 15:00:00,2021,11,23,15,814.5755677391029,150.0,818.0,0.18414497799919638,baja_fd,751.842,616.7,590.884,25.0,34.851,7.7,0.15
2021-11-23 16:00:00,2021,11,23,16,600.1781911556304,144.0,683.0,0.23992874469952172,baja_fd,513.754,429.455,410.274,24.4,31.848,6.7,0.15
2021-11-23 17:00:00,2021,11,23,17,340.9516385309546,147.0,395.0,0.43114619021446365,mixto,265.399,214.295,202.738,21.7,25.992,5.6,0.15
2021-11-23 18:00:00,2021,11,23,18,102.79138341558581,69.0,115.0,0.6712624901742282,mixto,71.054,53.327,47.474,19.0,20.284,4.6,0.15
2021-11-23 19:00:00,2021,11,23,19,5.0,5.0,0.0,,,4.849,2.518,0.0,18.1,18.201,3.1,0.15
2021-11-23 20:00:00,2021,11,23,20,0.0,0.0,0.0,,,0.0,0.0,0.0,15.0,15.0,5.1,0.15
2021-11-23 21:00:00,2021,11,23,21,0.0,0.0,0.0,,,0.0,0.0,0.0,14.0,14.0,4.1,0.15
2021-11-23 22:00:00,2021,11,23,22,0.0,0.0,0.0,,,0.0,0.0,0.0,13.0,13.0,3.6,0.15
2021-11-23 23:00:00,2021,11,23,23,0.0,0.0,0.0,,,0.0,0.0,0.0,13.0,13.0,3.1,0.15
2021-11-24 00:00:00,2021,11,24,0,0.0,0.0,0.0,,,0.0,0.0,0.0,13.0,13.0,2.6,0.15
2021-11-24 01:00:00,2021,11,24,1,0.0,0.0,0.0,,,0.0,0.0,0.0,13.0,13.0,2.1,0.15
2021-11-24 02:00:00,2021,11,24,2,0.0,0.0,0.0,,,0.0,0.0,0.0,13.0,13.0,1.5,0.15
2021-11-24 03:00:00,2021,11,24,3,0.0,0.0,0.0,,,0.0,0.0,0.0,13.0,13.0,1.0,0.15
2021-11-24 04:00:00,2021,11,24,4,0.0,0.0,0.0,,,0.0,0.0,0.0,12.5,12.5,1.0,0.15
2021-11-24 05:00:00,2021,11,24,5,2.0,2.0,0.0,,,1.94,0.987,0.0,13.0,13.083,0.0,0.15
2021-11-24 06:00:00,2021,11,24,6,28.0,28.0,0.0,1.0,alta_fd,26.492,21.211,16.496,13.0,14.255,0.0,0.15
2021-11-24 07:00:00,2021,11,24,7,91.0,91.0,0.0,1.0,alta_fd,86.122,72.171,65.65,13.0,16.493,0.5,0.15
2021-11-24 08:00:00,2021,11,24,8,163.0,163.0,0.0,1.0,alta_fd,154.718,127.613,119.128,18.0,22.267,2.1,0.15
2021-11-24 09:00:00,2021,11,24,9,227.0102698275118,225.0,3.0,0.9911445864143537,alta_fd,216.858,178.58,168.289,14.0,22.736,0.5,0.15
2021-11-24 10:00:00,2021,11,24,10,278.0712950965195,274.0,5.0,0.9853588084483644,alta_fd,267.025,219.999,208.24,15.7,22.367,2.6,0.15
2021-11-24 11:00:00,2021,11,24,11,768.8203058372161,592.0,193.0,0.7700108796623608,alta_fd,779.031,626.518,600.354,18.0,33.315,4.1,0.15
2021-11-24 12:00:00,2021,11,24,12,1002.889270130764,439.0,582.0,0.4377352645748817,mixto,1032.481,812.729,779.967,19.4,39.739,4.1,0.15
2021-11-24 13:00:00,2021,11,24,13,1043.8390392160177,262.0,807.0,0.2509965523006084,baja_fd,1055.143,833.284,799.794,20.8,40.24,4.6,0.15
2021-11-24 14:00:00,2021,11,24,14,966.4852882948906,143.0,899.0,0.14795879640577453,baja_fd,932.933,746.319,715.91,22.0,39.22,4.6,0.15
2021-11-24 15:00:00,2021,11,24,15,815.4351043755747,152.0,815.0,0.18640355214581433,baja_fd,752.114,611.879,586.234,22.0,36.892,4.1,0.15
2021-11-24 16:00:00,2021,11,24,16,603.5288914332284,144.0,686.0,0.23859669693365704,baja_fd,516.073,434.711,415.344,20.9,29.87,5.1,0.15
2021-11-24 17:00:00,2021,11,24,17,344.3499188706903,148.0,398.0,0.4297953677043749,mixto,267.848,217.575,205.902,19.4,24.655,4.1,0.15
2021-11-24 18:00:00,2021,11,24,18,105.28204496583972,70.0,119.0,0.6648807023335509,mixto,72.516,54.549,48.653,18.0,19.635,3.1,0.15
2021-11-24 19:00:00,2021,11,24,19,5.0,5.0,0.0,,,4.849,2.535,0.0,16.8,16.901,3.1,0.15
2021-11-24 20:00:00,2021,11,24,20,0.0,0.0,0.0,,,0.0,0.0,0.0,15.8,15.8,2.8,0.15
2021-11-24 21:00:00,2021,11,24,21,0.0,0.0,0.0,,,0.0,0.0,0.0,14.9,14.9,2.6,0.15
2021-11-24 22:00:00,2021,11,24,22,0.0,0.0,0.0,,,0.0,0.0,0.0,13.9,13.9,2.3,0.15
2021-11-24 23:00:00,2021,11,24,23,0.0,0.0,0.0,,,0.0,0.0,0.0,13.0,13.0,2.1,0.15
2021-11-25 00:00:00,2021,11,25,0,0.0,0.0,0.0,,,0.0,0.0,0.0,14.0,14.0,2.6,0.15
2021-11-25 01:00:00,2021,11,25,1,0.0,0.0,0.0,,,0.0,0.0,0.0,13.9,13.9,2.1,0.15
2021-11-25 02:00:00,2021,11,25,2,0.0,0.0,0.0,,,0.0,0.0,0.0,14.0,14.0,1.5,0.15
2021-11-25 03:00:00,2021,11,25,3,0.0,0.0,0.0,,,0.0,0.0,0.0,14.0,14.0,1.5,0.15
2021-11-25 04:00:00,2021,11,25,4,0.0,0.0,0.0,,,0.0,0.0,0.0,13.9,13.9,1.5,0.15
2021-11-25 05:00:00,2021,11,25,5,2.0,2.0,0.0,,,1.94,0.987,0.0,13.0,13.044,2.6,0.15
2021-11-25 06:00:00,2021,11,25,6,28.0,28.0,0.0,1.0,alta_fd,26.492,21.271,16.554,13.0,13.667,2.6,0.15
2021-11-25 07:00:00,2021,11,25,7,92.0,92.0,0.0,1.0,alta_fd,87.052,73.064,66.512,13.8,16.21,2.1,0.15
2021-11-25 08:00:00,2021,11,25,8,163.0,163.0,0.0,1.0,alta_fd,154.7,128.534,120.016,15.0,20.458,1.0,0.15
2021-11-25 09:00:00,2021,11,25,9,228.67041766262273,228.0,1.0,0.9970681924252579,alta_fd,218.249,181.672,171.271,16.0,20.012,4.6,0.15
2021-11-25 10:00:00,2021,11,25,10,278.0729342770566,274.0,5.0,0.9853529999687112,alta_fd,266.984,218.442,206.738,16.8,24.127,2.1,0.15
2021-11-25 11:00:00,2021,11,25,11,855.4784765629142,586.0,294.0,0.6849967778901845,mixto,869.977,665.745,638.191,19.0,46.134,1.5,0.15
2021-11-25 12:00:00,2021,11,25,12,1050.0794331013183,258.0,817.0,0.2456956986939735,baja_fd,1087.056,820.342,787.311,21.0,50.951,2.1,0.15
2021-11-25 13:00:00,2021,11,25,13,1052.9163257592804,154.0,927.0,0.14626043516700846,baja_fd,1052.123,825.169,791.967,21.9,42.677,4.1,0.15
2021-11-25 14:00:00,2021,11,25,14,970.2422263313807,142.0,903.0,0.1463552050676268,baja_fd,935.638,732.527,702.607,23.0,44.558,3.1,0.15
2021-11-25 15:00:00,2021,11,25,15,816.2714386991041,154.0,812.0,0.1886627323938108,baja_fd,752.4,601.166,575.901,24.0,41.363,3.1,0.15
2021-11-25 16:00:00,2021,11,25,16,604.5230911578285,145.0,684.0,0.23985849692240044,baja_fd,516.687,427.848,408.724,24.6,34.176,4.6,0.15
2021-11-25 17:00:00,2021,11,25,17,347.26125500512603,149.0,400.0,0.4290717661485171,mixto,269.995,214.665,203.095,24.0,30.175,3.1,0.15
2021-11-25 18:00:00,2021,11,25,18,107.49281463202723,71.0,122.0,0.6605092651359946,mixto,73.909,54.936,49.026,21.0,22.43,4.1,0.15
2021-11-25 19:00:00,2021,11,25,19,6.0,6.0,0.0,,,5.666,2.94,0.0,19.4,19.541,2.1,0.15
2021-11-25 20:00:00,2021,11,25,20,0.0,0.0,0.0,,,0.0,0.0,0.0,17.0,17.0,2.6,0.15
2021-11-25 21:00:00,2021,11,25,21,0.0,0.0,0.0,,,0.0,0.0,0.0,15.0,15.0,2.6,0.15
2021-11-25 22:00:00,2021,11,25,22,0.0,0.0,0.0,,,0.0,0.0,0.0,14.1,14.1,2.6,0.15
2021-11-25 23:00:00,2021,11,25,23,0.0,0.0,0.0,,,0.0,0.0,0.0,13.0,13.0,2.1,0.15
2021-11-26 00:00:00,2021,11,26,0,0.0,0.0,0.0,,,0.0,0.0,0.0,12.0,12.0,2.6,0.15
2021-11-26 01:00:00,2021,11,26,1,0.0,0.0,0.0,,,0.0,0.0,0.0,11.8,11.8,1.5,0.15
2021-11-26 02:00:00,2021,11,26,2,0.0,0.0,0.0,,,0.0,0.0,0.0,11.4,11.4,1.5,0.15
2021-11-26 03:00:00,2021,11,26,3,0.0,0.0,0.0,,,0.0,0.0,0.0,11.0,11.0,1.5,0.15
2021-11-26 04:00:00,2021,11,26,4,0.0,0.0,0.0,,,0.0,0.0,0.0,10.8,10.8,1.0,0.15
2021-11-26 05:00:00,2021,11,26,5,5.0,5.0,0.0,,,4.849,2.628,0.0,10.0,10.137,1.5,0.15
2021-11-26 06:00:00,2021,11,26,6,75.44531709626189,73.0,26.0,0.9675882189859197,alta_fd,68.124,55.969,50.022,11.0,13.398,1.0,0.15
2021-11-26 07:00:00,2021,11,26,7,92.0,92.0,0.0,1.0,alta_fd,87.049,73.503,66.935,12.0,14.736,1.5,0.15
2021-11-26 08:00:00,2021,11,26,8,430.28232425912444,283.0,298.0,0.6577077050219982,mixto,434.684,367.301,350.323,14.0,26.022,2.1,0.15
2021-11-26 09:00:00,2021,11,26,9,697.5389790101481,216.0,718.0,0.3096601143444595,mixto,743.945,606.682,581.222,17.0,35.706,2.6,0.15
2021-11-26 10:00:00,2021,11,26,10,878.6961596585121,160.0,882.0,0.1820879700466437,baja_fd,938.117,744.02,713.693,19.6,41.211,3.1,0.15
2021-11-26 11:00:00,2021,11,26,11,1003.1929587404114,155.0,925.0,0.15450666658846454,baja_fd,1050.012,823.332,790.194,22.0,42.735,4.1,0.15
2021-11-26 12:00:00,2021,11,26,12,1065.075980486114,160.0,933.0,0.1502240243245125,baja_fd,1091.398,844.292,810.412,24.0,45.545,4.1,0.15
2021-11-26 13:00:00,2021,11,26,13,1053.7350792455936,155.0,926.0,0.14709579575823745,baja_fd,1051.926,819.932,786.915,26.0,44.189,5.1,0.15
2021-11-26 14:00:00,2021,11,26,14,971.3959461548221,143.0,902.0,0.14721082640508415,baja_fd,935.94,739.965,709.781,26.5,42.118,5.4,0.15
2021-11-26 15:00:00,2021,11,26,15,819.1704145122314,154.0,814.0,0.18799507071028448,baja_fd,754.394,608.032,582.524,27.0,39.17,5.7,0.15
2021-11-26 16:00:00,2021,11,26,16,608.5425547799164,145.0,688.0,0.23827421576530544,baja_fd,519.601,428.487,409.34,26.8,35.204,5.7,0.15
2021-11-26 17:00:00,2021,11,26,17,350.1762223692569,150.0,402.0,0.4283557546686499,mixto,272.167,217.866,206.183,24.0,28.677,5.1,0.15
2021-11-26 18:00:00,2021,11,26,18,110.62244187287341,72.0,128.0,0.650862508375488,mixto,75.58,55.538,49.607,23.0,24.703,3.1,0.15
2021-11-26 19:00:00,2021,11,26,19,6.0,6.0,0.0,,,5.666,2.918,0.0,20.8,20.908,3.6,0.15
2021-11-26 20:00:00,2021,11,26,20,0.0,0.0,0.0,,,0.0,0.0,0.0,18.9,18.9,3.3,0.15
2021-11-26 21:00:00,2021,11,26,21,0.0,0.0,0.0,,,0.0,0.0,0.0,17.0,17.0,3.1,0.15
2021-11-26 22:00:00,2021,11,26,22,0.0,0.0,0.0,,,0.0,0.0,0.0,15.8,15.8,3.1,0.15
2021-11-26 23:00:00,2021,11,26,23,0.0,0.0,0.0,,,0.0,0.0,0.0,14.7,14.7,3.1,0.15
2021-11-27 00:00:00,2021,11,27,0,0.0,0.0,0.0,,,0.0,0.0,0.0,13.5,13.5,3.1,0.15
2021-11-27 01:00:00,2021,11,27,1,0.0,0.0,0.0,,,0.0,0.0,0.0,12.3,12.3,3.1,0.15
2021-11-27 02:00:00,2021,11,27,2,0.0,0.0,0.0,,,0.0,0.0,0.0,11.2,11.2,3.1,0.15
2021-11-27 03:00:00,2021,11,27,3,0.0,0.0,0.0,,,0.0,0.0,0.0,10.0,10.0,3.1,0.15
2021-11-27 04:00:00,2021,11,27,4,0.0,0.0,0.0,,,0.0,0.0,0.0,10.8,10.8,2.1,0.15
2021-11-27 05:00:00,2021,11,27,5,5.0,5.0,0.0,,,4.849,2.611,0.0,11.3,11.42,2.1,0.15
2021-11-27 06:00:00,2021,11,27,6,75.65236612344665,73.0,28.0,0.964940077100581,alta_fd,68.259,55.974,50.027,11.7,13.578,2.1,0.15
2021-11-27 07:00:00,2021,11,27,7,92.0,92.0,0.0,1.0,alta_fd,87.045,73.536,66.967,12.2,14.61,2.1,0.15
2021-11-27 08:00:00,2021,11,27,8,366.0734234730352,283.0,168.0,0.7730689579022272,alta_fd,362.081,304.659,289.9,14.0,25.357,1.5,0.15
2021-11-27 09:00:00,2021,11,27,9,646.7486782335177,312.0,499.0,0.4824130462116662,mixto,675.134,551.969,528.447,17.0,33.955,2.6,0.15
2021-11-27 10:00:00,2021,11,27,10,868.7626890456695,264.0,742.0,0.3038804535793341,mixto,920.393,727.16,697.43,20.3,41.485,3.1,0.15
2021-11-27 11:00:00,2021,11,27,11,1003.7888479023404,203.0,873.0,0.2022337670160588,baja_fd,1053.276,799.157,766.876,24.0,50.42,2.6,0.15
2021-11-27 12:00:00,2021,11,27,12,1064.6895602445093,163.0,929.0,0.15309626964179732,baja_fd,1089.745,841.1,807.333,26.0,46.085,4.6,0.15
2021-11-27 13:00:00,2021,11,27,13,1056.3801063361823,153.0,930.0,0.14483423067350845,baja_fd,1053.678,816.505,783.609,27.4,45.62,5.1,0.15
2021-11-27 14:00:00,2021,11,27,14,975.8831658858036,140.0,909.0,0.14345979610471382,baja_fd,939.376,726.327,696.626,29.0,47.569,4.1,0.15
2021-11-27 15:00:00,2021,11,27,15,823.9738272267745,151.0,822.0,0.1832582480298148,baja_fd,757.858,608.25,582.734,28.0,40.226,5.7,0.15
2021-11-27 16:00:00,2021,11,27,16,613.945884645681,143.0,697.0,0.23291955134209888,baja_fd,523.318,428.849,409.69,27.7,36.795,5.1,0.15
2021-11-27 17:00:00,2021,11,27,17,355.09574534418493,150.0,410.0,0.42242128205340496,mixto,275.38,218.424,206.721,26.0,31.046,4.6,0.15
2021-11-27 18:00:00,2021,11,27,18,113.47663813057943,73.0,133.0,0.6433042184065914,mixto,77.19,56.446,50.482,24.0,25.605,3.6,0.15
2021-11-27 19:00:00,2021,11,27,19,6.0,6.0,0.0,,,5.666,2.898,0.0,22.0,22.16,1.5,0.15
2021-11-27 20:00:00,2021,11,27,20,0.0,0.0,0.0,,,0.0,0.0,0.0,19.0,19.0,3.6,0.15
2021-11-27 21:00:00,2021,11,27,21,0.0,0.0,0.0,,,0.0,0.0,0.0,17.0,17.0,4.1,0.15
2021-11-27 22:00:00,2021,11,27,22,0.0,0.0,0.0,,,0.0,0.0,0.0,15.8,15.8,2.6,0.15
2021-11-27 23:00:00,2021,11,27,23,0.0,0.0,0.0,,,0.0,0.0,0.0,14.0,14.0,3.1,0.15
2021-11-28 00:00:00,2021,11,28,0,0.0,0.0,0.0,,,0.0,0.0,0.0,13.3,13.3,2.6,0.15
2021-11-28 01:00:00,2021,11,28,1,0.0,0.0,0.0,,,0.0,0.0,0.0,12.7,12.7,2.1,0.15
2021-11-28 02:00:00,2021,11,28,2,0.0,0.0,0.0,,,0.0,0.0,0.0,12.0,12.0,2.1,0.15
2021-11-28 03:00:00,2021,11,28,3,0.0,0.0,0.0,,,0.0,0.0,0.0,12.0,12.0,1.0,0.15
2021-11-28 04:00:00,2021,11,28,4,0.0,0.0,0.0,,,0.0,0.0,0.0,11.9,11.9,1.5,0.15
2021-11-28 05:00:00,2021,11,28,5,3.0,3.0,0.0,,,2.91,1.521,0.0,12.0,12.092,1.0,0.15
2021-11-28 06:00:00,2021,11,28,6,76.47781815206397,74.0,26.0,0.9676008258089002,alta_fd,68.864,56.391,50.429,12.0,14.424,1.0,0.15
2021-11-28 07:00:00,2021,11,28,7,260.91378658713614,175.0,288.0,0.6707196361260737,mixto,255.454,210.129,198.72,13.0,23.28,0.5,0.15
2021-11-28 08:00:00,2021,11,28,8,481.7339127423267,180.0,610.0,0.3736502563735422,mixto,507.196,417.799,399.031,17.0,34.977,1.0,0.15
2021-11-28 09:00:00,2021,11,28,9,699.050896644402,167.0,793.0,0.2388953376665944,baja_fd,748.478,590.206,565.329,21.0,44.492,1.5,0.15
2021-11-28 10:00:00,2021,11,28,10,878.2782500147935,165.0,875.0,0.18786756930075496,baja_fd,935.061,729.809,699.986,23.6,45.14,3.1,0.15
2021-11-28 11:00:00,2021,11,28,11,1004.6512186489246,155.0,926.0,0.15428239882936404,baja_fd,1049.395,809.59,776.939,26.0,46.723,4.1,0.15
2021-11-28 12:00:00,2021,11,28,12,1066.116452330958,163.0,930.0,0.1528913653321986,baja_fd,1090.207,842.256,808.448,27.0,45.844,5.1,0.15
2021-11-28 13:00:00,2021,11,28,13,1058.1142399453997,154.0,930.0,0.1455419407340616,baja_fd,1054.479,811.672,778.947,29.0,47.233,5.1,0.15
2021-11-28 14:00:00,2021,11,28,14,976.2380507834432,143.0,905.0,0.14648066615027014,baja_fd,939.044,739.278,709.119,28.0,43.125,5.7,0.15
2021-11-28 15:00:00,2021,11,28,15,824.7649297715486,153.0,819.0,0.1855074027485376,baja_fd,758.222,611.524,585.892,28.0,38.963,6.7,0.15
2021-11-28 16:00:00,2021,11,28,16,614.5645676185776,145.0,693.0,0.2359394075741649,baja_fd,523.898,432.992,413.686,26.6,34.609,6.2,0.15
2021-11-28 17:00:00,2021,11,28,17,357.52760532443915,151.0,411.0,0.42234500987126505,mixto,277.278,221.244,209.44,25.0,29.766,5.1,0.15
2021-11-28 18:00:00,2021,11,28,18,115.74022397621317,74.0,136.0,0.6393628546563761,mixto,77.449,56.492,50.527,24.0,25.743,3.1,0.15
2021-11-28 19:00:00,2021,11,28,19,7.0,7.0,0.0,,,6.611,3.429,0.0,21.0,21.11,4.6,0.15
2021-11-28 20:00:00,2021,11,28,20,0.0,0.0,0.0,,,0.0,0.0,0.0,18.0,18.0,3.6,0.15
2021-11-28 21:00:00,2021,11,28,21,0.0,0.0,0.0,,,0.0,0.0,0.0,16.0,16.0,3.6,0.15
2021-11-28 22:00:00,2021,11,28,22,0.0,0.0,0.0,,,0.0,0.0,0.0,13.7,13.7,3.6,0.15
2021-11-28 23:00:00,2021,11,28,23,0.0,0.0,0.0,,,0.0,0.0,0.0,13.0,13.0,2.6,0.15
2021-11-29 00:00:00,2021,11,29,0,0.0,0.0,0.0,,,0.0,0.0,0.0,12.3,12.3,2.0,0.15
2021-11-29 01:00:00,2021,11,29,1,0.0,0.0,0.0,,,0.0,0.0,0.0,11.6,11.6,1.5,0.15
2021-11-29 02:00:00,2021,11,29,2,0.0,0.0,0.0,,,0.0,0.0,0.0,11.0,11.0,0.5,0.15
2021-11-29 03:00:00,2021,11,29,3,0.0,0.0,0.0,,,0.0,0.0,0.0,11.0,11.0,1.0,0.15
2021-11-29 04:00:00,2021,11,29,4,0.0,0.0,0.0,,,0.0,0.0,0.0,10.8,10.8,0.5,0.15
2021-11-29 05:00:00,2021,11,29,5,6.0,6.0,0.0,,,5.819,3.18,0.0,10.0,10.248,0.0,0.15
2021-11-29 06:00:00,2021,11,29,6,86.3320691048928,78.0,87.0,0.9034881337690471,alta_fd,75.928,59.944,53.857,12.0,15.029,0.5,0.15
2021-11-29 07:00:00,2021,11,29,7,272.48892130754484,168.0,350.0,0.6165388273176312,mixto,268.253,220.494,208.718,15.2,22.558,2.1,0.15
2021-11-29 08:00:00,2021,11,29,8,487.13666920769623,172.0,637.0,0.3530836639330591,mixto,513.192,428.254,409.116,20.0,31.868,3.1,0.15
2021-11-29 09:00:00,2021,11,29,9,699.3954014216672,168.0,792.0,0.24020747013564134,baja_fd,747.732,603.008,577.677,23.0,38.934,3.6,0.15
2021-11-29 10:00:00,2021,11,29,10,877.5218980803728,165.0,874.0,0.18802949574357805,baja_fd,933.21,743.195,712.897,24.0,40.15,5.1,0.15
2021-11-29 11:00:00,2021,11,29,11,1004.1786254885307,158.0,922.0,0.15734252451662506,baja_fd,1047.635,806.377,773.84,25.0,47.269,3.6,0.15
2021-11-29 12:00:00,2021,11,29,12,1063.762912571855,168.0,922.0,0.15792992781993795,baja_fd,1086.487,804.534,772.062,26.0,55.955,2.1,0.15
2021-11-29 13:00:00,2021,11,29,13,1056.0366763525176,159.0,922.0,0.1505629525568901,baja_fd,1051.418,780.624,749.0,26.8,55.798,2.1,0.15
2021-11-29 14:00:00,2021,11,29,14,975.7978437935672,148.0,898.0,0.1516707594112186,baja_fd,938.029,709.054,679.966,27.0,52.897,2.1,0.15
2021-11-29 15:00:00,2021,11,29,15,826.5323991304597,156.0,816.0,0.1887403327009532,baja_fd,759.583,601.323,576.053,26.0,43.526,3.1,0.15
2021-11-29 16:00:00,2021,11,29,16,617.9133883909983,145.0,696.0,0.23466071900071545,baja_fd,526.366,430.218,411.01,25.2,37.376,3.1,0.15
2021-11-29 17:00:00,2021,11,29,17,360.4521923320899,153.0,411.0,0.4244668315376449,mixto,279.791,223.797,211.903,23.0,29.402,3.1,0.15
2021-11-29 18:00:00,2021,11,29,18,118.32575650735144,75.0,140.0,0.6338434015872135,mixto,79.005,58.021,52.002,22.0,24.13,2.1,0.15
2021-11-29 19:00:00,2021,11,29,19,7.0,7.0,0.0,,,6.612,3.462,0.0,19.2,19.364,2.1,0.15
2021-11-29 20:00:00,2021,11,29,20,0.0,0.0,0.0,,,0.0,0.0,0.0,16.0,16.0,4.6,0.15
2021-11-29 21:00:00,2021,11,29,21,0.0,0.0,0.0,,,0.0,0.0,0.0,15.0,15.0,4.6,0.15
2021-11-29 22:00:00,2021,11,29,22,0.0,0.0,0.0,,,0.0,0.0,0.0,13.7,13.7,3.6,0.15
2021-11-29 23:00:00,2021,11,29,23,0.0,0.0,0.0,,,0.0,0.0,0.0,14.0,14.0,3.1,0.15
2021-11-30 00:00:00,2021,11,30,0,0.0,0.0,0.0,,,0.0,0.0,0.0,12.0,12.0,2.6,0.15
2021-11-30 01:00:00,2021,11,30,1,0.0,0.0,0.0,,,0.0,0.0,0.0,12.0,12.0,2.1,0.15
2021-11-30 02:00:00,2021,11,30,2,0.0,0.0,0.0,,,0.0,0.0,0.0,11.0,11.0,1.5,0.15
2021-11-30 03:00:00,2021,11,30,3,0.0,0.0,0.0,,,0.0,0.0,0.0,10.0,10.0,4.1,0.15
2021-11-30 04:00:00,2021,11,30,4,0.0,0.0,0.0,,,0.0,0.0,0.0,12.4,12.4,2.6,0.15
2021-11-30 05:00:00,2021,11,30,5,2.0,2.0,0.0,,,1.94,0.993,0.0,12.0,12.055,1.5,0.15
2021-11-30 06:00:00,2021,11,30,6,29.0,29.0,0.0,1.0,alta_fd,27.441,22.158,17.409,12.0,12.861,1.5,0.15
2021-11-30 07:00:00,2021,11,30,7,92.0,92.0,0.0,1.0,alta_fd,87.033,73.403,66.838,12.6,15.01,2.1,0.15
2021-11-30 08:00:00,2021,11,30,8,164.0,164.0,0.0,1.0,alta_fd,155.564,130.621,122.029,13.3,17.862,1.8,0.15
2021-11-30 09:00:00,2021,11,30,9,228.01269549706524,226.0,3.0,0.9911728796825212,alta_fd,217.638,180.616,170.253,14.0,20.793,1.5,0.15
2021-11-30 10:00:00,2021,11,30,10,279.07623475617305,275.0,5.0,0.9853938306150131,alta_fd,267.759,221.192,209.391,15.0,21.685,2.6,0.15
2021-11-30 11:00:00,2021,11,30,11,656.0628511635097,489.0,182.0,0.7453554169890457,alta_fd,663.042,540.336,517.227,16.0,30.034,3.6,0.15
2021-11-30 12:00:00,2021,11,30,12,897.1742378556995,522.0,386.0,0.5818267823289391,mixto,912.868,728.609,698.828,19.0,35.772,4.6,0.15
2021-11-30 13:00:00,2021,11,30,13,993.242606204996,337.0,674.0,0.33929273461960846,mixto,997.772,794.671,762.549,19.4,37.77,4.6,0.15
2021-11-30 14:00:00,2021,11,30,14,964.7903209585734,184.0,846.0,0.1907150144470621,baja_fd,933.014,754.256,723.566,20.0,36.143,5.1,0.15
2021-11-30 15:00:00,2021,11,30,15,828.8011218738462,148.0,827.0,0.17857118685527965,baja_fd,760.444,622.85,596.816,20.0,35.055,4.1,0.15
2021-11-30 16:00:00,2021,11,30,16,621.5805568960955,146.0,698.0,0.2348850818774977,baja_fd,529.294,443.467,423.79,20.6,31.104,4.1,0.15
2021-11-30 17:00:00,2021,11,30,17,362.89018136858175,153.0,414.0,0.4216151548189736,mixto,281.46,229.103,217.022,20.0,25.16,4.6,0.15
2021-11-30 18:00:00,2021,11,30,18,121.55241994381478,76.0,146.0,0.6252446478246135,mixto,80.774,60.032,53.942,19.4,21.077,3.6,0.15
2021-11-30 19:00:00,2021,11,30,19,7.0,7.0,0.0,,,6.611,3.482,0.0,18.1,18.286,1.5,0.15
2021-11-30 20:00:00,2021,11,30,20,0.0,0.0,0.0,,,0.0,0.0,0.0,16.8,16.8,1.5,0.15
2021-11-30 21:00:00,2021,11,30,21,0.0,0.0,0.0,,,0.0,0.0,0.0,15.6,15.6,2.1,0.15
2021-11-30 22:00:00,2021,11,30,22,0.0,0.0,0.0,,,0.0,0.0,0.0,14.8,14.8,1.0,0.15
2021-11-30 23:00:00,2021,11,30,23,0.0,0.0,0.0,,,0.0,0.0,0.0,14.5,14.5,1.5,0.15
2021-12-01 00:00:00,2021,12,1,0,0.0,0.0,0.0,,,0.0,0.0,0.0,14.4,14.4,2.1,0.15
2021-12-01 01:00:00,2021,12,1,1,0.0,0.0,0.0,,,0.0,0.0,0.0,14.4,14.4,1.5,0.15
2021-12-01 02:00:00,2021,12,1,2,0.0,0.0,0.0,,,0.0,0.0,0.0,14.2,14.2,2.1,0.15
2021-12-01 03:00:00,2021,12,1,3,0.0,0.0,0.0,,,0.0,0.0,0.0,13.7,13.7,1.5,0.15
2021-12-01 04:00:00,2021,12,1,4,0.0,0.0,0.0,,,0.0,0.0,0.0,13.0,13.0,1.0,0.15
2021-12-01 05:00:00,2021,12,1,5,6.0,6.0,0.0,,,5.666,3.053,0.0,12.2,12.406,0.5,0.15
2021-12-01 06:00:00,2021,12,1,6,85.50798521534782,75.0,109.0,0.8771110652545028,alta_fd,75.103,57.909,51.894,14.0,16.984,0.5,0.15
2021-12-01 07:00:00,2021,12,1,7,273.743391138837,168.0,354.0,0.6137134463815926,mixto,268.78,216.714,205.072,17.8,27.229,1.0,0.15
2021-12-01 08:00:00,2021,12,1,8,488.52999526943887,170.0,644.0,0.3479827270508537,mixto,513.696,411.845,393.288,21.0,41.856,0.5,0.15
2021-12-01 09:00:00,2021,12,1,9,702.2986741624408,163.0,804.0,0.23209498465078734,baja_fd,749.022,569.234,545.1,23.0,53.342,0.5,0.15
2021-12-01 10:00:00,2021,12,1,10,881.6276996741311,161.0,884.0,0.18261676675938054,baja_fd,936.419,703.367,674.48,25.0,54.343,1.5,0.15
2021-12-01 11:00:00,2021,12,1,11,1006.1882746794239,157.0,925.0,0.15603441617327624,baja_fd,1048.356,800.225,767.906,27.0,49.284,3.6,0.15
2021-12-01 12:00:00,2021,12,1,12,1071.06919871752,160.0,937.0,0.1493834387092648,baja_fd,1093.002,819.113,786.125,28.0,53.147,3.1,0.15
2021-12-01 13:00:00,2021,12,1,13,1064.9173918611334,150.0,939.0,0.14085599610486987,baja_fd,1058.98,820.067,787.045,28.7,45.74,5.7,0.15
2021-12-01 14:00:00,2021,12,1,14,982.1379800822208,145.0,906.0,0.1476370967629835,baja_fd,942.591,735.302,705.284,29.0,45.314,5.1,0.15
2021-12-01 15:00:00,2021,12,1,15,831.8919718195194,154.0,822.0,0.18512019014099898,baja_fd,763.004,605.029,579.627,29.0,43.103,4.6,0.15
2021-12-01 16:00:00,2021,12,1,16,624.242928397628,146.0,700.0,0.23388330625509537,baja_fd,530.83,434.275,414.924,29.0,37.114,6.2,0.15
2021-12-01 17:00:00,2021,12,1,17,367.35174742841707,154.0,419.0,0.41921673458218345,mixto,284.383,225.402,213.452,27.0,31.89,5.1,0.15
2021-12-01 18:00:00,2021,12,1,18,123.88647005629124,83.0,130.0,0.6699682375507725,mixto,86.347,63.682,57.462,26.0,27.364,5.7,0.15
2021-12-01 19:00:00,2021,12,1,19,8.0,8.0,0.0,,,7.558,3.885,0.0,24.0,24.098,6.7,0.15
2021-12-01 20:00:00,2021,12,1,20,0.0,0.0,0.0,,,0.0,0.0,0.0,23.0,23.0,4.1,0.15
2021-12-01 21:00:00,2021,12,1,21,0.0,0.0,0.0,,,0.0,0.0,0.0,20.0,20.0,2.1,0.15
2021-12-01 22:00:00,2021,12,1,22,0.0,0.0,0.0,,,0.0,0.0,0.0,18.8,18.8,1.5,0.15
2021-12-01 23:00:00,2021,12,1,23,0.0,0.0,0.0,,,0.0,0.0,0.0,13.8,13.8,1.0,0.15
2021-12-02 00:00:00,2021,12,2,0,0.0,0.0,0.0,,,0.0,0.0,0.0,17.0,17.0,1.5,0.15
2021-12-02 01:00:00,2021,12,2,1,0.0,0.0,0.0,,,0.0,0.0,0.0,16.2,16.2,0.0,0.15
2021-12-02 02:00:00,2021,12,2,2,0.0,0.0,0.0,,,0.0,0.0,0.0,15.0,15.0,0.0,0.15
2021-12-02 03:00:00,2021,12,2,3,0.0,0.0,0.0,,,0.0,0.0,0.0,14.5,14.5,0.0,0.15
2021-12-02 04:00:00,2021,12,2,4,0.0,0.0,0.0,,,0.0,0.0,0.0,14.0,14.0,1.0,0.15
2021-12-02 05:00:00,2021,12,2,5,6.0,6.0,0.0,,,5.666,3.026,0.0,14.0,14.16,1.5,0.15
2021-12-02 06:00:00,2021,12,2,6,86.78760433317818,78.0,91.0,0.8987458589196389,alta_fd,75.926,58.777,52.73,16.9,19.246,1.5,0.15
2021-12-02 07:00:00,2021,12,2,7,274.21685758336264,167.0,359.0,0.6090070518338996,mixto,268.924,215.753,204.145,19.9,28.27,1.5,0.15
2021-12-02 08:00:00,2021,12,2,8,491.97503360728336,179.0,633.0,0.3638396011430244,mixto,515.522,419.356,400.533,22.0,38.216,1.5,0.15
2021-12-02 09:00:00,2021,12,2,9,703.1483290739978,162.0,807.0,0.23039235578266085,baja_fd,749.158,583.54,558.9,24.0,47.515,1.5,0.15
2021-12-02 10:00:00,2021,12,2,10,883.2289935601976,157.0,891.0,0.17775684578373102,baja_fd,937.496,724.491,694.856,26.0,47.597,3.1,0.15
2021-12-02 11:00:00,2021,12,2,11,1008.6748454152519,153.0,932.0,0.15168416333116036,baja_fd,1050.439,812.243,779.498,28.0,46.164,5.1,0.15
2021-12-02 12:00:00,2021,12,2,12,1066.7644180012876,169.0,923.0,0.15842298182071163,baja_fd,1087.158,832.24,798.787,28.0,48.036,4.6,0.15
2021-12-02 13:00:00,2021,12,2,13,1041.2448104911282,192.0,871.0,0.18439467651170197,baja_fd,1041.361,796.422,764.238,28.0,48.556,4.1,0.15
2021-12-02 14:00:00,2021,12,2,14,952.0350865079629,212.0,800.0,0.22268086859866673,baja_fd,923.593,719.947,690.473,28.0,45.035,4.6,0.15
2021-12-02 15:00:00,2021,12,2,15,795.0344255805888,206.0,713.0,0.2591082767888505,baja_fd,735.572,587.664,562.877,28.0,40.743,5.1,0.15
2021-12-02 16:00:00,2021,12,2,16,582.5685764185001,201.0,557.0,0.34502375880913894,mixto,504.267,420.138,401.288,25.8,31.551,9.3,0.15
2021-12-02 17:00:00,2021,12,2,17,324.8580651341732,174.0,295.0,0.5356185321369021,mixto,261.55,213.057,201.544,23.0,26.574,7.2,0.15
2021-12-02 18:00:00,2021,12,2,18,100.06861470219243,82.0,57.0,0.8194377452314571,alta_fd,79.704,62.442,56.265,21.0,22.564,4.1,0.15
2021-12-02 19:00:00,2021,12,2,19,6.0,6.0,0.0,,,5.665,2.924,0.0,20.4,20.508,3.6,0.15
2021-12-02 20:00:00,2021,12,2,20,0.0,0.0,0.0,,,0.0,0.0,0.0,19.0,19.0,4.1,0.15
2021-12-02 21:00:00,2021,12,2,21,0.0,0.0,0.0,,,0.0,0.0,0.0,17.0,17.0,2.6,0.15
2021-12-02 22:00:00,2021,12,2,22,0.0,0.0,0.0,,,0.0,0.0,0.0,17.0,17.0,2.6,0.15
2021-12-02 23:00:00,2021,12,2,23,0.0,0.0,0.0,,,0.0,0.0,0.0,17.0,17.0,2.6,0.15
2021-12-03 00:00:00,2021,12,3,0,0.0,0.0,0.0,,,0.0,0.0,0.0,15.0,15.0,1.5,0.15
2021-12-03 01:00:00,2021,12,3,1,0.0,0.0,0.0,,,0.0,0.0,0.0,15.7,15.7,1.0,0.15
2021-12-03 02:00:00,2021,12,3,2,0.0,0.0,0.0,,,0.0,0.0,0.0,13.8,13.8,2.0,0.15
2021-12-03 03:00:00,2021,12,3,3,0.0,0.0,0.0,,,0.0,0.0,0.0,12.0,12.0,3.1,0.15
2021-12-03 04:00:00,2021,12,3,4,0.0,0.0,0.0,,,0.0,0.0,0.0,11.7,11.7,1.5,0.15
2021-12-03 05:00:00,2021,12,3,5,6.0,6.0,0.0,,,5.666,3.09,0.0,10.0,10.128,2.6,0.15
2021-12-03 06:00:00,2021,12,3,6,86.88993903435136,78.0,92.0,0.897687360203616,alta_fd,75.86,59.675,53.597,13.0,15.344,1.5,0.15
2021-12-03 07:00:00,2021,12,3,7,274.1634811993628,167.0,359.0,0.6091256182969277,mixto,268.393,215.805,204.195,15.0,27.603,0.0,0.15
2021-12-03 08:00:00,2021,12,3,8,492.29098842702786,178.0,636.0,0.3615747681442373,mixto,515.239,422.555,403.619,20.0,36.207,1.5,0.15
2021-12-03 09:00:00,2021,12,3,9,708.7866292379867,194.0,768.0,0.273707194799327,baja_fd,752.283,594.851,569.81,20.0,43.606,1.5,0.15
2021-12-03 10:00:00,2021,12,3,10,888.5879823958121,178.0,872.0,0.2003178115464449,baja_fd,940.744,727.863,698.108,21.2,47.167,2.1,0.15
2021-12-03 11:00:00,2021,12,3,11,1015.5616155950978,136.0,958.0,0.1339160499092976,baja_fd,1058.133,820.635,787.593,23.0,45.495,3.6,0.15
2021-12-03 12:00:00,2021,12,3,12,1077.1720578312998,148.0,955.0,0.1373968057600496,baja_fd,1098.403,825.324,792.116,25.0,52.554,2.6,0.15
2021-12-03 13:00:00,2021,12,3,13,1068.0750141534213,149.0,942.0,0.13950331018472567,baja_fd,1060.745,816.304,783.415,26.3,47.246,4.1,0.15
2021-12-03 14:00:00,2021,12,3,14,989.1335252725457,139.0,918.0,0.14052703345759104,baja_fd,948.006,744.69,714.339,26.1,43.596,4.6,0.15
2021-12-03 15:00:00,2021,12,3,15,841.4651776580678,167.0,815.0,0.19846335229793788,baja_fd,771.932,621.002,595.034,26.0,39.379,5.1,0.15
2021-12-03 16:00:00,2021,12,3,16,632.7318115422463,143.0,713.0,0.2260041259051698,baja_fd,536.888,443.198,423.53,26.2,34.882,5.7,0.15
2021-12-03 17:00:00,2021,12,3,17,376.421925634639,152.0,437.0,0.40380219548510987,mixto,289.985,231.772,219.596,25.0,29.986,5.1,0.15
2021-12-03 18:00:00,2021,12,3,18,126.4169411738846,90.0,114.0,0.7119298977200086,alta_fd,91.155,68.843,62.44,24.0,25.656,4.6,0.15
2021-12-03 19:00:00,2021,12,3,19,9.0,9.0,0.0,,,8.504,4.448,0.327,21.9,22.063,3.6,0.15
2021-12-03 20:00:00,2021,12,3,20,0.0,0.0,0.0,,,0.0,0.0,0.0,20.0,20.0,2.1,0.15
2021-12-03 21:00:00,2021,12,3,21,0.0,0.0,0.0,,,0.0,0.0,0.0,18.0,18.0,1.5,0.15
2021-12-03 22:00:00,2021,12,3,22,0.0,0.0,0.0,,,0.0,0.0,0.0,16.0,16.0,1.5,0.15
2021-12-03 23:00:00,2021,12,3,23,0.0,0.0,0.0,,,0.0,0.0,0.0,16.0,16.0,0.0,0.15
2021-12-04 00:00:00,2021,12,4,0,0.0,0.0,0.0,,,0.0,0.0,0.0,14.0,14.0,2.1,0.15
2021-12-04 01:00:00,2021,12,4,1,0.0,0.0,0.0,,,0.0,0.0,0.0,12.6,12.6,1.0,0.15
2021-12-04 02:00:00,2021,12,4,2,0.0,0.0,0.0,,,0.0,0.0,0.0,12.0,12.0,1.5,0.15
2021-12-04 03:00:00,2021,12,4,3,0.0,0.0,0.0,,,0.0,0.0,0.0,11.5,11.5,1.0,0.15
2021-12-04 04:00:00,2021,12,4,4,0.0,0.0,0.0,,,0.0,0.0,0.0,11.0,11.0,0.5,0.15
2021-12-04 05:00:00,2021,12,4,5,6.0,6.0,0.0,,,5.666,3.072,0.0,11.0,11.241,0.0,0.15
2021-12-04 06:00:00,2021,12,4,6,85.4319905447745,75.0,108.0,0.8778912854745303,alta_fd,74.545,57.421,51.422,14.0,17.464,0.0,0.15
2021-12-04 07:00:00,2021,12,4,7,273.1824313958101,167.0,356.0,0.6113131036528338,mixto,266.905,213.558,202.028,18.0,28.719,0.5,0.15
2021-12-04 08:00:00,2021,12,4,8,491.0966153200152,179.0,632.0,0.3644903964230288,mixto,513.119,424.121,405.129,20.0,34.219,2.1,0.15
2021-12-04 09:00:00,2021,12,4,9,706.8435293904257,195.0,764.0,0.2758743511002582,baja_fd,749.298,609.078,583.532,14.7,36.724,1.8,0.15
2021-12-04 10:00:00,2021,12,4,10,887.3092549405194,181.0,867.0,0.20398750378427338,baja_fd,938.328,750.942,720.369,9.4,38.799,1.5,0.15
2021-12-04 11:00:00,2021,12,4,11,1012.2698067409635,141.0,949.0,0.1392909272419714,baja_fd,1053.563,851.181,817.057,15.8,35.227,4.6,0.15
2021-12-04 12:00:00,2021,12,4,12,1077.3925655389078,147.0,956.0,0.13644051824923364,baja_fd,1097.966,857.853,823.493,22.3,43.09,4.4,0.15
2021-12-04 13:00:00,2021,12,4,13,1071.3667859299271,140.0,954.0,0.13067420218602588,baja_fd,1063.574,810.293,777.617,28.7,49.703,4.1,0.15
2021-12-04 14:00:00,2021,12,4,14,991.0555297415062,140.0,918.0,0.14126352741961465,baja_fd,949.37,728.714,698.929,29.0,49.199,3.6,0.15
2021-12-04 15:00:00,2021,12,4,15,841.8770887054086,153.0,831.0,0.18173674287213923,baja_fd,770.794,613.19,587.498,28.0,42.246,4.6,0.15
2021-12-04 16:00:00,2021,12,4,16,633.2590470496322,145.0,709.0,0.2289742257541494,baja_fd,537.582,440.479,420.908,28.0,36.692,5.7,0.15
2021-12-04 17:00:00,2021,12,4,17,380.64136693508425,146.0,455.0,0.38356314547624903,mixto,291.242,229.463,217.369,28.0,33.338,4.6,0.15
2021-12-04 18:00:00,2021,12,4,18,128.65881990997184,91.0,117.0,0.7072970206292631,alta_fd,92.623,69.298,62.879,26.0,27.802,4.1,0.15
2021-12-04 19:00:00,2021,12,4,19,9.0,9.0,0.0,,,8.504,4.404,0.284,23.8,23.941,4.6,0.15
2021-12-04 20:00:00,2021,12,4,20,0.0,0.0,0.0,,,0.0,0.0,0.0,22.0,22.0,2.6,0.15
2021-12-04 21:00:00,2021,12,4,21,0.0,0.0,0.0,,,0.0,0.0,0.0,20.0,20.0,2.1,0.15
2021-12-04 22:00:00,2021,12,4,22,0.0,0.0,0.0,,,0.0,0.0,0.0,18.5,18.5,2.6,0.15
2021-12-04 23:00:00,2021,12,4,23,0.0,0.0,0.0,,,0.0,0.0,0.0,23.0,23.0,1.0,0.15
2021-12-05 00:00:00,2021,12,5,0,0.0,0.0,0.0,,,0.0,0.0,0.0,16.0,16.0,0.5,0.15
2021-12-05 01:00:00,2021,12,5,1,0.0,0.0,0.0,,,0.0,0.0,0.0,13.9,13.9,1.0,0.15
2021-12-05 02:00:00,2021,12,5,2,0.0,0.0,0.0,,,0.0,0.0,0.0,14.0,14.0,0.5,0.15
2021-12-05 03:00:00,2021,12,5,3,0.0,0.0,0.0,,,0.0,0.0,0.0,12.0,12.0,1.0,0.15
2021-12-05 04:00:00,2021,12,5,4,0.0,0.0,0.0,,,0.0,0.0,0.0,10.8,10.8,0.5,0.15
2021-12-05 05:00:00,2021,12,5,5,6.0,6.0,0.0,,,5.666,3.089,0.0,10.0,10.18,1.0,0.15
2021-12-05 06:00:00,2021,12,5,6,86.77752001773347,78.0,91.0,0.8988503011385929,alta_fd,75.457,58.866,52.816,14.0,17.519,0.0,0.15
2021-12-05 07:00:00,2021,12,5,7,273.9585381516359,167.0,359.0,0.6095812933107623,mixto,267.269,216.309,204.68,18.4,25.726,2.1,0.15
2021-12-05 08:00:00,2021,12,5,8,491.8283642604299,180.0,632.0,0.36598133226957913,mixto,513.104,428.063,408.932,20.0,31.865,3.1,0.15
2021-12-05 09:00:00,2021,12,5,9,708.2073599375437,194.0,768.0,0.2739310701559339,baja_fd,750.096,599.77,574.554,22.0,40.865,2.6,0.15
2021-12-05 10:00:00,2021,12,5,10,886.2412227575537,181.0,866.0,0.20423333439265623,baja_fd,936.431,724.126,694.503,24.6,47.296,2.8,0.15
2021-12-05 11:00:00,2021,12,5,11,994.7065992989134,174.0,894.0,0.17492595316311185,baja_fd,1038.862,790.592,758.614,26.0,49.906,3.1,0.15
2021-12-05 12:00:00,2021,12,5,12,1022.4665579013584,270.0,773.0,0.26406731634742425,baja_fd,1050.129,811.812,779.083,27.0,45.135,5.1,0.15
2021-12-05 13:00:00,2021,12,5,13,929.4245071479079,483.0,457.0,0.5196764194244942,mixto,928.377,716.958,687.59,27.5,44.569,4.6,0.15
2021-12-05 14:00:00,2021,12,5,14,928.0138385119348,309.0,667.0,0.3329691726316063,mixto,901.608,711.023,681.865,27.0,41.5,5.7,0.15
2021-12-05 15:00:00,2021,12,5,15,823.6641628021603,171.0,786.0,0.20760888687720325,baja_fd,756.949,604.779,579.386,27.0,40.987,4.6,0.15
2021-12-05 16:00:00,2021,12,5,16,635.0416945303434,140.0,717.0,0.22045796552545976,baja_fd,538.117,443.425,423.749,26.6,35.301,5.7,0.15
2021-12-05 17:00:00,2021,12,5,17,378.62424751998213,157.0,428.0,0.4146591271646284,mixto,293.114,235.311,223.009,25.0,29.436,6.2,0.15
2021-12-05 18:00:00,2021,12,5,18,132.39661172731104,87.0,140.0,0.657116514274462,mixto,92.151,68.938,62.532,23.0,24.455,5.7,0.15
2021-12-05 19:00:00,2021,12,5,19,9.0,9.0,0.0,,,8.504,4.449,0.328,21.9,22.016,6.2,0.15
2021-12-05 20:00:00,2021,12,5,20,0.0,0.0,0.0,,,0.0,0.0,0.0,20.0,20.0,4.1,0.15
2021-12-05 21:00:00,2021,12,5,21,0.0,0.0,0.0,,,0.0,0.0,0.0,20.0,20.0,3.6,0.15
2021-12-05 22:00:00,2021,12,5,22,0.0,0.0,0.0,,,0.0,0.0,0.0,17.0,17.0,2.6,0.15
2021-12-05 23:00:00,2021,12,5,23,0.0,0.0,0.0,,,0.0,0.0,0.0,16.0,16.0,3.1,0.15
2021-12-06 00:00:00,2021,12,6,0,0.0,0.0,0.0,,,0.0,0.0,0.0,15.0,15.0,3.1,0.15
2021-12-06 01:00:00,2021,12,6,1,0.0,0.0,0.0,,,0.0,0.0,0.0,14.6,14.6,1.5,0.15
2021-12-06 02:00:00,2021,12,6,2,0.0,0.0,0.0,,,0.0,0.0,0.0,14.0,14.0,1.5,0.15
2021-12-06 03:00:00,2021,12,6,3,0.0,0.0,0.0,,,0.0,0.0,0.0,14.0,14.0,1.5,0.15
2021-12-06 04:00:00,2021,12,6,4,0.0,0.0,0.0,,,0.0,0.0,0.0,14.4,14.4,1.5,0.15
2021-12-06 05:00:00,2021,12,6,5,5.0,5.0,0.0,,,4.72,2.497,0.0,14.0,14.15,1.0,0.15
2021-12-06 06:00:00,2021,12,6,6,84.23732020813296,75.0,96.0,0.8903417133248132,alta_fd,73.276,57.059,51.074,14.0,16.548,1.0,0.15
2021-12-06 07:00:00,2021,12,6,7,272.23769276493687,169.0,347.0,0.6207810471929129,mixto,264.797,214.616,203.048,17.2,25.44,1.5,0.15
2021-12-06 08:00:00,2021,12,6,8,479.59568996351936,174.0,620.0,0.3628055957159152,mixto,500.077,407.457,389.056,20.0,37.726,1.0,0.15
2021-12-06 09:00:00,2021,12,6,9,666.9622889579766,212.0,680.0,0.3178590506686916,mixto,703.395,556.834,533.14,21.0,43.065,1.5,0.15
2021-12-06 10:00:00,2021,12,6,10,781.4295378909995,350.0,530.0,0.44789706944610147,mixto,812.369,637.984,611.415,22.0,42.365,2.6,0.15
2021-12-06 11:00:00,2021,12,6,11,916.9981725612314,358.0,609.0,0.3904042676552826,mixto,950.831,727.125,697.396,24.0,47.818,2.6,0.15
2021-12-06 12:00:00,2021,12,6,12,994.0401063568396,368.0,643.0,0.37020639071467776,mixto,1017.844,788.718,756.807,24.0,44.059,4.1,0.15
2021-12-06 13:00:00,2021,12,6,13,1006.0830770948646,274.0,749.0,0.2723433146208902,baja_fd,1008.795,792.835,760.778,24.0,41.425,5.1,0.15
2021-12-06 14:00:00,2021,12,6,14,969.7977592396227,195.0,834.0,0.20107285064557298,baja_fd,934.993,743.42,713.114,24.0,40.174,5.1,0.15
2021-12-06 15:00:00,2021,12,6,15,843.3339035446811,153.0,830.0,0.1814228022339835,baja_fd,771.624,629.816,603.536,24.0,35.765,6.2,0.15
2021-12-06 16:00:00,2021,12,6,16,640.8375874678434,148.0,712.0,0.2309477516523272,baja_fd,544.132,455.218,435.124,23.5,31.385,6.7,0.15
2021-12-06 17:00:00,2021,12,6,17,384.7978989358878,155.0,442.0,0.4028088522017241,mixto,296.797,241.126,228.618,22.0,26.491,6.2,0.15
2021-12-06 18:00:00,2021,12,6,18,132.86762114760498,94.0,119.0,0.7074710842875236,alta_fd,95.988,74.128,67.538,20.0,21.075,9.3,0.15
2021-12-06 19:00:00,2021,12,6,19,10.0,10.0,0.0,,,9.452,5.057,0.914,18.6,18.781,3.6,0.15
2021-12-06 20:00:00,2021,12,6,20,0.0,0.0,0.0,,,0.0,0.0,0.0,16.0,16.0,2.1,0.15
2021-12-06 21:00:00,2021,12,6,21,0.0,0.0,0.0,,,0.0,0.0,0.0,16.0,16.0,2.6,0.15
2021-12-06 22:00:00,2021,12,6,22,0.0,0.0,0.0,,,0.0,0.0,0.0,15.0,15.0,2.1,0.15
2021-12-06 23:00:00,2021,12,6,23,0.0,0.0,0.0,,,0.0,0.0,0.0,14.0,14.0,3.1,0.15
2021-12-07 00:00:00,2021,12,7,0,0.0,0.0,0.0,,,0.0,0.0,0.0,13.0,13.0,2.6,0.15
2021-12-07 01:00:00,2021,12,7,1,0.0,0.0,0.0,,,0.0,0.0,0.0,13.2,13.2,1.5,0.15
2021-12-07 02:00:00,2021,12,7,2,0.0,0.0,0.0,,,0.0,0.0,0.0,12.0,12.0,2.1,0.15
2021-12-07 03:00:00,2021,12,7,3,0.0,0.0,0.0,,,0.0,0.0,0.0,11.0,11.0,0.5,0.15
2021-12-07 04:00:00,2021,12,7,4,0.0,0.0,0.0,,,0.0,0.0,0.0,10.0,10.0,0.5,0.15
2021-12-07 05:00:00,2021,12,7,5,6.0,6.0,0.0,,,5.666,3.104,0.0,9.0,9.206,0.5,0.15
2021-12-07 06:00:00,2021,12,7,6,83.42469890653537,77.0,67.0,0.9229880480152135,alta_fd,72.536,57.942,51.925,12.0,14.905,0.5,0.15
2021-12-07 07:00:00,2021,12,7,7,221.3738175050967,189.0,109.0,0.8537595011462846,alta_fd,208.47,176.222,166.015,14.7,18.543,4.6,0.15
2021-12-07 08:00:00,2021,12,7,8,336.95498274825195,270.0,136.0,0.8012939823529014,alta_fd,329.746,271.235,257.661,17.0,30.345,0.5,0.15
2021-12-07 09:00:00,2021,12,7,9,371.7018366423387,359.0,19.0,0.9658278884035735,alta_fd,356.346,285.475,271.395,19.0,33.358,0.5,0.15
2021-12-07 10:00:00,2021,12,7,10,279.6272303913252,278.0,2.0,0.9941807155581809,alta_fd,267.851,214.879,203.301,19.6,29.002,1.0,0.15
2021-12-07 11:00:00,2021,12,7,11,417.60141174488297,402.0,17.0,0.9626404238441272,alta_fd,403.721,325.57,310.07,21.0,29.53,3.6,0.15
2021-12-07 12:00:00,2021,12,7,12,531.1083830899604,498.0,34.0,0.9376617200102594,alta_fd,525.113,415.818,397.121,22.0,35.095,2.6,0.15
2021-12-07 13:00:00,2021,12,7,13,601.801468966142,593.0,9.0,0.9853747964735573,alta_fd,584.16,462.545,442.192,23.9,35.363,4.1,0.15
2021-12-07 14:00:00,2021,12,7,14,680.2066876203529,444.0,254.0,0.6527427737491047,mixto,666.937,536.902,513.913,23.0,34.499,5.1,0.15
2021-12-07 15:00:00,2021,12,7,15,658.5748781882601,367.0,350.0,0.5572638923148986,mixto,620.811,502.688,480.912,22.0,35.192,3.6,0.15
2021-12-07 16:00:00,2021,12,7,16,544.9144027393465,250.0,425.0,0.4587876531492316,mixto,478.824,396.066,378.068,23.4,32.256,4.6,0.15
2021-12-07 17:00:00,2021,12,7,17,355.2156418274986,160.0,374.0,0.4504306149831654,mixto,278.327,224.714,212.788,23.0,28.473,4.1,0.15
2021-12-07 18:00:00,2021,12,7,18,129.86761593046748,95.0,106.0,0.7315141601649484,alta_fd,95.745,73.562,66.991,22.0,24.01,3.6,0.15
2021-12-07 19:00:00,2021,12,7,19,10.0,10.0,0.0,,,9.451,5.01,0.869,20.4,20.581,3.6,0.15
2021-12-07 20:00:00,2021,12,7,20,0.0,0.0,0.0,,,0.0,0.0,0.0,18.0,18.0,2.6,0.15
2021-12-07 21:00:00,2021,12,7,21,0.0,0.0,0.0,,,0.0,0.0,0.0,16.0,16.0,1.5,0.15
2021-12-07 22:00:00,2021,12,7,22,0.0,0.0,0.0,,,0.0,0.0,0.0,14.8,14.8,2.6,0.15
2021-12-07 23:00:00,2021,12,7,23,0.0,0.0,0.0,,,0.0,0.0,0.0,14.0,14.0,2.1,0.15
2021-12-08 00:00:00,2021,12,8,0,0.0,0.0,0.0,,,0.0,0.0,0.0,14.0,14.0,1.0,0.15
2021-12-08 01:00:00,2021,12,8,1,0.0,0.0,0.0,,,0.0,0.0,0.0,12.1,12.1,0.5,0.15
2021-12-08 02:00:00,2021,12,8,2,0.0,0.0,0.0,,,0.0,0.0,0.0,11.0,11.0,0.0,0.15
2021-12-08 03:00:00,2021,12,8,3,0.0,0.0,0.0,,,0.0,0.0,0.0,10.0,10.0,0.0,0.15
2021-12-08 04:00:00,2021,12,8,4,0.0,0.0,0.0,,,0.0,0.0,0.0,9.3,9.3,1.0,0.15
2021-12-08 05:00:00,2021,12,8,5,6.0,6.0,0.0,,,5.666,3.104,0.0,9.0,9.241,0.0,0.15
2021-12-08 06:00:00,2021,12,8,6,86.40084570362794,78.0,88.0,0.9027689412619351,alta_fd,74.684,59.006,52.952,12.0,14.981,0.5,0.15
2021-12-08 07:00:00,2021,12,8,7,271.3375644360945,167.0,352.0,0.6154695180045072,mixto,263.327,212.024,200.547,16.1,26.671,0.5,0.15
2021-12-08 08:00:00,2021,12,8,8,487.6123743206713,170.0,646.0,0.34863758377100157,mixto,507.905,416.985,398.246,18.0,36.006,1.0,0.15
2021-12-08 09:00:00,2021,12,8,9,705.6144005957656,196.0,763.0,0.27777210872469854,baja_fd,745.096,580.163,555.642,21.0,47.347,1.0,0.15
2021-12-08 10:00:00,2021,12,8,10,886.0089627788549,181.0,867.0,0.20428687248525843,baja_fd,934.182,724.93,695.28,23.0,46.459,2.6,0.15
2021-12-08 11:00:00,2021,12,8,11,1016.821141946355,136.0,960.0,0.13375016941492254,baja_fd,1056.088,806.302,773.768,25.0,49.31,3.1,0.15
2021-12-08 12:00:00,2021,12,8,12,1086.6247785235541,140.0,972.0,0.12883932224537,baja_fd,1105.373,830.94,797.533,27.0,52.435,3.1,0.15
2021-12-08 13:00:00,2021,12,8,13,1077.3024919503066,138.0,960.0,0.12809772652634466,baja_fd,1067.466,795.888,763.723,28.0,54.786,2.6,0.15
2021-12-08 14:00:00,2021,12,8,14,997.9095229499743,162.0,898.0,0.1623393667204448,baja_fd,959.816,742.791,712.508,28.0,46.967,4.1,0.15
2021-12-08 15:00:00,2021,12,8,15,852.5701278680011,140.0,854.0,0.16420936580324974,baja_fd,778.273,618.83,592.939,28.0,42.385,4.6,0.15
2021-12-08 16:00:00,2021,12,8,16,644.7591043266414,146.0,717.0,0.22644116076883647,baja_fd,547.03,447.103,427.296,28.4,37.244,5.7,0.15
2021-12-08 17:00:00,2021,12,8,17,392.6593993905549,149.0,465.0,0.37946372920465504,mixto,300.767,237.544,225.163,28.0,33.516,4.6,0.15
2021-12-08 18:00:00,2021,12,8,18,141.00833348587258,90.0,154.0,0.6382601494188779,mixto,97.35,71.646,65.144,26.0,27.884,4.1,0.15
2021-12-08 19:00:00,2021,12,8,19,11.0,11.0,0.0,1.0,alta_fd,10.398,5.436,1.28,24.0,24.173,4.6,0.15
2021-12-08 20:00:00,2021,12,8,20,0.0,0.0,0.0,,,0.0,0.0,0.0,22.0,22.0,2.1,0.15
2021-12-08 21:00:00,2021,12,8,21,0.0,0.0,0.0,,,0.0,0.0,0.0,20.0,20.0,1.5,0.15
2021-12-08 22:00:00,2021,12,8,22,0.0,0.0,0.0,,,0.0,0.0,0.0,18.4,18.4,1.0,0.15
2021-12-08 23:00:00,2021,12,8,23,0.0,0.0,0.0,,,0.0,0.0,0.0,18.0,18.0,0.5,0.15
2021-12-09 00:00:00,2021,12,9,0,0.0,0.0,0.0,,,0.0,0.0,0.0,16.0,16.0,0.0,0.15
2021-12-09 01:00:00,2021,12,9,1,0.0,0.0,0.0,,,0.0,0.0,0.0,13.8,13.8,1.0,0.15
2021-12-09 02:00:00,2021,12,9,2,0.0,0.0,0.0,,,0.0,0.0,0.0,13.0,13.0,0.0,0.15
2021-12-09 03:00:00,2021,12,9,3,0.0,0.0,0.0,,,0.0,0.0,0.0,12.0,12.0,1.5,0.15
2021-12-09 04:00:00,2021,12,9,4,0.0,0.0,0.0,,,0.0,0.0,0.0,11.0,11.0,1.0,0.15
2021-12-09 05:00:00,2021,12,9,5,6.0,6.0,0.0,,,5.819,3.165,0.0,11.0,11.185,1.0,0.15
2021-12-09 06:00:00,2021,12,9,6,86.26000006463332,78.0,87.0,0.904242985642891,alta_fd,74.409,58.34,52.309,14.0,16.97,0.5,0.15
2021-12-09 07:00:00,2021,12,9,7,271.09848766910756,167.0,352.0,0.6160122892453528,mixto,262.701,208.626,197.27,19.4,29.944,0.5,0.15
2021-12-09 08:00:00,2021,12,9,8,488.79468941177305,180.0,629.0,0.3682527734018882,mixto,507.474,399.546,381.425,22.0,46.088,0.0,0.15
2021-12-09 09:00:00,2021,12,9,9,705.7705610398073,194.0,767.0,0.27487686609396267,baja_fd,744.857,563.55,539.618,24.0,54.166,0.5,0.15
2021-12-09 10:00:00,2021,12,9,10,887.8822565085111,176.0,876.0,0.19822448157945918,baja_fd,935.991,697.469,668.791,26.8,56.127,1.5,0.15
2021-12-09 11:00:00,2021,12,9,11,1014.9119261715173,138.0,956.0,0.13597238976249687,baja_fd,1053.44,783.759,752.024,29.0,55.436,2.6,0.15
2021-12-09 12:00:00,2021,12,9,12,1085.7065115948858,139.0,972.0,0.12802723251222947,baja_fd,1104.022,816.046,783.167,31.0,56.403,3.1,0.15
2021-12-09 13:00:00,2021,12,9,13,1078.755011342722,139.0,960.0,0.12885224034972248,baja_fd,1068.503,795.491,763.34,32.4,55.112,3.6,0.15
2021-12-09 14:00:00,2021,12,9,14,998.7041890650893,162.0,898.0,0.1622101937428059,baja_fd,960.316,726.392,696.689,32.0,52.427,3.6,0.15
2021-12-09 15:00:00,2021,12,9,15,853.6205314767576,160.0,830.0,0.18743691617070304,baja_fd,780.994,614.974,589.22,32.0,44.595,5.7,0.15
2021-12-09 16:00:00,2021,12,9,16,646.6584765967048,146.0,718.0,0.225776055342818,baja_fd,548.65,438.392,418.894,31.9,42.785,4.1,0.15
2021-12-09 17:00:00,2021,12,9,17,395.1672893916082,149.0,468.0,0.3770555002905161,mixto,302.673,236.667,224.317,30.4,36.103,4.4,0.15
2021-12-09 18:00:00,2021,12,9,18,141.3506270967649,98.0,130.0,0.6933113917698561,mixto,101.569,75.21,68.581,29.0,30.845,4.6,0.15
2021-12-09 19:00:00,2021,12,9,19,11.0,11.0,0.0,1.0,alta_fd,10.398,5.352,1.199,26.9,27.085,4.1,0.15
2021-12-09 20:00:00,2021,12,9,20,0.0,0.0,0.0,,,0.0,0.0,0.0,25.0,25.0,2.6,0.15
2021-12-09 21:00:00,2021,12,9,21,0.0,0.0,0.0,,,0.0,0.0,0.0,22.0,22.0,1.5,0.15
2021-12-09 22:00:00,2021,12,9,22,0.0,0.0,0.0,,,0.0,0.0,0.0,21.5,21.5,1.0,0.15
2021-12-09 23:00:00,2021,12,9,23,0.0,0.0,0.0,,,0.0,0.0,0.0,21.0,21.0,1.5,0.15
2021-12-10 00:00:00,2021,12,10,0,0.0,0.0,0.0,,,0.0,0.0,0.0,18.0,18.0,1.5,0.15
2021-12-10 01:00:00,2021,12,10,1,0.0,0.0,0.0,,,0.0,0.0,0.0,17.1,17.1,0.5,0.15
2021-12-10 02:00:00,2021,12,10,2,0.0,0.0,0.0,,,0.0,0.0,0.0,16.0,16.0,1.5,0.15
2021-12-10 03:00:00,2021,12,10,3,0.0,0.0,0.0,,,0.0,0.0,0.0,15.0,15.0,1.0,0.15
2021-12-10 04:00:00,2021,12,10,4,0.0,0.0,0.0,,,0.0,0.0,0.0,14.4,14.4,2.6,0.15
2021-12-10 05:00:00,2021,12,10,5,6.0,6.0,0.0,,,5.819,3.1,0.0,15.0,15.145,2.1,0.15
2021-12-10 06:00:00,2021,12,10,6,82.96108533601095,74.0,95.0,0.891984473205521,alta_fd,71.611,55.139,49.222,17.0,19.211,1.5,0.15
2021-12-10 07:00:00,2021,12,10,7,254.75054412142708,158.0,328.0,0.6202145732206529,mixto,246.657,197.134,186.185,20.2,27.871,1.5,0.15
2021-12-10 08:00:00,2021,12,10,8,434.8726612318071,230.0,418.0,0.5288904557681529,mixto,441.922,364.398,347.522,21.0,33.233,2.1,0.15
2021-12-10 09:00:00,2021,12,10,9,550.6217738977657,368.0,274.0,0.6683353573088572,mixto,556.006,450.341,430.42,22.0,34.791,3.1,0.15
2021-12-10 10:00:00,2021,12,10,10,521.6389368396236,425.0,119.0,0.8147397941090908,alta_fd,521.069,419.103,400.289,23.2,33.452,4.1,0.15
2021-12-10 11:00:00,2021,12,10,11,506.777312980493,427.0,87.0,0.8425791547153102,alta_fd,501.75,401.071,382.896,23.0,33.612,3.6,0.15
2021-12-10 12:00:00,2021,12,10,12,433.85726753461967,391.0,44.0,0.9012180485574098,alta_fd,427.755,345.661,329.449,22.0,29.353,5.1,0.15
2021-12-10 13:00:00,2021,12,10,13,316.938065882718,314.0,3.0,0.9907298422026555,alta_fd,304.702,245.912,233.235,21.3,27.279,4.1,0.15
2021-12-10 14:00:00,2021,12,10,14,469.247655105498,445.0,26.0,0.9483265289838336,alta_fd,451.122,366.847,349.884,22.0,28.827,6.2,0.15
2021-12-10 15:00:00,2021,12,10,15,519.4895427100785,368.0,181.0,0.7083876955062729,alta_fd,493.561,405.078,386.761,21.0,30.087,4.6,0.15
2021-12-10 16:00:00,2021,12,10,16,460.3805076249121,315.0,208.0,0.6842166312059444,mixto,418.208,346.205,329.974,21.0,29.902,3.6,0.15
2021-12-10 17:00:00,2021,12,10,17,309.25065241485186,229.0,152.0,0.7404996504026848,alta_fd,265.264,221.257,209.453,20.0,24.036,6.2,0.15
2021-12-10 18:00:00,2021,12,10,18,126.90249722992073,93.0,101.0,0.7328460986193478,alta_fd,94.553,73.295,66.734,20.0,22.345,2.6,0.15
2021-12-10 19:00:00,2021,12,10,19,11.0,11.0,0.0,1.0,alta_fd,10.398,5.555,1.395,19.8,20.015,3.1,0.15
2021-12-10 20:00:00,2021,12,10,20,0.0,0.0,0.0,,,0.0,0.0,0.0,18.0,18.0,1.5,0.15
2021-12-10 21:00:00,2021,12,10,21,0.0,0.0,0.0,,,0.0,0.0,0.0,16.0,16.0,3.6,0.15
2021-12-10 22:00:00,2021,12,10,22,0.0,0.0,0.0,,,0.0,0.0,0.0,14.7,14.7,2.1,0.15
2021-12-10 23:00:00,2021,12,10,23,0.0,0.0,0.0,,,0.0,0.0,0.0,14.0,14.0,2.1,0.15
2021-12-11 00:00:00,2021,12,11,0,0.0,0.0,0.0,,,0.0,0.0,0.0,14.0,14.0,2.6,0.15
2021-12-11 01:00:00,2021,12,11,1,0.0,0.0,0.0,,,0.0,0.0,0.0,12.5,12.5,1.0,0.15
2021-12-11 02:00:00,2021,12,11,2,0.0,0.0,0.0,,,0.0,0.0,0.0,12.0,12.0,2.1,0.15
2021-12-11 03:00:00,2021,12,11,3,0.0,0.0,0.0,,,0.0,0.0,0.0,12.0,12.0,1.5,0.15
2021-12-11 04:00:00,2021,12,11,4,0.0,0.0,0.0,,,0.0,0.0,0.0,11.6,11.6,0.5,0.15
2021-12-11 05:00:00,2021,12,11,5,3.0,3.0,0.0,,,2.91,1.529,0.0,11.0,11.106,0.5,0.15
2021-12-11 06:00:00,2021,12,11,6,59.0,59.0,0.0,1.0,alta_fd,54.773,45.27,39.703,12.0,14.219,0.5,0.15
2021-12-11 07:00:00,2021,12,11,7,214.41278721631403,175.0,134.0,0.8161826646255396,alta_fd,202.686,168.998,159.046,13.5,20.641,1.0,0.15
2021-12-11 08:00:00,2021,12,11,8,465.2005609363283,224.0,493.0,0.4815127469948574,mixto,474.532,389.125,371.373,16.0,35.251,0.5,0.15
2021-12-11 09:00:00,2021,12,11,9,698.9613711500056,209.0,736.0,0.29901509386152625,baja_fd,735.067,568.74,544.624,19.0,48.765,0.5,0.15
2021-12-11 10:00:00,2021,12,11,10,879.7854552875297,160.0,887.0,0.18186252004780998,baja_fd,927.589,717.504,688.117,21.8,47.408,2.1,0.15
2021-12-11 11:00:00,2021,12,11,11,1011.7334678631411,151.0,939.0,0.14924879407115357,baja_fd,1048.266,796.865,764.665,24.0,50.304,2.6,0.15
2021-12-11 12:00:00,2021,12,11,12,1081.1630753123072,149.0,957.0,0.13781454750196637,baja_fd,1098.067,821.513,788.44,26.0,53.544,2.6,0.15
2021-12-11 13:00:00,2021,12,11,13,1084.378581092499,134.0,970.0,0.12357307893798174,baja_fd,1073.522,821.741,788.66,27.3,48.499,4.1,0.15
2021-12-11 14:00:00,2021,12,11,14,1003.9605899235294,162.0,902.0,0.1613609155836878,baja_fd,964.926,750.154,719.61,28.0,45.803,4.6,0.15
2021-12-11 15:00:00,2021,12,11,15,860.41563745751,158.0,838.0,0.18363218091535735,baja_fd,786.804,622.082,596.075,28.0,43.572,4.1,0.15
2021-12-11 16:00:00,2021,12,11,16,655.6100387674113,147.0,726.0,0.22421865332686086,baja_fd,556.307,447.641,427.816,28.2,41.063,3.1,0.15
2021-12-11 17:00:00,2021,12,11,17,401.7007528572352,150.0,475.0,0.3734122949311726,mixto,307.828,243.516,230.924,28.0,33.648,4.6,0.15
2021-12-11 18:00:00,2021,12,11,18,145.94448129798067,100.0,136.0,0.6851920614649759,mixto,104.684,78.099,71.368,27.0,29.191,3.6,0.15
2021-12-11 19:00:00,2021,12,11,19,12.0,12.0,0.0,1.0,alta_fd,11.345,5.947,1.773,24.3,24.535,3.1,0.15
2021-12-11 20:00:00,2021,12,11,20,0.0,0.0,0.0,,,0.0,0.0,0.0,23.0,23.0,2.1,0.15
2021-12-11 21:00:00,2021,12,11,21,0.0,0.0,0.0,,,0.0,0.0,0.0,21.0,21.0,3.1,0.15
2021-12-11 22:00:00,2021,12,11,22,0.0,0.0,0.0,,,0.0,0.0,0.0,20.0,20.0,3.6,0.15
2021-12-11 23:00:00,2021,12,11,23,0.0,0.0,0.0,,,0.0,0.0,0.0,18.0,18.0,1.0,0.15
2021-12-12 00:00:00,2021,12,12,0,0.0,0.0,0.0,,,0.0,0.0,0.0,16.0,16.0,0.0,0.15
2021-12-12 01:00:00,2021,12,12,1,0.0,0.0,0.0,,,0.0,0.0,0.0,14.7,14.7,0.5,0.15
2021-12-12 02:00:00,2021,12,12,2,0.0,0.0,0.0,,,0.0,0.0,0.0,14.0,14.0,0.0,0.15
2021-12-12 03:00:00,2021,12,12,3,0.0,0.0,0.0,,,0.0,0.0,0.0,10.0,10.0,1.5,0.15
2021-12-12 04:00:00,2021,12,12,4,0.0,0.0,0.0,,,0.0,0.0,0.0,10.5,10.5,1.0,0.15
2021-12-12 05:00:00,2021,12,12,5,6.0,6.0,0.0,,,5.819,3.165,0.0,11.0,11.185,1.0,0.15
2021-12-12 06:00:00,2021,12,12,6,84.79686441064372,77.0,84.0,0.9080524443346627,alta_fd,72.774,57.123,51.135,14.2,16.947,0.7,0.15
2021-12-12 07:00:00,2021,12,12,7,268.9124646629798,166.0,351.0,0.6173012478541781,mixto,259.55,207.418,196.105,17.5,27.913,0.5,0.15
2021-12-12 08:00:00,2021,12,12,8,486.6320222016058,179.0,630.0,0.36783440430034514,mixto,503.842,410.081,391.587,20.2,38.06,1.0,0.15
2021-12-12 09:00:00,2021,12,12,9,702.2840970125397,195.0,763.0,0.27766540753167324,baja_fd,739.509,562.455,538.561,23.0,52.95,0.5,0.15
2021-12-12 10:00:00,2021,12,12,10,883.7965104488457,180.0,868.0,0.203666791927686,baja_fd,929.907,705.649,676.681,26.2,51.868,2.1,0.15
2021-12-12 11:00:00,2021,12,12,11,1013.2130241409563,140.0,953.0,0.13817429964315525,baja_fd,1050.276,792.331,760.292,28.0,52.175,3.1,0.15
2021-12-12 12:00:00,2021,12,12,12,1084.9161671804964,144.0,966.0,0.13272914936296906,baja_fd,1101.855,814.544,781.718,31.0,56.353,3.1,0.15
2021-12-12 13:00:00,2021,12,12,13,1080.0140180148464,142.0,957.0,0.1314797749208918,baja_fd,1068.851,790.902,758.914,31.9,56.499,3.1,0.15
2021-12-12 14:00:00,2021,12,12,14,1007.2310977493265,158.0,909.0,0.15686568887026367,baja_fd,967.72,743.268,712.967,32.0,48.744,5.1,0.15
2021-12-12 15:00:00,2021,12,12,15,860.9196988867607,160.0,835.0,0.18584776281329493,baja_fd,787.462,622.992,596.953,32.0,43.382,6.7,0.15
2021-12-12 16:00:00,2021,12,12,16,659.9774830521443,146.0,732.0,0.2212196684723328,baja_fd,559.846,452.727,432.722,31.3,39.855,6.2,0.15
2021-12-12 17:00:00,2021,12,12,17,402.6241564532337,158.0,460.0,0.39242553499979155,mixto,310.887,245.076,232.428,30.0,34.98,5.7,0.15
2021-12-12 18:00:00,2021,12,12,18,148.25181410072537,101.0,139.0,0.6812732823045153,mixto,106.258,79.029,72.266,28.0,29.929,4.6,0.15
2021-12-12 19:00:00,2021,12,12,19,12.0,12.0,0.0,1.0,alta_fd,11.345,5.885,1.713,26.3,26.535,3.1,0.15
2021-12-12 20:00:00,2021,12,12,20,0.0,0.0,0.0,,,0.0,0.0,0.0,24.0,24.0,2.6,0.15
2021-12-12 21:00:00,2021,12,12,21,0.0,0.0,0.0,,,0.0,0.0,0.0,21.0,21.0,2.6,0.15
2021-12-12 22:00:00,2021,12,12,22,0.0,0.0,0.0,,,0.0,0.0,0.0,21.1,21.1,1.5,0.15
2021-12-12 23:00:00,2021,12,12,23,0.0,0.0,0.0,,,0.0,0.0,0.0,19.0,19.0,2.1,0.15
2021-12-13 00:00:00,2021,12,13,0,0.0,0.0,0.0,,,0.0,0.0,0.0,18.0,18.0,0.5,0.15
2021-12-13 01:00:00,2021,12,13,1,0.0,0.0,0.0,,,0.0,0.0,0.0,16.4,16.4,0.0,0.15
2021-12-13 02:00:00,2021,12,13,2,0.0,0.0,0.0,,,0.0,0.0,0.0,15.0,15.0,0.5,0.15
2021-12-13 03:00:00,2021,12,13,3,0.0,0.0,0.0,,,0.0,0.0,0.0,14.0,14.0,1.0,0.15
2021-12-13 04:00:00,2021,12,13,4,0.0,0.0,0.0,,,0.0,0.0,0.0,15.0,15.0,2.1,0.15
2021-12-13 05:00:00,2021,12,13,5,5.0,5.0,0.0,,,4.849,2.56,0.0,15.0,15.137,1.5,0.15
2021-12-13 06:00:00,2021,12,13,6,81.9172015326676,73.0,97.0,0.8911437235912957,alta_fd,70.265,54.082,48.202,17.0,18.91,2.1,0.15
2021-12-13 07:00:00,2021,12,13,7,267.0978433087936,166.0,346.0,0.6214950968663805,mixto,257.385,206.024,194.76,19.4,27.401,1.5,0.15
2021-12-13 08:00:00,2021,12,13,8,484.5561085020437,180.0,625.0,0.37147400856518314,mixto,501.11,408.302,389.871,22.0,37.764,1.5,0.15
2021-12-13 09:00:00,2021,12,13,9,695.8182208228662,164.0,801.0,0.23569374168738436,baja_fd,734.864,582.483,557.879,23.0,43.322,2.1,0.15
2021-12-13 10:00:00,2021,12,13,10,875.6653653307085,166.0,876.0,0.1895701332635299,baja_fd,922.0,725.748,696.068,24.9,43.123,4.1,0.15
2021-12-13 11:00:00,2021,12,13,11,997.3658119514229,174.0,899.0,0.1744595592860313,baja_fd,1037.611,800.935,768.592,26.0,46.486,4.1,0.15
2021-12-13 12:00:00,2021,12,13,12,1046.0197812367796,223.0,845.0,0.21318908494859637,baja_fd,1066.259,831.726,798.291,26.0,43.141,5.7,0.15
2021-12-13 13:00:00,2021,12,13,13,1011.1713613482099,315.0,710.0,0.3115198986450781,mixto,1010.83,796.85,764.651,25.8,40.357,6.7,0.15
2021-12-13 14:00:00,2021,12,13,14,977.1418384328825,202.0,829.0,0.20672536171817485,baja_fd,940.703,754.266,723.575,25.0,37.901,7.2,0.15
2021-12-13 15:00:00,2021,12,13,15,854.0472096673371,137.0,853.0,0.16041267795180003,baja_fd,779.261,636.128,609.623,25.0,35.71,7.2,0.15
2021-12-13 16:00:00,2021,12,13,16,656.1189856148463,141.0,732.0,0.21490004571026014,baja_fd,556.141,462.401,442.053,24.4,32.899,6.2,0.15
2021-12-13 17:00:00,2021,12,13,17,405.2237897359562,140.0,497.0,0.3454881069327741,mixto,308.152,250.121,237.294,23.0,27.204,7.2,0.15
2021-12-13 18:00:00,2021,12,13,18,150.40543727573385,95.0,162.0,0.6316261015606723,mixto,104.565,79.136,72.368,21.0,22.479,6.7,0.15
2021-12-13 19:00:00,2021,12,13,19,12.0,12.0,0.0,1.0,alta_fd,11.345,6.121,1.94,18.8,18.988,4.6,0.15
2021-12-13 20:00:00,2021,12,13,20,0.0,0.0,0.0,,,0.0,0.0,0.0,17.0,17.0,2.6,0.15
2021-12-13 21:00:00,2021,12,13,21,0.0,0.0,0.0,,,0.0,0.0,0.0,16.0,16.0,3.6,0.15
2021-12-13 22:00:00,2021,12,13,22,0.0,0.0,0.0,,,0.0,0.0,0.0,15.2,15.2,3.1,0.15
2021-12-13 23:00:00,2021,12,13,23,0.0,0.0,0.0,,,0.0,0.0,0.0,14.0,14.0,3.1,0.15
2021-12-14 00:00:00,2021,12,14,0,0.0,0.0,0.0,,,0.0,0.0,0.0,14.0,14.0,2.1,0.15
2021-12-14 01:00:00,2021,12,14,1,0.0,0.0,0.0,,,0.0,0.0,0.0,13.6,13.6,2.1,0.15
2021-12-14 02:00:00,2021,12,14,2,0.0,0.0,0.0,,,0.0,0.0,0.0,13.0,13.0,1.5,0.15
2021-12-14 03:00:00,2021,12,14,3,0.0,0.0,0.0,,,0.0,0.0,0.0,12.0,12.0,1.0,0.15
2021-12-14 04:00:00,2021,12,14,4,0.0,0.0,0.0,,,0.0,0.0,0.0,11.0,11.0,0.0,0.15
2021-12-14 05:00:00,2021,12,14,5,5.0,5.0,0.0,,,4.849,2.614,0.0,11.0,11.206,0.0,0.15
2021-12-14 06:00:00,2021,12,14,6,81.73126675437517,73.0,96.0,0.893171033545644,alta_fd,69.954,54.519,48.624,14.0,16.16,1.5,0.15
2021-12-14 07:00:00,2021,12,14,7,265.68415764552805,167.0,339.0,0.6285658937286317,mixto,255.537,204.978,193.751,16.6,26.852,0.5,0.15
2021-12-14 08:00:00,2021,12,14,8,479.3103116210922,173.0,630.0,0.36093527680406173,mixto,495.941,400.167,382.024,20.0,40.135,0.5,0.15
2021-12-14 09:00:00,2021,12,14,9,694.3793560174614,164.0,800.0,0.23618213672221547,baja_fd,732.946,563.463,539.533,21.0,50.693,0.5,0.15
2021-12-14 10:00:00,2021,12,14,10,877.1004981352464,160.0,886.0,0.1824192328475094,baja_fd,923.593,710.103,680.977,23.4,48.898,2.1,0.15
2021-12-14 11:00:00,2021,12,14,11,1008.918798352134,153.0,935.0,0.15164748664599642,baja_fd,1044.236,769.282,738.06,25.0,57.693,1.5,0.15
2021-12-14 12:00:00,2021,12,14,12,1076.5549818571376,164.0,937.0,0.15233778373036533,baja_fd,1091.634,828.103,794.797,27.0,50.194,3.6,0.15
2021-12-14 13:00:00,2021,12,14,13,1072.2363751920857,162.0,928.0,0.15108608861640097,baja_fd,1060.315,807.099,774.536,28.8,49.734,4.1,0.15
2021-12-14 14:00:00,2021,12,14,14,1002.7901509466503,169.0,891.0,0.1685297764846027,baja_fd,963.938,743.065,712.771,30.0,47.783,4.6,0.15
2021-12-14 15:00:00,2021,12,14,15,864.5671001037535,144.0,856.0,0.16655734411212164,baja_fd,789.429,628.96,602.71,29.0,41.732,5.7,0.15
2021-12-14 16:00:00,2021,12,14,16,654.4488906393623,177.0,677.0,0.27045656663437884,baja_fd,560.876,457.361,437.192,28.0,37.389,5.4,0.15
2021-12-14 17:00:00,2021,12,14,17,408.489425991259,152.0,479.0,0.37210265512050866,mixto,313.877,250.147,237.32,27.0,32.404,5.1,0.15
2021-12-14 18:00:00,2021,12,14,18,152.19612666500632,103.0,143.0,0.6767583529028289,mixto,109.201,81.954,75.087,26.0,28.123,4.1,0.15
2021-12-14 19:00:00,2021,12,14,19,13.0,13.0,0.0,1.0,alta_fd,12.294,6.477,2.284,24.2,24.404,4.6,0.15
2021-12-14 20:00:00,2021,12,14,20,0.0,0.0,0.0,,,0.0,0.0,0.0,21.0,21.0,2.1,0.15
2021-12-14 21:00:00,2021,12,14,21,0.0,0.0,0.0,,,0.0,0.0,0.0,19.0,19.0,2.1,0.15
2021-12-14 22:00:00,2021,12,14,22,0.0,0.0,0.0,,,0.0,0.0,0.0,18.9,18.9,0.5,0.15
2021-12-14 23:00:00,2021,12,14,23,0.0,0.0,0.0,,,0.0,0.0,0.0,18.0,18.0,1.0,0.15
2021-12-15 00:00:00,2021,12,15,0,0.0,0.0,0.0,,,0.0,0.0,0.0,16.0,16.0,0.0,0.15
2021-12-15 01:00:00,2021,12,15,1,0.0,0.0,0.0,,,0.0,0.0,0.0,15.0,15.0,0.0,0.15
2021-12-15 02:00:00,2021,12,15,2,0.0,0.0,0.0,,,0.0,0.0,0.0,13.0,13.0,10.3,0.15
2021-12-15 03:00:00,2021,12,15,3,0.0,0.0,0.0,,,0.0,0.0,0.0,12.0,12.0,0.0,0.15
2021-12-15 04:00:00,2021,12,15,4,0.0,0.0,0.0,,,0.0,0.0,0.0,11.6,11.6,1.5,0.15
2021-12-15 05:00:00,2021,12,15,5,5.0,5.0,0.0,,,4.849,2.614,0.0,11.0,11.154,1.0,0.15
2021-12-15 06:00:00,2021,12,15,6,83.19066462644739,76.0,80.0,0.9135640440097965,alta_fd,71.035,56.234,50.278,12.0,15.32,0.0,0.15
2021-12-15 07:00:00,2021,12,15,7,265.31903335718766,165.0,346.0,0.6218928130115248,mixto,255.122,205.196,193.961,17.9,25.828,1.5,0.15
2021-12-15 08:00:00,2021,12,15,8,481.73552062840065,181.0,620.0,0.37572483707220566,mixto,495.596,405.472,387.141,21.0,36.588,1.5,0.15
2021-12-15 09:00:00,2021,12,15,9,686.7580200251655,185.0,758.0,0.2693816374990726,baja_fd,722.745,577.467,553.041,23.0,41.179,2.6,0.15
2021-12-15 10:00:00,2021,12,15,10,837.4055381220558,252.0,724.0,0.3009294643132272,mixto,876.896,672.937,645.129,24.6,48.789,2.1,0.15
2021-12-15 11:00:00,2021,12,15,11,996.5676610779204,239.0,828.0,0.23982315434708137,baja_fd,1036.937,784.287,752.533,25.0,51.003,2.6,0.15
2021-12-15 12:00:00,2021,12,15,12,1083.1402140960213,159.0,949.0,0.14679539909124315,baja_fd,1098.506,808.581,775.966,27.0,57.286,2.1,0.15
2021-12-15 13:00:00,2021,12,15,13,1088.674889961078,134.0,973.0,0.12308541442045268,baja_fd,1077.145,832.806,799.333,27.4,46.025,5.1,0.15
2021-12-15 14:00:00,2021,12,15,14,1014.7294562521822,155.0,918.0,0.15275007446071334,baja_fd,969.765,763.326,732.315,28.0,42.761,6.2,0.15
2021-12-15 15:00:00,2021,12,15,15,863.16947299238,145.0,852.0,0.16798555154797518,baja_fd,788.448,635.45,608.969,28.0,38.835,7.2,0.15
2021-12-15 16:00:00,2021,12,15,16,666.1583584546679,146.0,736.0,0.21916710666017306,baja_fd,565.633,468.368,447.808,26.1,33.891,7.2,0.15
2021-12-15 17:00:00,2021,12,15,17,413.7140420720042,151.0,489.0,0.36498640279103567,mixto,317.46,256.065,243.028,25.0,29.559,6.7,0.15
2021-12-15 18:00:00,2021,12,15,18,155.20793915066065,104.0,148.0,0.6700688158680272,mixto,111.063,84.513,77.555,23.0,24.759,5.7,0.15
2021-12-15 19:00:00,2021,12,15,19,13.0,13.0,0.0,1.0,alta_fd,12.293,6.576,2.379,21.3,21.468,6.2,0.15
2021-12-15 20:00:00,2021,12,15,20,0.0,0.0,0.0,,,0.0,0.0,0.0,19.6,19.6,4.1,0.15
2021-12-15 21:00:00,2021,12,15,21,0.0,0.0,0.0,,,0.0,0.0,0.0,18.0,18.0,2.1,0.15
2021-12-15 22:00:00,2021,12,15,22,0.0,0.0,0.0,,,0.0,0.0,0.0,16.4,16.4,1.9,0.15
2021-12-15 23:00:00,2021,12,15,23,0.0,0.0,0.0,,,0.0,0.0,0.0,14.8,14.8,1.8,0.15
2021-12-16 00:00:00,2021,12,16,0,0.0,0.0,0.0,,,0.0,0.0,0.0,13.2,13.2,1.6,0.15
2021-12-16 01:00:00,2021,12,16,1,0.0,0.0,0.0,,,0.0,0.0,0.0,11.6,11.6,1.5,0.15
2021-12-16 02:00:00,2021,12,16,2,0.0,0.0,0.0,,,0.0,0.0,0.0,11.0,11.0,2.1,0.15
2021-12-16 03:00:00,2021,12,16,3,0.0,0.0,0.0,,,0.0,0.0,0.0,11.0,11.0,2.1,0.15
2021-12-16 04:00:00,2021,12,16,4,0.0,0.0,0.0,,,0.0,0.0,0.0,9.9,9.9,1.5,0.15
2021-12-16 05:00:00,2021,12,16,5,5.0,5.0,0.0,,,4.849,2.641,0.0,9.0,9.206,0.0,0.15
2021-12-16 06:00:00,2021,12,16,6,83.38848278051805,77.0,72.0,0.92338890734668,alta_fd,71.07,56.731,50.757,13.0,14.621,3.1,0.15
2021-12-16 07:00:00,2021,12,16,7,264.8897362371368,165.0,346.0,0.6229006919780664,mixto,254.427,208.336,196.99,14.8,21.136,2.6,0.15
2021-12-16 08:00:00,2021,12,16,8,481.8853455763046,179.0,626.0,0.3714576540731432,mixto,497.353,414.298,395.654,16.4,32.043,1.5,0.15
2021-12-16 09:00:00,2021,12,16,9,698.9055530992679,194.0,764.0,0.27757684731465504,baja_fd,734.553,593.615,568.618,18.0,38.308,2.1,0.15
2021-12-16 10:00:00,2021,12,16,10,880.9167827605797,179.0,869.0,0.20319740014381082,baja_fd,925.691,727.784,698.032,20.1,43.347,2.6,0.15
2021-12-16 11:00:00,2021,12,16,11,1011.4385669168018,140.0,953.0,0.13841671118668744,baja_fd,1047.475,816.57,783.672,22.0,44.268,3.6,0.15
2021-12-16 12:00:00,2021,12,16,12,1084.5621480465572,144.0,966.0,0.13277247436614253,baja_fd,1100.766,868.195,833.333,23.0,40.707,5.7,0.15
2021-12-16 13:00:00,2021,12,16,13,1084.1527475064674,140.0,962.0,0.12913309524142016,baja_fd,1072.556,838.183,804.519,23.6,43.374,4.6,0.15
2021-12-16 14:00:00,2021,12,16,14,1011.1314657226391,162.0,906.0,0.160216554910811,baja_fd,971.633,769.598,738.364,24.3,41.111,5.1,0.15
2021-12-16 15:00:00,2021,12,16,15,869.674226006739,159.0,842.0,0.18282708081401497,baja_fd,795.718,643.533,616.767,25.0,37.831,5.7,0.15
2021-12-16 16:00:00,2021,12,16,16,665.9844683418768,149.0,730.0,0.22372894126340537,baja_fd,566.328,470.568,449.93,24.3,32.953,6.2,0.15
2021-12-16 17:00:00,2021,12,16,17,417.2586885961376,151.0,494.0,0.3618858135897371,mixto,320.221,258.911,245.774,24.0,29.131,5.7,0.15
2021-12-16 18:00:00,2021,12,16,18,157.18794026422086,105.0,150.0,0.6679901767495844,mixto,112.559,85.911,78.903,22.0,24.188,4.1,0.15
2021-12-16 19:00:00,2021,12,16,19,14.0,14.0,0.0,1.0,alta_fd,13.241,7.171,2.954,23.3,23.521,4.6,0.15
2021-12-16 20:00:00,2021,12,16,20,0.0,0.0,0.0,,,0.0,0.0,0.0,18.0,18.0,3.1,0.15
2021-12-16 21:00:00,2021,12,16,21,0.0,0.0,0.0,,,0.0,0.0,0.0,17.0,17.0,2.6,0.15
2021-12-16 22:00:00,2021,12,16,22,0.0,0.0,0.0,,,0.0,0.0,0.0,15.8,15.8,1.5,0.15
2021-12-16 23:00:00,2021,12,16,23,0.0,0.0,0.0,,,0.0,0.0,0.0,16.0,16.0,2.6,0.15
2021-12-17 00:00:00,2021,12,17,0,0.0,0.0,0.0,,,0.0,0.0,0.0,15.0,15.0,2.1,0.15
2021-12-17 01:00:00,2021,12,17,1,0.0,0.0,0.0,,,0.0,0.0,0.0,13.9,13.9,1.5,0.15
2021-12-17 02:00:00,2021,12,17,2,0.0,0.0,0.0,,,0.0,0.0,0.0,13.0,13.0,2.1,0.15
2021-12-17 03:00:00,2021,12,17,3,0.0,0.0,0.0,,,0.0,0.0,0.0,12.0,12.0,2.1,0.15
2021-12-17 04:00:00,2021,12,17,4,0.0,0.0,0.0,,,0.0,0.0,0.0,10.2,10.2,0.0,0.15
2021-12-17 05:00:00,2021,12,17,5,5.0,5.0,0.0,,,4.849,2.656,0.0,8.0,8.137,1.5,0.15
2021-12-17 06:00:00,2021,12,17,6,80.82412383556226,74.0,78.0,0.91556822998235,alta_fd,68.871,55.08,49.165,10.0,12.753,0.5,0.15
2021-12-17 07:00:00,2021,12,17,7,263.43444362546495,164.0,346.0,0.6225457754991417,mixto,252.821,204.076,192.881,14.4,24.535,0.5,0.15
2021-12-17 08:00:00,2021,12,17,8,479.18935949576303,180.0,620.0,0.37563438426389256,mixto,492.425,406.133,387.779,17.0,34.451,1.0,0.15
2021-12-17 09:00:00,2021,12,17,9,660.2823499729207,211.0,681.0,0.3195602608621198,mixto,691.586,538.88,515.822,19.0,47.003,0.5,0.15
2021-12-17 10:00:00,2021,12,17,10,681.41743129491,420.0,324.0,0.6163622776744445,mixto,693.355,549.925,526.476,21.6,38.962,2.6,0.15
2021-12-17 11:00:00,2021,12,17,11,922.7615493896285,411.0,560.0,0.44540217380303804,mixto,949.412,734.149,704.172,23.0,44.806,3.1,0.15
2021-12-17 12:00:00,2021,12,17,12,1054.5876501395278,268.0,808.0,0.2541277626042199,baja_fd,1078.78,821.097,788.039,24.0,48.799,3.1,0.15
2021-12-17 13:00:00,2021,12,17,13,1078.8733851305965,160.0,936.0,0.14830285203544266,baja_fd,1066.825,813.162,780.385,26.7,49.372,3.6,0.15
2021-12-17 14:00:00,2021,12,17,14,1008.3685061109536,168.0,896.0,0.16660575869028033,baja_fd,969.404,756.088,725.334,27.0,44.883,4.6,0.15
2021-12-17 15:00:00,2021,12,17,15,873.4014438941621,139.0,869.0,0.15914789352792033,baja_fd,797.408,637.605,611.049,27.0,40.82,5.1,0.15
2021-12-17 16:00:00,2021,12,17,16,670.7025599332069,147.0,738.0,0.21917316077433677,baja_fd,570.163,470.256,449.629,27.0,34.853,7.2,0.15
2021-12-17 17:00:00,2021,12,17,17,416.933326902808,152.0,490.0,0.3645666829493651,mixto,320.688,257.408,244.323,26.0,31.14,5.7,0.15
2021-12-17 18:00:00,2021,12,17,18,159.51747827128943,106.0,153.0,0.6645039850725768,mixto,114.189,86.48,79.452,24.0,26.072,4.6,0.15
2021-12-17 19:00:00,2021,12,17,19,14.0,14.0,0.0,1.0,alta_fd,13.24,7.471,3.242,22.9,23.125,4.6,0.15
2021-12-17 20:00:00,2021,12,17,20,0.0,0.0,0.0,,,0.0,0.0,0.0,20.0,20.0,2.6,0.15
2021-12-17 21:00:00,2021,12,17,21,0.0,0.0,0.0,,,0.0,0.0,0.0,17.0,17.0,2.1,0.15
2021-12-17 22:00:00,2021,12,17,22,0.0,0.0,0.0,,,0.0,0.0,0.0,15.7,15.7,2.1,0.15
2021-12-17 23:00:00,2021,12,17,23,0.0,0.0,0.0,,,0.0,0.0,0.0,15.0,15.0,0.0,0.15
2021-12-18 00:00:00,2021,12,18,0,0.0,0.0,0.0,,,0.0,0.0,0.0,15.0,15.0,1.0,0.15
2021-12-18 01:00:00,2021,12,18,1,0.0,0.0,0.0,,,0.0,0.0,0.0,12.8,12.8,1.5,0.15
2021-12-18 02:00:00,2021,12,18,2,0.0,0.0,0.0,,,0.0,0.0,0.0,12.0,12.0,1.0,0.15
2021-12-18 03:00:00,2021,12,18,3,0.0,0.0,0.0,,,0.0,0.0,0.0,10.0,10.0,0.5,0.15
2021-12-18 04:00:00,2021,12,18,4,0.0,0.0,0.0,,,0.0,0.0,0.0,9.8,9.8,0.0,0.15
2021-12-18 05:00:00,2021,12,18,5,5.0,5.0,0.0,,,4.849,2.656,0.0,8.0,8.137,1.5,0.15
2021-12-18 06:00:00,2021,12,18,6,80.63463374999063,74.0,77.0,0.9177198005194461,alta_fd,68.556,54.723,48.82,11.0,13.394,1.0,0.15
2021-12-18 07:00:00,2021,12,18,7,262.6676215044371,164.0,345.0,0.6243632125675972,mixto,251.815,202.199,191.071,15.6,25.694,0.5,0.15
2021-12-18 08:00:00,2021,12,18,8,482.5828741509623,190.0,608.0,0.3937147590126953,mixto,494.673,406.008,387.658,18.0,35.528,1.0,0.15
2021-12-18 09:00:00,2021,12,18,9,695.4775087371311,193.0,763.0,0.2775071768322964,baja_fd,730.529,570.315,546.143,21.0,46.835,1.0,0.15
2021-12-18 10:00:00,2021,12,18,10,882.4001363494605,174.0,879.0,0.1971894527576207,baja_fd,927.306,720.498,691.005,23.0,46.289,2.6,0.15
2021-12-18 11:00:00,2021,12,18,11,1012.6513625051429,135.0,961.0,0.13331340380171008,baja_fd,1048.913,794.32,762.211,25.0,51.324,2.6,0.15
2021-12-18 12:00:00,2021,12,18,12,1086.1037543190046,142.0,970.0,0.1307425735665881,baja_fd,1102.392,831.693,798.259,26.2,51.565,3.1,0.15
2021-12-18 13:00:00,2021,12,18,13,1087.526405623581,138.0,967.0,0.12689347061956777,baja_fd,1076.014,817.35,784.425,27.4,50.271,3.6,0.15
2021-12-18 14:00:00,2021,12,18,14,1016.7249263570169,157.0,916.0,0.15441738067988547,baja_fd,972.026,755.135,724.414,28.0,45.933,4.6,0.15
2021-12-18 15:00:00,2021,12,18,15,864.5440893134587,169.0,822.0,0.19547875243031762,baja_fd,792.503,630.713,604.401,28.0,41.731,5.1,0.15
2021-12-18 16:00:00,2021,12,18,16,624.6315079350629,203.0,593.0,0.32499161092767676,mixto,540.311,445.637,425.882,25.7,33.949,6.2,0.15
2021-12-18 17:00:00,2021,12,18,17,399.82950443756306,165.0,433.0,0.41267589852355735,mixto,313.07,250.57,237.728,27.0,32.396,5.1,0.15
2021-12-18 18:00:00,2021,12,18,18,155.8726292166546,107.0,139.0,0.6864579146302572,mixto,113.588,86.025,79.013,25.4,27.612,4.1,0.15
2021-12-18 19:00:00,2021,12,18,19,14.0,14.0,0.0,1.0,alta_fd,13.241,7.243,3.023,23.8,24.078,3.1,0.15
2021-12-18 20:00:00,2021,12,18,20,0.0,0.0,0.0,,,0.0,0.0,0.0,22.0,22.0,3.1,0.15
2021-12-18 21:00:00,2021,12,18,21,0.0,0.0,0.0,,,0.0,0.0,0.0,21.0,21.0,4.1,0.15
2021-12-18 22:00:00,2021,12,18,22,0.0,0.0,0.0,,,0.0,0.0,0.0,17.8,17.8,3.1,0.15
2021-12-18 23:00:00,2021,12,18,23,0.0,0.0,0.0,,,0.0,0.0,0.0,19.0,19.0,3.1,0.15
2021-12-19 00:00:00,2021,12,19,0,0.0,0.0,0.0,,,0.0,0.0,0.0,17.0,17.0,1.0,0.15
2021-12-19 01:00:00,2021,12,19,1,0.0,0.0,0.0,,,0.0,0.0,0.0,14.0,14.0,0.5,0.15
2021-12-19 02:00:00,2021,12,19,2,0.0,0.0,0.0,,,0.0,0.0,0.0,14.0,14.0,1.5,0.15
2021-12-19 03:00:00,2021,12,19,3,0.0,0.0,0.0,,,0.0,0.0,0.0,12.0,12.0,1.5,0.15
2021-12-19 04:00:00,2021,12,19,4,0.0,0.0,0.0,,,0.0,0.0,0.0,11.7,11.7,1.0,0.15
2021-12-19 05:00:00,2021,12,19,5,5.0,5.0,0.0,,,4.849,2.627,0.0,10.0,10.206,0.0,0.15
2021-12-19 06:00:00,2021,12,19,6,79.27195363852346,73.0,74.0,0.9208805466417128,alta_fd,67.357,53.192,47.343,13.0,16.151,0.0,0.15
2021-12-19 07:00:00,2021,12,19,7,260.45599821284065,164.0,339.0,0.6296648997347403,mixto,249.368,199.911,188.864,16.0,25.995,0.5,0.15
2021-12-19 08:00:00,2021,12,19,8,478.41144151666936,191.0,599.0,0.39923794337879553,mixto,489.943,400.596,382.438,19.0,36.359,1.0,0.15
2021-12-19 09:00:00,2021,12,19,9,689.1426797070114,160.0,805.0,0.23217253075665534,baja_fd,725.913,574.556,550.233,21.0,43.789,1.5,0.15
2021-12-19 10:00:00,2021,12,19,10,876.4737133096971,181.0,864.0,0.20650933080071124,baja_fd,920.408,705.906,676.929,24.0,49.407,2.1,0.15
2021-12-19 11:00:00,2021,12,19,11,1008.5355761060143,147.0,944.0,0.14575588951216906,baja_fd,1043.758,787.398,755.534,26.0,52.192,2.6,0.15
2021-12-19 12:00:00,2021,12,19,12,1082.15389734465,148.0,960.0,0.13676428127566426,baja_fd,1098.09,822.493,789.385,28.0,53.265,3.1,0.15
2021-12-19 13:00:00,2021,12,19,13,1083.899390270425,144.0,957.0,0.13285365901356677,baja_fd,1072.432,808.696,776.077,29.2,51.994,3.6,0.15
2021-12-19 14:00:00,2021,12,19,14,1013.9060914137464,163.0,906.0,0.1607643956184541,baja_fd,974.817,745.235,714.865,29.0,49.733,3.6,0.15
2021-12-19 15:00:00,2021,12,19,15,877.7405423970989,139.0,872.0,0.15836114806818957,baja_fd,801.887,630.77,604.455,30.0,44.819,4.6,0.15
2021-12-19 16:00:00,2021,12,19,16,674.0149860421429,149.0,737.0,0.22106333402902076,baja_fd,573.993,463.024,442.654,29.7,40.33,4.6,0.15
2021-12-19 17:00:00,2021,12,19,17,421.61719180651266,154.0,492.0,0.36526024790439104,mixto,325.225,257.812,244.713,29.0,34.603,5.1,0.15
2021-12-19 18:00:00,2021,12,19,18,163.12428147415724,108.0,156.0,0.6620718817824173,mixto,117.079,87.278,80.222,28.0,30.125,4.6,0.15
2021-12-19 19:00:00,2021,12,19,19,15.0,15.0,0.0,1.0,alta_fd,14.189,8.004,3.756,25.2,25.502,3.1,0.15
2021-12-19 20:00:00,2021,12,19,20,0.0,0.0,0.0,,,0.0,0.0,0.0,24.0,24.0,2.1,0.15
2021-12-19 21:00:00,2021,12,19,21,0.0,0.0,0.0,,,0.0,0.0,0.0,21.0,21.0,2.1,0.15
2021-12-19 22:00:00,2021,12,19,22,0.0,0.0,0.0,,,0.0,0.0,0.0,22.0,22.0,4.1,0.15
2021-12-19 23:00:00,2021,12,19,23,0.0,0.0,0.0,,,0.0,0.0,0.0,20.0,20.0,2.1,0.15
2021-12-20 00:00:00,2021,12,20,0,0.0,0.0,0.0,,,0.0,0.0,0.0,18.0,18.0,1.5,0.15
2021-12-20 01:00:00,2021,12,20,1,0.0,0.0,0.0,,,0.0,0.0,0.0,16.8,16.8,1.0,0.15
2021-12-20 02:00:00,2021,12,20,2,0.0,0.0,0.0,,,0.0,0.0,0.0,16.0,16.0,0.0,0.15
2021-12-20 03:00:00,2021,12,20,3,0.0,0.0,0.0,,,0.0,0.0,0.0,14.0,14.0,0.0,0.15
2021-12-20 04:00:00,2021,12,20,4,0.0,0.0,0.0,,,0.0,0.0,0.0,12.5,12.5,1.0,0.15
2021-12-20 05:00:00,2021,12,20,5,5.0,5.0,0.0,,,4.849,2.6,0.0,12.0,12.206,0.0,0.15
2021-12-20 06:00:00,2021,12,20,6,77.74537064702865,72.0,69.0,0.926100157485734,alta_fd,66.056,51.933,46.13,15.0,17.645,0.5,0.15
2021-12-20 07:00:00,2021,12,20,7,254.86128826411579,166.0,314.0,0.6513346971234495,mixto,243.298,192.029,181.261,18.7,30.108,0.0,0.15
2021-12-20 08:00:00,2021,12,20,8,452.9700732302859,165.0,602.0,0.3642624750534358,mixto,467.377,374.936,357.687,22.0,40.968,0.5,0.15
2021-12-20 09:00:00,2021,12,20,9,645.6850482322968,256.0,594.0,0.3964781292378624,mixto,669.594,511.885,489.783,24.0,51.1,0.5,0.15
2021-12-20 10:00:00,2021,12,20,10,775.262595269086,354.0,524.0,0.45661947598172214,mixto,801.069,595.541,570.475,27.3,55.536,1.0,0.15
2021-12-20 11:00:00,2021,12,20,11,855.3763327151516,393.0,507.0,0.45944689485683105,mixto,880.509,661.073,633.685,30.0,52.046,2.6,0.15
2021-12-20 12:00:00,2021,12,20,12,869.8571371814771,471.0,410.0,0.5414682249158069,mixto,880.762,658.271,630.983,32.0,52.205,3.1,0.15
2021-12-20 13:00:00,2021,12,20,13,807.426089894271,498.0,315.0,0.6167747193618812,mixto,805.982,604.752,579.359,32.6,51.083,3.1,0.15
2021-12-20 14:00:00,2021,12,20,14,793.27635088469,423.0,394.0,0.5332315775306491,mixto,772.699,589.942,565.075,33.0,48.226,4.1,0.15
2021-12-20 15:00:00,2021,12,20,15,714.915842264355,329.0,455.0,0.460194026415693,mixto,671.84,522.99,500.495,33.0,45.388,4.6,0.15
2021-12-20 16:00:00,2021,12,20,16,569.024742525181,260.0,433.0,0.4569221346091014,mixto,503.944,397.239,379.199,33.2,43.941,3.6,0.15
2021-12-20 17:00:00,2021,12,20,17,378.1978058503985,172.0,378.0,0.45478846608654583,mixto,300.398,235.39,223.086,32.0,37.918,4.1,0.15
2021-12-20 18:00:00,2021,12,20,18,153.38292257533078,109.0,125.0,0.7106397385697678,alta_fd,114.113,85.303,78.317,30.0,32.397,3.6,0.15
2021-12-20 19:00:00,2021,12,20,19,15.0,15.0,0.0,1.0,alta_fd,14.188,8.111,3.86,28.0,28.281,3.6,0.15
2021-12-20 20:00:00,2021,12,20,20,0.0,0.0,0.0,,,0.0,0.0,0.0,26.0,26.0,2.6,0.15
2021-12-20 21:00:00,2021,12,20,21,0.0,0.0,0.0,,,0.0,0.0,0.0,22.0,22.0,2.6,0.15
2021-12-20 22:00:00,2021,12,20,22,0.0,0.0,0.0,,,0.0,0.0,0.0,21.8,21.8,0.0,0.15
2021-12-20 23:00:00,2021,12,20,23,0.0,0.0,0.0,,,0.0,0.0,0.0,19.0,19.0,1.0,0.15
2021-12-21 00:00:00,2021,12,21,0,0.0,0.0,0.0,,,0.0,0.0,0.0,18.0,18.0,1.0,0.15
2021-12-21 01:00:00,2021,12,21,1,0.0,0.0,0.0,,,0.0,0.0,0.0,16.8,16.8,1.0,0.15
2021-12-21 02:00:00,2021,12,21,2,0.0,0.0,0.0,,,0.0,0.0,0.0,17.0,17.0,0.5,0.15
2021-12-21 03:00:00,2021,12,21,3,0.0,0.0,0.0,,,0.0,0.0,0.0,17.0,17.0,0.5,0.15
2021-12-21 04:00:00,2021,12,21,4,0.0,0.0,0.0,,,0.0,0.0,0.0,15.2,15.2,1.0,0.15
2021-12-21 05:00:00,2021,12,21,5,2.0,2.0,0.0,,,1.94,0.981,0.0,14.0,14.062,1.0,0.15
2021-12-21 06:00:00,2021,12,21,6,41.0,41.0,0.0,1.0,alta_fd,38.846,31.085,26.02,16.0,17.572,0.5,0.15
2021-12-21 07:00:00,2021,12,21,7,129.0,129.0,0.0,1.0,alta_fd,120.824,98.832,91.366,20.0,25.732,0.0,0.15
2021-12-21 08:00:00,2021,12,21,8,211.4305009686005,210.0,3.0,0.9932341787866598,alta_fd,200.002,160.766,151.106,23.0,31.084,0.5,0.15
2021-12-21 09:00:00,2021,12,21,9,262.9282133700734,259.0,6.0,0.9850597495045371,alta_fd,250.773,199.803,188.759,26.0,32.275,2.6,0.15
2021-12-21 10:00:00,2021,12,21,10,277.408659099441,275.0,3.0,0.9913172894196587,alta_fd,265.537,209.604,198.214,26.4,33.03,2.6,0.15
2021-12-21 11:00:00,2021,12,21,11,415.8710379659515,394.0,24.0,0.947409086064459,alta_fd,401.96,315.377,300.238,28.0,36.495,3.6,0.15
2021-12-21 12:00:00,2021,12,21,12,530.61089681395,446.0,87.0,0.8405405970325983,alta_fd,524.532,413.888,395.259,27.0,36.618,4.6,0.15
2021-12-21 13:00:00,2021,12,21,13,605.1399195740828,501.0,106.0,0.8279077016644681,alta_fd,595.316,475.076,454.279,25.4,34.408,6.2,0.15
2021-12-21 14:00:00,2021,12,21,14,625.8149938523803,481.0,154.0,0.7685977560861383,alta_fd,611.662,487.397,466.163,24.0,36.032,4.1,0.15
2021-12-21 15:00:00,2021,12,21,15,584.8628542143229,404.0,213.0,0.6907602305205629,mixto,555.023,442.334,422.697,26.0,37.779,3.6,0.15
2021-12-21 16:00:00,2021,12,21,16,477.865822636838,317.0,225.0,0.6633661270245506,mixto,433.93,357.393,340.765,22.6,31.179,4.1,0.15
2021-12-21 17:00:00,2021,12,21,17,297.8803318571793,212.0,157.0,0.711695192086884,alta_fd,255.833,210.704,199.274,22.0,27.054,4.1,0.15
2021-12-21 18:00:00,2021,12,21,18,114.49086823224698,107.0,21.0,0.9345723519446842,alta_fd,100.645,82.611,75.721,19.0,20.991,4.1,0.15
2021-12-21 19:00:00,2021,12,21,19,12.0,12.0,0.0,1.0,alta_fd,11.343,6.603,2.406,17.8,18.023,3.6,0.15
2021-12-21 20:00:00,2021,12,21,20,0.0,0.0,0.0,,,0.0,0.0,0.0,17.0,17.0,0.5,0.15
2021-12-21 21:00:00,2021,12,21,21,0.0,0.0,0.0,,,0.0,0.0,0.0,16.0,16.0,2.1,0.15
2021-12-21 22:00:00,2021,12,21,22,0.0,0.0,0.0,,,0.0,0.0,0.0,14.0,14.0,1.5,0.15
2021-12-21 23:00:00,2021,12,21,23,0.0,0.0,0.0,,,0.0,0.0,0.0,14.0,14.0,2.1,0.15
2021-12-22 00:00:00,2021,12,22,0,0.0,0.0,0.0,,,0.0,0.0,0.0,14.0,14.0,2.1,0.15
2021-12-22 01:00:00,2021,12,22,1,0.0,0.0,0.0,,,0.0,0.0,0.0,13.2,13.2,1.0,0.15
2021-12-22 02:00:00,2021,12,22,2,0.0,0.0,0.0,,,0.0,0.0,0.0,13.0,13.0,2.1,0.15
2021-12-22 03:00:00,2021,12,22,3,0.0,0.0,0.0,,,0.0,0.0,0.0,12.0,12.0,0.0,0.15
2021-12-22 04:00:00,2021,12,22,4,0.0,0.0,0.0,,,0.0,0.0,0.0,11.8,11.8,1.0,0.15
2021-12-22 05:00:00,2021,12,22,5,4.0,4.0,0.0,,,3.879,2.068,0.0,11.0,11.123,1.0,0.15
2021-12-22 06:00:00,2021,12,22,6,75.40367761450258,69.0,80.0,0.9150747308739893,alta_fd,63.779,50.081,44.343,13.0,15.98,0.0,0.15
2021-12-22 07:00:00,2021,12,22,7,254.46957377062805,163.0,327.0,0.6405480921932293,mixto,242.918,193.395,182.579,15.9,27.281,0.0,0.15
2021-12-22 08:00:00,2021,12,22,8,473.1423728544589,207.0,560.0,0.43750044780638214,mixto,482.13,390.06,372.275,19.0,38.557,0.5,0.15
2021-12-22 09:00:00,2021,12,22,9,684.0039821790252,162.0,799.0,0.23684072640033188,baja_fd,720.58,543.792,520.56,21.0,55.137,0.0,0.15
2021-12-22 10:00:00,2021,12,22,10,879.1855549783752,172.0,882.0,0.19563560732549864,baja_fd,923.987,707.712,678.671,24.3,49.809,2.1,0.15
2021-12-22 11:00:00,2021,12,22,11,1005.0246007457322,150.0,939.0,0.14925007794704667,baja_fd,1040.159,798.213,765.965,26.0,48.112,3.6,0.15
2021-12-22 12:00:00,2021,12,22,12,1078.7549818928146,160.0,945.0,0.14831912963151223,baja_fd,1094.336,832.231,798.778,28.0,49.601,4.1,0.15
2021-12-22 13:00:00,2021,12,22,13,1080.5827933677756,155.0,942.0,0.1434411143239867,baja_fd,1069.5,823.584,790.438,28.4,46.889,5.1,0.15
2021-12-22 14:00:00,2021,12,22,14,1009.9804805800541,150.0,914.0,0.1485177217621589,baja_fd,966.678,763.283,732.274,28.0,41.95,6.7,0.15
2021-12-22 15:00:00,2021,12,22,15,872.2364437011863,148.0,852.0,0.16967876207050842,baja_fd,799.058,641.776,615.072,28.0,39.548,6.7,0.15
2021-12-22 16:00:00,2021,12,22,16,673.7006327058413,143.0,741.0,0.21226045079645675,baja_fd,574.221,471.554,450.882,26.6,35.88,5.7,0.15
2021-12-22 17:00:00,2021,12,22,17,426.65644301281014,142.0,519.0,0.3328204749406222,mixto,326.991,264.275,250.947,25.0,29.956,6.2,0.15
2021-12-22 18:00:00,2021,12,22,18,170.792300308623,102.0,192.0,0.5972166181712244,mixto,117.453,87.357,80.298,24.0,26.647,3.1,0.15
2021-12-22 19:00:00,2021,12,22,19,16.0,16.0,0.0,1.0,alta_fd,15.137,8.953,4.672,22.4,22.725,3.1,0.15
2021-12-22 20:00:00,2021,12,22,20,0.0,0.0,0.0,,,0.0,0.0,0.0,20.0,20.0,3.6,0.15
2021-12-22 21:00:00,2021,12,22,21,0.0,0.0,0.0,,,0.0,0.0,0.0,18.0,18.0,3.6,0.15
2021-12-22 22:00:00,2021,12,22,22,0.0,0.0,0.0,,,0.0,0.0,0.0,16.8,16.8,4.1,0.15
2021-12-22 23:00:00,2021,12,22,23,0.0,0.0,0.0,,,0.0,0.0,0.0,15.0,15.0,2.6,0.15
2021-12-23 00:00:00,2021,12,23,0,0.0,0.0,0.0,,,0.0,0.0,0.0,14.0,14.0,1.5,0.15
2021-12-23 01:00:00,2021,12,23,1,0.0,0.0,0.0,,,0.0,0.0,0.0,12.9,12.9,0.5,0.15
2021-12-23 02:00:00,2021,12,23,2,0.0,0.0,0.0,,,0.0,0.0,0.0,13.0,13.0,1.0,0.15
2021-12-23 03:00:00,2021,12,23,3,0.0,0.0,0.0,,,0.0,0.0,0.0,11.0,11.0,2.1,0.15
2021-12-23 04:00:00,2021,12,23,4,0.0,0.0,0.0,,,0.0,0.0,0.0,11.8,11.8,1.5,0.15
2021-12-23 05:00:00,2021,12,23,5,4.0,4.0,0.0,,,3.879,2.068,0.0,11.0,11.123,1.0,0.15
2021-12-23 06:00:00,2021,12,23,6,73.07255210222435,69.0,52.0,0.9442670060773698,alta_fd,63.58,51.142,45.366,12.0,14.229,1.0,0.15
2021-12-23 07:00:00,2021,12,23,7,227.26868596256838,165.0,224.0,0.7260129097907304,alta_fd,215.092,176.124,165.92,14.3,21.847,1.0,0.15
2021-12-23 08:00:00,2021,12,23,8,423.60699596283405,246.0,375.0,0.5807269529174236,mixto,423.442,348.416,332.107,18.0,32.984,1.0,0.15
2021-12-23 09:00:00,2021,12,23,9,611.1246507467022,293.0,488.0,0.47944392300653915,mixto,628.728,491.095,469.73,20.0,45.433,0.5,0.15
2021-12-23 10:00:00,2021,12,23,10,773.3523167877642,353.0,525.0,0.45645431239701834,mixto,799.102,605.367,579.953,23.0,51.168,1.0,0.15
2021-12-23 11:00:00,2021,12,23,11,852.3657269143698,392.0,506.0,0.4598964829558205,mixto,877.554,670.262,642.548,26.0,47.973,2.6,0.15
2021-12-23 12:00:00,2021,12,23,12,865.4619801597994,432.0,446.0,0.4991553758609191,mixto,881.675,673.509,645.68,27.0,47.232,3.1,0.15
2021-12-23 13:00:00,2021,12,23,13,808.5220050448477,498.0,316.0,0.6159387090180392,mixto,807.417,622.368,596.352,27.5,44.6,3.6,0.15
2021-12-23 14:00:00,2021,12,23,14,692.8170025111679,481.0,225.0,0.6942670261505981,mixto,675.344,527.937,505.267,29.0,41.41,4.6,0.15
2021-12-23 15:00:00,2021,12,23,15,534.6829910796098,413.0,143.0,0.7724203067804485,alta_fd,511.214,407.01,388.624,29.0,37.208,5.7,0.15
2021-12-23 16:00:00,2021,12,23,16,357.8259635334747,299.0,82.0,0.8356017462998558,alta_fd,332.645,268.022,254.562,28.3,34.052,5.1,0.15
2021-12-23 17:00:00,2021,12,23,17,218.04871330619477,212.0,11.0,0.972259807386706,alta_fd,202.151,163.407,153.653,28.0,31.737,4.6,0.15
2021-12-23 18:00:00,2021,12,23,18,87.0,87.0,0.0,1.0,alta_fd,80.706,64.856,58.594,25.0,26.495,4.6,0.15
2021-12-23 19:00:00,2021,12,23,19,9.0,9.0,0.0,,,8.501,4.956,0.817,23.6,23.747,4.6,0.15
2021-12-23 20:00:00,2021,12,23,20,0.0,0.0,0.0,,,0.0,0.0,0.0,22.0,22.0,4.1,0.15
2021-12-23 21:00:00,2021,12,23,21,0.0,0.0,0.0,,,0.0,0.0,0.0,21.0,21.0,1.5,0.15
2021-12-23 22:00:00,2021,12,23,22,0.0,0.0,0.0,,,0.0,0.0,0.0,19.4,19.4,2.1,0.15
2021-12-23 23:00:00,2021,12,23,23,0.0,0.0,0.0,,,0.0,0.0,0.0,18.0,18.0,1.5,0.15
2021-12-24 00:00:00,2021,12,24,0,0.0,0.0,0.0,,,0.0,0.0,0.0,17.0,17.0,2.1,0.15
2021-12-24 01:00:00,2021,12,24,1,0.0,0.0,0.0,,,0.0,0.0,0.0,16.8,16.8,1.0,0.15
2021-12-24 02:00:00,2021,12,24,2,0.0,0.0,0.0,,,0.0,0.0,0.0,16.0,16.0,1.5,0.15
2021-12-24 03:00:00,2021,12,24,3,0.0,0.0,0.0,,,0.0,0.0,0.0,15.0,15.0,0.5,0.15
2021-12-24 04:00:00,2021,12,24,4,0.0,0.0,0.0,,,0.0,0.0,0.0,15.5,15.5,0.5,0.15
2021-12-24 05:00:00,2021,12,24,5,4.0,4.0,0.0,,,3.879,2.024,0.0,15.0,15.109,1.5,0.15
2021-12-24 06:00:00,2021,12,24,6,67.60679723956407,66.0,21.0,0.976233199838318,alta_fd,59.646,47.909,42.248,16.0,17.864,1.5,0.15
2021-12-24 07:00:00,2021,12,24,7,200.62739948542776,165.0,129.0,0.8224200703552682,alta_fd,188.162,151.644,142.307,18.8,27.67,0.0,0.15
2021-12-24 08:00:00,2021,12,24,8,421.5572996471209,246.0,372.0,0.5835505640773456,mixto,421.234,353.076,336.601,15.0,28.227,1.5,0.15
2021-12-24 09:00:00,2021,12,24,9,652.107483185745,256.0,609.0,0.3925733205044075,mixto,676.294,518.851,496.502,23.0,50.374,0.5,0.15
2021-12-24 10:00:00,2021,12,24,10,854.2123457146777,225.0,787.0,0.26340054803557483,baja_fd,896.252,685.843,657.578,25.0,49.732,2.1,0.15
2021-12-24 11:00:00,2021,12,24,11,1002.3949897866256,157.0,930.0,0.15662488500009336,baja_fd,1037.294,786.862,755.016,27.0,50.875,3.1,0.15
2021-12-24 12:00:00,2021,12,24,12,1077.1721093966812,162.0,942.0,0.15039379370000158,baja_fd,1093.153,815.57,782.707,29.0,54.149,3.1,0.15
2021-12-24 13:00:00,2021,12,24,13,1079.8004512710493,158.0,938.0,0.1463233320693799,baja_fd,1069.294,827.503,794.218,29.4,45.661,6.2,0.15
2021-12-24 14:00:00,2021,12,24,14,1015.3646544414307,146.0,923.0,0.14379070549813167,baja_fd,972.541,759.06,728.2,30.0,44.803,6.2,0.15
2021-12-24 15:00:00,2021,12,24,15,874.014865157795,150.0,850.0,0.1716217949827649,baja_fd,801.811,632.669,606.287,30.0,43.893,5.1,0.15
2021-12-24 16:00:00,2021,12,24,16,678.7507977019989,142.0,747.0,0.20920785725889368,baja_fd,579.27,471.206,450.546,29.4,38.25,6.2,0.15
2021-12-24 17:00:00,2021,12,24,17,432.0564404689673,141.0,528.0,0.3263462520011373,mixto,331.456,264.191,250.866,28.0,33.713,5.1,0.15
2021-12-24 18:00:00,2021,12,24,18,174.5333779634695,103.0,198.0,0.5901449980619655,mixto,120.094,88.774,81.665,26.0,28.168,4.6,0.15
2021-12-24 19:00:00,2021,12,24,19,16.0,16.0,0.0,1.0,alta_fd,15.136,9.225,4.934,24.3,24.518,6.2,0.15
2021-12-24 20:00:00,2021,12,24,20,0.0,0.0,0.0,,,0.0,0.0,0.0,22.0,22.0,3.6,0.15
2021-12-24 21:00:00,2021,12,24,21,0.0,0.0,0.0,,,0.0,0.0,0.0,22.0,22.0,2.6,0.15
2021-12-24 22:00:00,2021,12,24,22,0.0,0.0,0.0,,,0.0,0.0,0.0,19.0,19.0,2.1,0.15
2021-12-24 23:00:00,2021,12,24,23,0.0,0.0,0.0,,,0.0,0.0,0.0,19.0,19.0,2.6,0.15
2021-12-25 00:00:00,2021,12,25,0,0.0,0.0,0.0,,,0.0,0.0,0.0,18.0,18.0,1.5,0.15
2021-12-25 01:00:00,2021,12,25,1,0.0,0.0,0.0,,,0.0,0.0,0.0,16.5,16.5,0.0,0.15
2021-12-25 02:00:00,2021,12,25,2,0.0,0.0,0.0,,,0.0,0.0,0.0,15.2,15.2,0.0,0.15
2021-12-25 03:00:00,2021,12,25,3,0.0,0.0,0.0,,,0.0,0.0,0.0,14.0,14.0,0.0,0.15
2021-12-25 04:00:00,2021,12,25,4,0.0,0.0,0.0,,,0.0,0.0,0.0,13.0,13.0,0.0,0.15
2021-12-25 05:00:00,2021,12,25,5,4.0,4.0,0.0,,,3.879,2.046,0.0,13.0,13.165,0.0,0.15
2021-12-25 06:00:00,2021,12,25,6,72.55273127752031,68.0,61.0,0.9372493468218898,alta_fd,61.303,48.423,42.744,14.0,16.873,0.0,0.15
2021-12-25 07:00:00,2021,12,25,7,249.32893265428407,161.0,322.0,0.6457333221862394,mixto,237.606,186.53,175.957,19.0,30.127,0.0,0.15
2021-12-25 08:00:00,2021,12,25,8,469.2435596664242,205.0,562.0,0.4368733374747442,mixto,478.126,385.967,368.327,22.0,38.931,1.0,0.15
2021-12-25 09:00:00,2021,12,25,9,678.827643581534,161.0,798.0,0.23717360588109623,baja_fd,715.361,553.567,529.988,24.0,49.309,1.0,0.15
2021-12-25 10:00:00,2021,12,25,10,865.6954405668341,156.0,889.0,0.18020194249591448,baja_fd,911.369,684.043,655.841,26.2,54.764,1.5,0.15
2021-12-25 11:00:00,2021,12,25,11,1003.6250416124938,149.0,941.0,0.14846181972562805,baja_fd,1039.534,778.075,746.541,28.0,54.087,2.6,0.15
2021-12-25 12:00:00,2021,12,25,12,1077.6842129244592,159.0,946.0,0.147538581425935,baja_fd,1094.242,846.028,812.087,28.0,45.6,5.7,0.15
2021-12-25 13:00:00,2021,12,25,13,1081.7493720182601,155.0,943.0,0.14328642475734535,baja_fd,1071.728,826.458,793.21,28.0,46.528,5.1,0.15
2021-12-25 14:00:00,2021,12,25,14,747.0482497987388,470.0,294.0,0.6291427630365536,mixto,731.475,576.708,552.309,28.0,39.736,5.7,0.15
2021-12-25 15:00:00,2021,12,25,15,689.5250354421369,386.0,356.0,0.5598056345444938,mixto,651.632,523.631,501.113,26.7,36.826,6.0,0.15
2021-12-25 16:00:00,2021,12,25,16,564.6085793857687,253.0,433.0,0.4480980439143093,mixto,501.319,413.35,394.74,25.3,32.782,6.4,0.15
2021-12-25 17:00:00,2021,12,25,17,375.49771118117656,181.0,352.0,0.4820269061844375,mixto,302.767,247.552,234.816,24.0,28.36,6.7,0.15
2021-12-25 18:00:00,2021,12,25,18,156.5213636563347,113.0,120.0,0.7219461762939138,alta_fd,118.457,92.231,85.0,22.5,24.527,5.1,0.15
2021-12-25 19:00:00,2021,12,25,19,16.0,16.0,0.0,1.0,alta_fd,15.137,9.163,4.875,21.0,21.302,3.6,0.15
2021-12-25 20:00:00,2021,12,25,20,0.0,0.0,0.0,,,0.0,0.0,0.0,18.0,18.0,2.1,0.15
2021-12-25 21:00:00,2021,12,25,21,0.0,0.0,0.0,,,0.0,0.0,0.0,21.0,21.0,3.6,0.15
2021-12-25 22:00:00,2021,12,25,22,0.0,0.0,0.0,,,0.0,0.0,0.0,16.8,16.8,4.1,0.15
2021-12-25 23:00:00,2021,12,25,23,0.0,0.0,0.0,,,0.0,0.0,0.0,16.0,16.0,1.0,0.15
2021-12-26 00:00:00,2021,12,26,0,0.0,0.0,0.0,,,0.0,0.0,0.0,14.0,14.0,1.5,0.15
2021-12-26 01:00:00,2021,12,26,1,0.0,0.0,0.0,,,0.0,0.0,0.0,13.6,13.6,1.5,0.15
2021-12-26 02:00:00,2021,12,26,2,0.0,0.0,0.0,,,0.0,0.0,0.0,13.0,13.0,1.5,0.15
2021-12-26 03:00:00,2021,12,26,3,0.0,0.0,0.0,,,0.0,0.0,0.0,12.0,12.0,1.5,0.15
2021-12-26 04:00:00,2021,12,26,4,0.0,0.0,0.0,,,0.0,0.0,0.0,12.2,12.2,0.0,0.15
2021-12-26 05:00:00,2021,12,26,5,3.0,3.0,0.0,,,2.91,1.512,0.0,13.0,13.106,0.5,0.15
2021-12-26 06:00:00,2021,12,26,6,59.0,59.0,0.0,1.0,alta_fd,54.022,43.938,38.418,14.0,16.555,0.0,0.15
2021-12-26 07:00:00,2021,12,26,7,158.2685943983584,155.0,12.0,0.9793478016862182,alta_fd,147.376,123.232,114.902,15.7,21.676,0.5,0.15
2021-12-26 08:00:00,2021,12,26,8,321.9910838569649,270.0,111.0,0.8385325356398364,alta_fd,310.166,253.345,240.404,19.0,31.551,0.5,0.15
2021-12-26 09:00:00,2021,12,26,9,502.7063385670945,370.0,205.0,0.7360161820410732,alta_fd,499.556,397.586,379.535,21.0,38.613,1.0,0.15
2021-12-26 10:00:00,2021,12,26,10,674.9480676197522,443.0,291.0,0.6563467935574184,mixto,684.408,537.743,514.725,24.0,41.135,2.6,0.15
2021-12-26 11:00:00,2021,12,26,11,719.5484367195265,578.0,156.0,0.8032815728641478,alta_fd,720.368,561.02,537.177,26.0,41.241,3.6,0.15
2021-12-26 12:00:00,2021,12,26,12,692.9607440273768,526.0,172.0,0.7590617571537636,alta_fd,694.581,550.918,527.433,27.0,36.477,7.2,0.15
2021-12-26 13:00:00,2021,12,26,13,608.1570881195642,503.0,107.0,0.8270889377533815,alta_fd,598.681,477.435,456.554,25.0,34.583,5.7,0.15
2021-12-26 14:00:00,2021,12,26,14,478.59932437766923,472.0,7.0,0.9862111707193686,alta_fd,460.786,368.898,351.863,24.0,32.449,4.6,0.15
2021-12-26 15:00:00,2021,12,26,15,331.2405324954988,321.0,12.0,0.9690843013131614,alta_fd,315.745,255.608,242.588,23.0,29.212,4.1,0.15
2021-12-26 16:00:00,2021,12,26,16,186.44142756538247,185.0,2.0,0.9922687377789092,alta_fd,176.741,143.886,134.824,22.4,25.655,4.6,0.15
2021-12-26 17:00:00,2021,12,26,17,189.86084488450567,181.0,16.0,0.9533297932499152,alta_fd,175.863,144.716,135.625,22.0,26.057,3.1,0.15
2021-12-26 18:00:00,2021,12,26,18,101.18406696684983,99.0,6.0,0.978414912225604,alta_fd,92.145,75.242,68.612,21.0,23.321,2.6,0.15
2021-12-26 19:00:00,2021,12,26,19,13.0,13.0,0.0,1.0,alta_fd,12.29,7.565,3.334,19.0,19.229,4.1,0.15
2021-12-26 20:00:00,2021,12,26,20,0.0,0.0,0.0,,,0.0,0.0,0.0,16.0,16.0,5.1,0.15
2021-12-26 21:00:00,2021,12,26,21,0.0,0.0,0.0,,,0.0,0.0,0.0,15.0,15.0,4.1,0.15
2021-12-26 22:00:00,2021,12,26,22,0.0,0.0,0.0,,,0.0,0.0,0.0,14.4,14.4,4.1,0.15
2021-12-26 23:00:00,2021,12,26,23,0.0,0.0,0.0,,,0.0,0.0,0.0,13.0,13.0,3.6,0.15
2021-12-27 00:00:00,2021,12,27,0,0.0,0.0,0.0,,,0.0,0.0,0.0,13.0,13.0,2.6,0.15
2021-12-27 01:00:00,2021,12,27,1,0.0,0.0,0.0,,,0.0,0.0,0.0,11.8,11.8,2.1,0.15
2021-12-27 02:00:00,2021,12,27,2,0.0,0.0,0.0,,,0.0,0.0,0.0,11.0,11.0,2.1,0.15
2021-12-27 03:00:00,2021,12,27,3,0.0,0.0,0.0,,,0.0,0.0,0.0,11.0,11.0,2.1,0.15
2021-12-27 04:00:00,2021,12,27,4,0.0,0.0,0.0,,,0.0,0.0,0.0,10.3,10.3,1.5,0.15
2021-12-27 05:00:00,2021,12,27,5,3.0,3.0,0.0,,,2.91,1.538,0.0,10.0,10.072,2.1,0.15
2021-12-27 06:00:00,2021,12,27,6,60.28262935943134,60.0,4.0,0.9953115953561651,alta_fd,54.911,45.487,39.912,10.0,11.72,1.5,0.15
2021-12-27 07:00:00,2021,12,27,7,155.21899643229273,149.0,23.0,0.9599340507590159,alta_fd,144.927,123.796,115.446,11.0,15.55,1.5,0.15
2021-12-27 08:00:00,2021,12,27,8,289.79548453044447,273.0,36.0,0.9420436638008415,alta_fd,275.745,233.025,220.804,14.0,21.612,2.1,0.15
2021-12-27 09:00:00,2021,12,27,9,412.3055457917121,360.0,81.0,0.8731388740084137,alta_fd,401.654,332.141,316.408,17.0,27.062,2.6,0.15
2021-12-27 10:00:00,2021,12,27,10,516.5019943349306,460.0,71.0,0.8906064353000516,alta_fd,507.37,411.596,393.048,19.2,30.831,3.1,0.15
2021-12-27 11:00:00,2021,12,27,11,583.1235323325012,468.0,127.0,0.8025743672665624,alta_fd,584.291,470.894,450.244,20.0,32.362,3.6,0.15
2021-12-27 12:00:00,2021,12,27,12,617.1624450009344,492.0,129.0,0.7971969195229549,alta_fd,618.324,488.314,467.048,23.0,37.158,3.1,0.15
2021-12-27 13:00:00,2021,12,27,13,614.7067718723192,484.0,133.0,0.7873672816809828,alta_fd,611.136,484.035,462.92,24.6,36.609,4.1,0.15
2021-12-27 14:00:00,2021,12,27,14,558.1442900870264,461.0,103.0,0.8259512964436497,alta_fd,542.612,432.966,413.661,25.0,34.961,4.6,0.15
2021-12-27 15:00:00,2021,12,27,15,476.2660264508511,390.0,101.0,0.8188700817194371,alta_fd,454.339,368.359,351.343,24.0,31.836,5.1,0.15
2021-12-27 16:00:00,2021,12,27,16,358.4081005186474,305.0,74.0,0.8509852304081261,alta_fd,334.385,274.169,260.491,23.8,29.581,5.1,0.15
2021-12-27 17:00:00,2021,12,27,17,222.53998026077758,207.0,28.0,0.9301699396100985,alta_fd,204.3,168.676,158.735,22.0,26.352,3.6,0.15
2021-12-27 18:00:00,2021,12,27,18,90.0,90.0,0.0,1.0,alta_fd,83.493,68.496,62.106,20.0,22.105,2.6,0.15
2021-12-27 19:00:00,2021,12,27,19,10.0,10.0,0.0,,,9.448,5.819,1.649,19.0,19.247,2.1,0.15
2021-12-27 20:00:00,2021,12,27,20,0.0,0.0,0.0,,,0.0,0.0,0.0,17.0,17.0,3.1,0.15
2021-12-27 21:00:00,2021,12,27,21,0.0,0.0,0.0,,,0.0,0.0,0.0,15.0,15.0,3.6,0.15
2021-12-27 22:00:00,2021,12,27,22,0.0,0.0,0.0,,,0.0,0.0,0.0,14.4,14.4,3.6,0.15
2021-12-27 23:00:00,2021,12,27,23,0.0,0.0,0.0,,,0.0,0.0,0.0,14.0,14.0,4.1,0.15
2021-12-28 00:00:00,2021,12,28,0,0.0,0.0,0.0,,,0.0,0.0,0.0,13.0,13.0,2.6,0.15
2021-12-28 01:00:00,2021,12,28,1,0.0,0.0,0.0,,,0.0,0.0,0.0,12.0,12.0,2.6,0.15
2021-12-28 02:00:00,2021,12,28,2,0.0,0.0,0.0,,,0.0,0.0,0.0,12.0,12.0,2.6,0.15
2021-12-28 03:00:00,2021,12,28,3,0.0,0.0,0.0,,,0.0,0.0,0.0,12.0,12.0,2.1,0.15
2021-12-28 04:00:00,2021,12,28,4,0.0,0.0,0.0,,,0.0,0.0,0.0,11.0,11.0,2.1,0.15
2021-12-28 05:00:00,2021,12,28,5,3.0,3.0,0.0,,,2.91,1.537,0.0,10.0,10.092,1.0,0.15
2021-12-28 06:00:00,2021,12,28,6,68.25085318227241,64.0,62.0,0.937717215476853,alta_fd,57.494,45.81,40.223,12.0,14.012,1.0,0.15
2021-12-28 07:00:00,2021,12,28,7,243.79540865221117,159.0,316.0,0.6521861952979725,mixto,232.076,187.066,176.474,13.7,22.991,0.5,0.15
2021-12-28 08:00:00,2021,12,28,8,457.64558129193864,177.0,604.0,0.38676217412681446,mixto,469.288,383.323,365.777,17.0,36.035,0.5,0.15
2021-12-28 09:00:00,2021,12,28,9,673.0646563325621,161.0,795.0,0.23920435947010965,baja_fd,709.871,561.415,537.558,19.0,44.117,1.0,0.15
2021-12-28 10:00:00,2021,12,28,10,861.132044763191,158.0,885.0,0.18347941057454153,baja_fd,907.36,686.722,658.426,20.8,52.847,1.0,0.15
2021-12-28 11:00:00,2021,12,28,11,996.3764750192339,156.0,928.0,0.15656732561553965,baja_fd,1032.626,804.727,772.249,24.0,44.393,4.1,0.15
2021-12-28 12:00:00,2021,12,28,12,1073.6476253869932,164.0,938.0,0.1527503029132921,baja_fd,1091.164,845.318,811.401,25.0,45.11,4.6,0.15
2021-12-28 13:00:00,2021,12,28,13,1084.6266077693522,154.0,947.0,0.14198434640720928,baja_fd,1076.115,820.088,787.065,26.5,49.37,3.6,0.15
2021-12-28 14:00:00,2021,12,28,14,1017.7974571088508,146.0,924.0,0.14344700802724217,baja_fd,976.994,750.022,719.482,28.0,48.78,3.6,0.15
2021-12-28 15:00:00,2021,12,28,15,885.0814609842593,126.0,888.0,0.14235977766372043,baja_fd,809.461,650.932,623.903,27.0,39.34,6.2,0.15
2021-12-28 16:00:00,2021,12,28,16,685.4710831471466,142.0,752.0,0.20715680572263845,baja_fd,587.309,482.246,461.195,26.9,35.872,6.2,0.15
2021-12-28 17:00:00,2021,12,28,17,438.8655824179636,143.0,532.0,0.32584008801084496,mixto,338.92,275.65,261.919,26.0,29.42,10.8,0.15
2021-12-28 18:00:00,2021,12,28,18,180.127528548507,105.0,205.0,0.5829203389737526,mixto,124.694,93.359,86.087,24.0,25.761,6.7,0.15
2021-12-28 19:00:00,2021,12,28,19,18.0,18.0,0.0,1.0,alta_fd,17.035,10.784,6.438,21.8,22.047,6.2,0.15
2021-12-28 20:00:00,2021,12,28,20,0.0,0.0,0.0,,,0.0,0.0,0.0,21.0,21.0,5.7,0.15
2021-12-28 21:00:00,2021,12,28,21,0.0,0.0,0.0,,,0.0,0.0,0.0,20.0,20.0,3.1,0.15
2021-12-28 22:00:00,2021,12,28,22,0.0,0.0,0.0,,,0.0,0.0,0.0,17.8,17.8,3.6,0.15
2021-12-28 23:00:00,2021,12,28,23,0.0,0.0,0.0,,,0.0,0.0,0.0,17.0,17.0,2.6,0.15
2021-12-29 00:00:00,2021,12,29,0,0.0,0.0,0.0,,,0.0,0.0,0.0,16.0,16.0,2.1,0.15
2021-12-29 01:00:00,2021,12,29,1,0.0,0.0,0.0,,,0.0,0.0,0.0,14.4,14.4,1.5,0.15
2021-12-29 02:00:00,2021,12,29,2,0.0,0.0,0.0,,,0.0,0.0,0.0,14.0,14.0,0.5,0.15
2021-12-29 03:00:00,2021,12,29,3,0.0,0.0,0.0,,,0.0,0.0,0.0,13.2,13.2,0.2,0.15
2021-12-29 04:00:00,2021,12,29,4,0.0,0.0,0.0,,,0.0,0.0,0.0,12.5,12.5,0.0,0.15
2021-12-29 05:00:00,2021,12,29,5,3.0,3.0,0.0,,,2.91,1.52,0.0,12.0,12.124,0.0,0.15
2021-12-29 06:00:00,2021,12,29,6,66.85110229586876,63.0,58.0,0.9423928377601823,alta_fd,56.316,44.746,39.197,13.0,14.972,1.0,0.15
2021-12-29 07:00:00,2021,12,29,7,241.06401182841972,158.0,312.0,0.6554275721274333,mixto,229.411,182.574,172.141,16.8,25.983,0.5,0.15
2021-12-29 08:00:00,2021,12,29,8,455.5459777226664,177.0,602.0,0.38854475432940055,mixto,467.221,380.728,363.274,20.0,36.546,1.0,0.15
2021-12-29 09:00:00,2021,12,29,9,669.5894762656849,164.0,787.0,0.2449261910665496,baja_fd,706.232,541.275,518.131,23.0,51.618,0.5,0.15
2021-12-29 10:00:00,2021,12,29,10,856.604439612854,161.0,877.0,0.18795139571394778,baja_fd,902.779,656.01,628.802,25.7,62.218,0.5,0.15
2021-12-29 11:00:00,2021,12,29,11,997.6505489500498,150.0,937.0,0.15035324759542648,baja_fd,1034.961,788.24,756.346,28.0,50.002,3.6,0.15
2021-12-29 12:00:00,2021,12,29,12,1074.020017904039,160.0,943.0,0.1489730147788508,baja_fd,1092.392,816.186,783.301,28.7,53.832,3.1,0.15
2021-12-29 13:00:00,2021,12,29,13,1082.589017009634,154.0,945.0,0.14225158169938237,baja_fd,1074.697,802.792,770.382,29.4,54.13,3.1,0.15
2021-12-29 14:00:00,2021,12,29,14,1018.0950015793777,146.0,924.0,0.1434050847646921,baja_fd,977.917,760.154,729.255,30.0,45.745,5.7,0.15
2021-12-29 15:00:00,2021,12,29,15,886.6696062064626,127.0,888.0,0.14323260785193512,baja_fd,811.643,640.303,613.651,30.0,44.066,5.1,0.15
2021-12-29 16:00:00,2021,12,29,16,687.3093338910019,154.0,737.0,0.22406213971833294,baja_fd,591.404,479.457,458.505,29.9,38.933,6.2,0.15
2021-12-29 17:00:00,2021,12,29,17,438.8380458109807,158.0,504.0,0.36004170902733174,mixto,343.218,274.625,260.93,28.4,33.975,5.6,0.15
2021-12-29 18:00:00,2021,12,29,18,178.59551118022728,115.0,173.0,0.6439131601910716,mixto,129.487,97.428,90.012,27.0,29.205,5.1,0.15
2021-12-29 19:00:00,2021,12,29,19,18.0,18.0,0.0,1.0,alta_fd,17.034,10.693,6.35,25.4,25.7,4.6,0.15
2021-12-29 20:00:00,2021,12,29,20,0.0,0.0,0.0,,,0.0,0.0,0.0,24.0,24.0,3.1,0.15
2021-12-29 21:00:00,2021,12,29,21,0.0,0.0,0.0,,,0.0,0.0,0.0,23.0,23.0,1.5,0.15
2021-12-29 22:00:00,2021,12,29,22,0.0,0.0,0.0,,,0.0,0.0,0.0,20.8,20.8,2.1,0.15
2021-12-29 23:00:00,2021,12,29,23,0.0,0.0,0.0,,,0.0,0.0,0.0,20.0,20.0,1.5,0.15
2021-12-30 00:00:00,2021,12,30,0,0.0,0.0,0.0,,,0.0,0.0,0.0,18.0,18.0,1.0,0.15
2021-12-30 01:00:00,2021,12,30,1,0.0,0.0,0.0,,,0.0,0.0,0.0,16.0,16.0,1.5,0.15
2021-12-30 02:00:00,2021,12,30,2,0.0,0.0,0.0,,,0.0,0.0,0.0,16.0,16.0,1.5,0.15
2021-12-30 03:00:00,2021,12,30,3,0.0,0.0,0.0,,,0.0,0.0,0.0,16.0,16.0,0.5,0.15
2021-12-30 04:00:00,2021,12,30,4,0.0,0.0,0.0,,,0.0,0.0,0.0,13.6,13.6,0.0,0.15
2021-12-30 05:00:00,2021,12,30,5,3.0,3.0,0.0,,,2.91,1.521,0.0,12.0,12.106,0.5,0.15
2021-12-30 06:00:00,2021,12,30,6,67.20838488534027,64.0,50.0,0.9522621337975332,alta_fd,58.0,46.182,40.582,14.0,16.034,1.0,0.15
2021-12-30 07:00:00,2021,12,30,7,239.59628720381176,158.0,309.0,0.659442605909823,mixto,227.923,180.46,170.103,18.0,27.123,0.5,0.15
2021-12-30 08:00:00,2021,12,30,8,458.1551560816767,202.0,556.0,0.4408986722480296,mixto,467.267,368.626,351.601,22.0,44.152,0.0,0.15
2021-12-30 09:00:00,2021,12,30,9,675.2974904573496,189.0,759.0,0.27987665091424896,baja_fd,710.432,539.078,516.013,25.0,53.782,0.5,0.15
2021-12-30 10:00:00,2021,12,30,10,861.5280688094542,179.0,862.0,0.20777036347447173,baja_fd,907.045,665.788,638.233,27.8,59.832,1.0,0.15
2021-12-30 11:00:00,2021,12,30,11,998.9775303578456,145.0,945.0,0.1451484098426711,baja_fd,1037.303,761.645,730.693,30.0,58.615,2.1,0.15
2021-12-30 12:00:00,2021,12,30,12,1070.7679360421362,165.0,935.0,0.1540950139111254,baja_fd,1089.327,815.006,782.164,32.0,53.502,4.1,0.15
2021-12-30 13:00:00,2021,12,30,13,1081.5590369676959,157.0,941.0,0.1451608230653518,baja_fd,1074.212,806.228,773.696,33.2,53.002,4.6,0.15
2021-12-30 14:00:00,2021,12,30,14,1016.7522783459298,151.0,917.0,0.14851208422729026,baja_fd,977.366,743.156,712.859,33.0,51.031,4.6,0.15
2021-12-30 15:00:00,2021,12,30,15,880.9333754285491,119.0,890.0,0.13508399536129492,baja_fd,806.602,634.919,608.458,33.0,44.659,6.7,0.15
2021-12-30 16:00:00,2021,12,30,16,686.1960012648902,145.0,747.0,0.2113098877474019,baja_fd,589.808,474.437,453.662,31.4,40.931,5.7,0.15
2021-12-30 17:00:00,2021,12,30,17,441.0990045927928,143.0,534.0,0.32419025776766963,mixto,341.679,271.837,258.241,30.0,35.185,6.2,0.15
2021-12-30 18:00:00,2021,12,30,18,182.31284126104413,106.0,207.0,0.5814181780438834,mixto,126.753,93.355,86.083,28.0,29.998,5.7,0.15
2021-12-30 19:00:00,2021,12,30,19,18.0,18.0,0.0,1.0,alta_fd,17.034,10.82,6.473,24.8,25.062,5.7,0.15
2021-12-30 20:00:00,2021,12,30,20,0.0,0.0,0.0,,,0.0,0.0,0.0,24.0,24.0,5.1,0.15
2021-12-30 21:00:00,2021,12,30,21,0.0,0.0,0.0,,,0.0,0.0,0.0,21.0,21.0,4.1,0.15
2021-12-30 22:00:00,2021,12,30,22,0.0,0.0,0.0,,,0.0,0.0,0.0,19.0,19.0,3.6,0.15
2021-12-30 23:00:00,2021,12,30,23,0.0,0.0,0.0,,,0.0,0.0,0.0,18.0,18.0,3.6,0.15
2021-12-31 00:00:00,2021,12,31,0,0.0,0.0,0.0,,,0.0,0.0,0.0,17.0,17.0,3.1,0.15
2021-12-31 01:00:00,2021,12,31,1,0.0,0.0,0.0,,,0.0,0.0,0.0,15.0,15.0,3.6,0.15
2021-12-31 02:00:00,2021,12,31,2,0.0,0.0,0.0,,,0.0,0.0,0.0,14.0,14.0,2.6,0.15
2021-12-31 03:00:00,2021,12,31,3,0.0,0.0,0.0,,,0.0,0.0,0.0,14.0,14.0,1.5,0.15
2021-12-31 04:00:00,2021,12,31,4,0.0,0.0,0.0,,,0.0,0.0,0.0,13.1,13.1,2.1,0.15
2021-12-31 05:00:00,2021,12,31,5,3.0,3.0,0.0,,,2.91,1.521,0.0,12.0,12.082,1.5,0.15
2021-12-31 06:00:00,2021,12,31,6,64.27923017440219,61.0,53.0,0.9489846072284159,alta_fd,55.591,43.925,38.405,15.0,16.948,1.0,0.15
2021-12-31 07:00:00,2021,12,31,7,237.38682342819226,157.0,307.0,0.6613677951147584,mixto,225.824,181.267,170.88,15.6,23.491,1.0,0.15
2021-12-31 08:00:00,2021,12,31,8,450.74689158304716,176.0,599.0,0.39046303654336606,mixto,462.677,378.865,361.477,18.8,35.183,1.0,0.15
2021-12-31 09:00:00,2021,12,31,9,666.1343248135506,162.0,789.0,0.2431941936715893,baja_fd,703.471,556.522,532.838,22.0,44.089,1.5,0.15
2021-12-31 10:00:00,2021,12,31,10,854.3402106057017,158.0,881.0,0.18493803526815472,baja_fd,901.579,690.753,662.314,25.1,49.996,2.1,0.15
2021-12-31 11:00:00,2021,12,31,11,994.9171248271592,150.0,936.0,0.15076632641744767,baja_fd,1033.28,774.119,742.725,28.0,53.931,2.6,0.15
2021-12-31 12:00:00,2021,12,31,12,1072.117270662499,163.0,939.0,0.15203560698101296,baja_fd,1091.511,783.119,751.406,29.0,63.159,1.5,0.15
2021-12-31 13:00:00,2021,12,31,13,1081.4668580211287,159.0,939.0,0.14702253593876993,baja_fd,1074.732,804.393,771.927,30.8,53.639,3.6,0.15
2021-12-31 14:00:00,2021,12,31,14,1016.039984805236,151.0,916.0,0.14861619843528606,baja_fd,977.405,749.402,718.884,31.0,49.031,4.6,0.15
2021-12-31 15:00:00,2021,12,31,15,881.7511661063338,151.0,853.0,0.17125012793211358,baja_fd,813.381,635.952,609.454,31.0,46.027,4.6,0.15
2021-12-31 16:00:00,2021,12,31,16,687.0825355706996,146.0,746.0,0.21249266637046815,baja_fd,591.442,479.003,458.067,30.2,39.234,6.2,0.15
2021-12-31 17:00:00,2021,12,31,17,442.0510377725079,144.0,533.0,0.32575424033752975,mixto,343.214,274.005,260.332,29.0,34.51,5.7,0.15
2021-12-31 18:00:00,2021,12,31,18,183.88615970348866,107.0,208.0,0.5818817477755506,mixto,128.209,95.008,87.678,26.7,28.873,5.1,0.15
2021-12-31 19:00:00,2021,12,31,19,18.0,18.0,0.0,1.0,alta_fd,17.033,10.882,6.533,25.2,25.378,9.8,0.15
2021-12-31 20:00:00,2021,12,31,20,0.0,0.0,0.0,,,0.0,0.0,0.0,23.6,23.6,3.1,0.15
2021-12-31 21:00:00,2021,12,31,21,0.0,0.0,0.0,,,0.0,0.0,0.0,21.9,21.9,3.1,0.15
2021-12-31 22:00:00,2021,12,31,22,0.0,0.0,0.0,,,0.0,0.0,0.0,20.1,20.1,2.6,0.15
2021-12-31 23:00:00,2021,12,31,23,0.0,0.0,0.0,,,0.0,0.0,0.0,18.3,18.3,2.6,0.15
